Scope,Dataset,Asset_ID,Provider,Provider_Symbol,Effective_Start,Effective_End,Status,Requested_Start,Requested_End,Observation_Count,Observation_Start,Observation_End,Attempted_At_UTC,Client,Client_Version,HTTP_Status,Error_Class,Error_Message,Migration_Note
shared,sectors,S&P 500,wikipedia,List of S&P 500 companies,2015-01-31,2015-01-31,ok,2015-01-31,2015-01-31,502,2015-01-31,2015-01-31,2026-08-05T20:07:58.787564Z,requests,2.32.5,200,,,
shared,sectors,S&P 500,wikipedia,List of S&P 500 companies,2015-02-28,2015-02-28,ok,2015-02-28,2015-02-28,502,2015-02-28,2015-02-28,2026-08-05T20:08:02.208496Z,requests,2.32.5,200,,,
shared,sectors,S&P 500,wikipedia,List of S&P 500 companies,2015-03-31,2015-03-31,ok,2015-03-31,2015-03-31,502,2015-03-31,2015-03-31,2026-08-05T20:08:05.081020Z,requests,2.32.5,200,,,
shared,sectors,S&P 500,wikipedia,List of S&P 500 companies,2015-04-30,2015-04-30,ok,2015-04-30,2015-04-30,502,2015-04-30,2015-04-30,2026-08-05T20:08:07.953314Z,requests,2.32.5,200,,,
shared,sectors,S&P 500,wikipedia,List of S&P 500 companies,2015-05-31,2015-05-31,ok,2015-05-31,2015-05-31,502,2015-05-31,2015-05-31,2026-08-05T20:08:11.107956Z,requests,2.32.5,200,,,
shared,sectors,S&P 500,wikipedia,List of S&P 500 companies,2015-06-30,2015-06-30,ok,2015-06-30,2015-06-30,502,2015-06-30,2015-06-30,2026-08-05T20:08:13.804323Z,requests,2.32.5,200,,,
shared,sectors,S&P 500,wikipedia,List of S&P 500 companies,2015-07-31,2015-07-31,ok,2015-07-31,2015-07-31,502,2015-07-31,2015-07-31,2026-08-05T20:08:16.720739Z,requests,2.32.5,200,,,
shared,sectors,S&P 500,wikipedia,List of S&P 500 companies,2015-08-31,2015-08-31,ok,2015-08-31,2015-08-31,502,2015-08-31,2015-08-31,2026-08-05T20:08:19.770317Z,requests,2.32.5,200,,,
shared,sectors,S&P 500,wikipedia,List of S&P 500 companies,2015-09-30,2015-09-30,ok,2015-09-30,2015-09-30,505,2015-09-30,2015-09-30,2026-08-05T20:08:23.194705Z,requests,2.32.5,200,,,
shared,sectors,S&P 500,wikipedia,List of S&P 500 companies,2015-10-31,2015-10-31,ok,2015-10-31,2015-10-31,505,2015-10-31,2015-10-31,2026-08-05T20:08:26.393202Z,requests,2.32.5,200,,,
shared,sectors,S&P 500,wikipedia,List of S&P 500 companies,2015-11-30,2015-11-30,ok,2015-11-30,2015-11-30,505,2015-11-30,2015-11-30,2026-08-05T20:08:29.578884Z,requests,2.32.5,200,,,
shared,sectors,S&P 500,wikipedia,List of S&P 500 companies,2015-12-31,2015-12-31,ok,2015-12-31,2015-12-31,504,2015-12-31,2015-12-31,2026-08-05T20:08:32.743194Z,requests,2.32.5,200,,,
shared,sectors,S&P 500,wikipedia,List of S&P 500 companies,2016-01-31,2016-01-31,ok,2016-01-31,2016-01-31,504,2016-01-31,2016-01-31,2026-08-05T20:08:35.546263Z,requests,2.32.5,200,,,
shared,sectors,S&P 500,wikipedia,List of S&P 500 companies,2016-02-29,2016-02-29,ok,2016-02-29,2016-02-29,504,2016-02-29,2016-02-29,2026-08-05T20:08:38.504355Z,requests,2.32.5,200,,,
shared,sectors,S&P 500,wikipedia,List of S&P 500 companies,2016-03-31,2016-03-31,ok,2016-03-31,2016-03-31,504,2016-03-31,2016-03-31,2026-08-05T20:08:41.630730Z,requests,2.32.5,200,,,
shared,sectors,S&P 500,wikipedia,List of S&P 500 companies,2016-04-30,2016-04-30,ok,2016-04-30,2016-04-30,504,2016-04-30,2016-04-30,2026-08-05T20:08:44.568319Z,requests,2.32.5,200,,,
shared,sectors,S&P 500,wikipedia,List of S&P 500 companies,2016-05-31,2016-05-31,ok,2016-05-31,2016-05-31,504,2016-05-31,2016-05-31,2026-08-05T20:08:47.357421Z,requests,2.32.5,200,,,
shared,sectors,S&P 500,wikipedia,List of S&P 500 companies,2016-06-30,2016-06-30,ok,2016-06-30,2016-06-30,504,2016-06-30,2016-06-30,2026-08-05T20:08:50.637159Z,requests,2.32.5,200,,,
shared,sectors,S&P 500,wikipedia,List of S&P 500 companies,2016-07-31,2016-07-31,ok,2016-07-31,2016-07-31,504,2016-07-31,2016-07-31,2026-08-05T20:08:53.611288Z,requests,2.32.5,200,,,
shared,sectors,S&P 500,wikipedia,List of S&P 500 companies,2016-08-31,2016-08-31,ok,2016-08-31,2016-08-31,505,2016-08-31,2016-08-31,2026-08-05T20:08:56.561071Z,requests,2.32.5,200,,,
shared,sectors,S&P 500,wikipedia,List of S&P 500 companies,2016-09-30,2016-09-30,ok,2016-09-30,2016-09-30,505,2016-09-30,2016-09-30,2026-08-05T20:08:59.236052Z,requests,2.32.5,200,,,
shared,sectors,S&P 500,wikipedia,List of S&P 500 companies,2016-10-31,2016-10-31,ok,2016-10-31,2016-10-31,505,2016-10-31,2016-10-31,2026-08-05T20:09:02.002027Z,requests,2.32.5,200,,,
shared,sectors,S&P 500,wikipedia,List of S&P 500 companies,2016-11-30,2016-11-30,ok,2016-11-30,2016-11-30,505,2016-11-30,2016-11-30,2026-08-05T20:09:04.853949Z,requests,2.32.5,200,,,
shared,sectors,S&P 500,wikipedia,List of S&P 500 companies,2016-12-31,2016-12-31,ok,2016-12-31,2016-12-31,505,2016-12-31,2016-12-31,2026-08-05T20:09:07.642013Z,requests,2.32.5,200,,,
shared,sectors,S&P 500,wikipedia,List of S&P 500 companies,2017-01-31,2017-01-31,ok,2017-01-31,2017-01-31,505,2017-01-31,2017-01-31,2026-08-05T20:09:10.311427Z,requests,2.32.5,200,,,
shared,sectors,S&P 500,wikipedia,List of S&P 500 companies,2017-02-28,2017-02-28,ok,2017-02-28,2017-02-28,505,2017-02-28,2017-02-28,2026-08-05T20:09:13.420729Z,requests,2.32.5,200,,,
shared,sectors,S&P 500,wikipedia,List of S&P 500 companies,2017-03-31,2017-03-31,ok,2017-03-31,2017-03-31,505,2017-03-31,2017-03-31,2026-08-05T20:09:16.136706Z,requests,2.32.5,200,,,
shared,sectors,S&P 500,wikipedia,List of S&P 500 companies,2017-04-30,2017-04-30,ok,2017-04-30,2017-04-30,505,2017-04-30,2017-04-30,2026-08-05T20:09:19.023283Z,requests,2.32.5,200,,,
shared,sectors,S&P 500,wikipedia,List of S&P 500 companies,2017-05-31,2017-05-31,ok,2017-05-31,2017-05-31,505,2017-05-31,2017-05-31,2026-08-05T20:09:21.726743Z,requests,2.32.5,200,,,
shared,sectors,S&P 500,wikipedia,List of S&P 500 companies,2017-06-30,2017-06-30,ok,2017-06-30,2017-06-30,505,2017-06-30,2017-06-30,2026-08-05T20:09:24.570848Z,requests,2.32.5,200,,,
shared,sectors,S&P 500,wikipedia,List of S&P 500 companies,2017-07-31,2017-07-31,ok,2017-07-31,2017-07-31,505,2017-07-31,2017-07-31,2026-08-05T20:09:27.455122Z,requests,2.32.5,200,,,
shared,sectors,S&P 500,wikipedia,List of S&P 500 companies,2017-08-31,2017-08-31,ok,2017-08-31,2017-08-31,505,2017-08-31,2017-08-31,2026-08-05T20:09:30.710431Z,requests,2.32.5,200,,,
shared,sectors,S&P 500,wikipedia,List of S&P 500 companies,2017-09-30,2017-09-30,ok,2017-09-30,2017-09-30,505,2017-09-30,2017-09-30,2026-08-05T20:09:34.106428Z,requests,2.32.5,200,,,
shared,sectors,S&P 500,wikipedia,List of S&P 500 companies,2017-10-31,2017-10-31,ok,2017-10-31,2017-10-31,505,2017-10-31,2017-10-31,2026-08-05T20:09:37.054974Z,requests,2.32.5,200,,,
shared,sectors,S&P 500,wikipedia,List of S&P 500 companies,2017-11-30,2017-11-30,ok,2017-11-30,2017-11-30,505,2017-11-30,2017-11-30,2026-08-05T20:09:39.814871Z,requests,2.32.5,200,,,
shared,sectors,S&P 500,wikipedia,List of S&P 500 companies,2017-12-31,2017-12-31,ok,2017-12-31,2017-12-31,505,2017-12-31,2017-12-31,2026-08-05T20:09:42.872271Z,requests,2.32.5,200,,,
shared,sectors,S&P 500,wikipedia,List of S&P 500 companies,2018-01-31,2018-01-31,ok,2018-01-31,2018-01-31,505,2018-01-31,2018-01-31,2026-08-05T20:09:45.497681Z,requests,2.32.5,200,,,
shared,sectors,S&P 500,wikipedia,List of S&P 500 companies,2018-02-28,2018-02-28,ok,2018-02-28,2018-02-28,505,2018-02-28,2018-02-28,2026-08-05T20:09:48.705412Z,requests,2.32.5,200,,,
shared,sectors,S&P 500,wikipedia,List of S&P 500 companies,2018-03-31,2018-03-31,ok,2018-03-31,2018-03-31,505,2018-03-31,2018-03-31,2026-08-05T20:09:51.794040Z,requests,2.32.5,200,,,
shared,sectors,S&P 500,wikipedia,List of S&P 500 companies,2018-04-30,2018-04-30,ok,2018-04-30,2018-04-30,505,2018-04-30,2018-04-30,2026-08-05T20:09:54.683180Z,requests,2.32.5,200,,,
shared,sectors,S&P 500,wikipedia,List of S&P 500 companies,2018-05-31,2018-05-31,ok,2018-05-31,2018-05-31,505,2018-05-31,2018-05-31,2026-08-05T20:09:57.829734Z,requests,2.32.5,200,,,
shared,sectors,S&P 500,wikipedia,List of S&P 500 companies,2018-06-30,2018-06-30,ok,2018-06-30,2018-06-30,505,2018-06-30,2018-06-30,2026-08-05T20:10:00.936987Z,requests,2.32.5,200,,,
shared,sectors,S&P 500,wikipedia,List of S&P 500 companies,2018-07-31,2018-07-31,ok,2018-07-31,2018-07-31,505,2018-07-31,2018-07-31,2026-08-05T20:10:03.948731Z,requests,2.32.5,200,,,
shared,sectors,S&P 500,wikipedia,List of S&P 500 companies,2018-08-31,2018-08-31,ok,2018-08-31,2018-08-31,505,2018-08-31,2018-08-31,2026-08-05T20:10:07.646999Z,requests,2.32.5,200,,,
shared,sectors,S&P 500,wikipedia,List of S&P 500 companies,2018-09-30,2018-09-30,ok,2018-09-30,2018-09-30,505,2018-09-30,2018-09-30,2026-08-05T20:10:12.470453Z,requests,2.32.5,200,,,
shared,sectors,S&P 500,wikipedia,List of S&P 500 companies,2018-10-31,2018-10-31,ok,2018-10-31,2018-10-31,505,2018-10-31,2018-10-31,2026-08-05T20:10:15.724687Z,requests,2.32.5,200,,,
shared,sectors,S&P 500,wikipedia,List of S&P 500 companies,2018-11-30,2018-11-30,ok,2018-11-30,2018-11-30,505,2018-11-30,2018-11-30,2026-08-05T20:10:18.979910Z,requests,2.32.5,200,,,
shared,sectors,S&P 500,wikipedia,List of S&P 500 companies,2018-12-31,2018-12-31,ok,2018-12-31,2018-12-31,505,2018-12-31,2018-12-31,2026-08-05T20:10:22.829084Z,requests,2.32.5,200,,,
shared,sectors,S&P 500,wikipedia,List of S&P 500 companies,2019-01-31,2019-01-31,ok,2019-01-31,2019-01-31,505,2019-01-31,2019-01-31,2026-08-05T20:10:27.575814Z,requests,2.32.5,200,,,
shared,sectors,S&P 500,wikipedia,List of S&P 500 companies,2019-02-28,2019-02-28,ok,2019-02-28,2019-02-28,505,2019-02-28,2019-02-28,2026-08-05T20:10:32.004493Z,requests,2.32.5,200,,,
shared,sectors,S&P 500,wikipedia,List of S&P 500 companies,2019-03-31,2019-03-31,ok,2019-03-31,2019-03-31,505,2019-03-31,2019-03-31,2026-08-05T20:10:37.124258Z,requests,2.32.5,200,,,
shared,sectors,S&P 500,wikipedia,List of S&P 500 companies,2019-04-30,2019-04-30,ok,2019-04-30,2019-04-30,505,2019-04-30,2019-04-30,2026-08-05T20:10:40.514318Z,requests,2.32.5,200,,,
shared,sectors,S&P 500,wikipedia,List of S&P 500 companies,2019-05-31,2019-05-31,ok,2019-05-31,2019-05-31,505,2019-05-31,2019-05-31,2026-08-05T20:10:46.723791Z,requests,2.32.5,200,,,
shared,sectors,S&P 500,wikipedia,List of S&P 500 companies,2019-06-30,2019-06-30,ok,2019-06-30,2019-06-30,505,2019-06-30,2019-06-30,2026-08-05T20:10:50.824039Z,requests,2.32.5,200,,,
shared,sectors,S&P 500,wikipedia,List of S&P 500 companies,2019-07-31,2019-07-31,ok,2019-07-31,2019-07-31,505,2019-07-31,2019-07-31,2026-08-05T20:10:54.729779Z,requests,2.32.5,200,,,
shared,sectors,S&P 500,wikipedia,List of S&P 500 companies,2019-08-31,2019-08-31,ok,2019-08-31,2019-08-31,505,2019-08-31,2019-08-31,2026-08-05T20:10:59.368081Z,requests,2.32.5,200,,,
shared,sectors,S&P 500,wikipedia,List of S&P 500 companies,2019-09-30,2019-09-30,ok,2019-09-30,2019-09-30,505,2019-09-30,2019-09-30,2026-08-05T20:11:02.450921Z,requests,2.32.5,200,,,
shared,sectors,S&P 500,wikipedia,List of S&P 500 companies,2019-10-31,2019-10-31,ok,2019-10-31,2019-10-31,505,2019-10-31,2019-10-31,2026-08-05T20:11:05.522539Z,requests,2.32.5,200,,,
shared,sectors,S&P 500,wikipedia,List of S&P 500 companies,2019-11-30,2019-11-30,ok,2019-11-30,2019-11-30,505,2019-11-30,2019-11-30,2026-08-05T20:11:08.200497Z,requests,2.32.5,200,,,
shared,sectors,S&P 500,wikipedia,List of S&P 500 companies,2019-12-31,2019-12-31,ok,2019-12-31,2019-12-31,505,2019-12-31,2019-12-31,2026-08-05T20:11:11.575942Z,requests,2.32.5,200,,,
shared,sectors,S&P 500,wikipedia,List of S&P 500 companies,2020-01-31,2020-01-31,ok,2020-01-31,2020-01-31,505,2020-01-31,2020-01-31,2026-08-05T20:11:14.464068Z,requests,2.32.5,200,,,
shared,sectors,S&P 500,wikipedia,List of S&P 500 companies,2020-02-29,2020-02-29,ok,2020-02-29,2020-02-29,505,2020-02-29,2020-02-29,2026-08-05T20:11:18.159303Z,requests,2.32.5,200,,,
shared,sectors,S&P 500,wikipedia,List of S&P 500 companies,2020-03-31,2020-03-31,ok,2020-03-31,2020-03-31,505,2020-03-31,2020-03-31,2026-08-05T20:11:22.074579Z,requests,2.32.5,200,,,
shared,sectors,S&P 500,wikipedia,List of S&P 500 companies,2020-04-30,2020-04-30,ok,2020-04-30,2020-04-30,505,2020-04-30,2020-04-30,2026-08-05T20:11:25.194391Z,requests,2.32.5,200,,,
shared,sectors,S&P 500,wikipedia,List of S&P 500 companies,2020-05-31,2020-05-31,ok,2020-05-31,2020-05-31,505,2020-05-31,2020-05-31,2026-08-05T20:11:28.176282Z,requests,2.32.5,200,,,
shared,sectors,S&P 500,wikipedia,List of S&P 500 companies,2020-06-30,2020-06-30,ok,2020-06-30,2020-06-30,505,2020-06-30,2020-06-30,2026-08-05T20:11:31.732422Z,requests,2.32.5,200,,,
shared,sectors,S&P 500,wikipedia,List of S&P 500 companies,2020-07-31,2020-07-31,ok,2020-07-31,2020-07-31,505,2020-07-31,2020-07-31,2026-08-05T20:11:34.783065Z,requests,2.32.5,200,,,
shared,sectors,S&P 500,wikipedia,List of S&P 500 companies,2020-08-31,2020-08-31,ok,2020-08-31,2020-08-31,505,2020-08-31,2020-08-31,2026-08-05T20:11:37.762046Z,requests,2.32.5,200,,,
shared,sectors,S&P 500,wikipedia,List of S&P 500 companies,2020-09-30,2020-09-30,ok,2020-09-30,2020-09-30,505,2020-09-30,2020-09-30,2026-08-05T20:11:41.022289Z,requests,2.32.5,200,,,
shared,sectors,S&P 500,wikipedia,List of S&P 500 companies,2020-10-31,2020-10-31,ok,2020-10-31,2020-10-31,505,2020-10-31,2020-10-31,2026-08-05T20:11:43.757176Z,requests,2.32.5,200,,,
shared,sectors,S&P 500,wikipedia,List of S&P 500 companies,2020-11-30,2020-11-30,ok,2020-11-30,2020-11-30,505,2020-11-30,2020-11-30,2026-08-05T20:11:46.560862Z,requests,2.32.5,200,,,
shared,sectors,S&P 500,wikipedia,List of S&P 500 companies,2020-12-31,2020-12-31,ok,2020-12-31,2020-12-31,505,2020-12-31,2020-12-31,2026-08-05T20:11:50.923244Z,requests,2.32.5,200,,,
shared,sectors,S&P 500,wikipedia,List of S&P 500 companies,2021-01-31,2021-01-31,ok,2021-01-31,2021-01-31,505,2021-01-31,2021-01-31,2026-08-05T20:11:54.949924Z,requests,2.32.5,200,,,
shared,sectors,S&P 500,wikipedia,List of S&P 500 companies,2021-02-28,2021-02-28,ok,2021-02-28,2021-02-28,505,2021-02-28,2021-02-28,2026-08-05T20:11:58.654247Z,requests,2.32.5,200,,,
shared,sectors,S&P 500,wikipedia,List of S&P 500 companies,2021-03-31,2021-03-31,ok,2021-03-31,2021-03-31,505,2021-03-31,2021-03-31,2026-08-05T20:12:02.153062Z,requests,2.32.5,200,,,
shared,sectors,S&P 500,wikipedia,List of S&P 500 companies,2021-04-30,2021-04-30,ok,2021-04-30,2021-04-30,505,2021-04-30,2021-04-30,2026-08-05T20:12:05.690033Z,requests,2.32.5,200,,,
shared,sectors,S&P 500,wikipedia,List of S&P 500 companies,2021-05-31,2021-05-31,ok,2021-05-31,2021-05-31,505,2021-05-31,2021-05-31,2026-08-05T20:12:10.030774Z,requests,2.32.5,200,,,
shared,sectors,S&P 500,wikipedia,List of S&P 500 companies,2021-06-30,2021-06-30,ok,2021-06-30,2021-06-30,505,2021-06-30,2021-06-30,2026-08-05T20:12:13.939312Z,requests,2.32.5,200,,,
shared,sectors,S&P 500,wikipedia,List of S&P 500 companies,2021-07-31,2021-07-31,ok,2021-07-31,2021-07-31,505,2021-07-31,2021-07-31,2026-08-05T20:12:17.476587Z,requests,2.32.5,200,,,
shared,sectors,S&P 500,wikipedia,List of S&P 500 companies,2021-08-31,2021-08-31,ok,2021-08-31,2021-08-31,505,2021-08-31,2021-08-31,2026-08-05T20:12:21.149644Z,requests,2.32.5,200,,,
shared,sectors,S&P 500,wikipedia,List of S&P 500 companies,2021-09-30,2021-09-30,ok,2021-09-30,2021-09-30,505,2021-09-30,2021-09-30,2026-08-05T20:12:24.712336Z,requests,2.32.5,200,,,
shared,sectors,S&P 500,wikipedia,List of S&P 500 companies,2021-10-31,2021-10-31,ok,2021-10-31,2021-10-31,505,2021-10-31,2021-10-31,2026-08-05T20:12:28.463885Z,requests,2.32.5,200,,,
shared,sectors,S&P 500,wikipedia,List of S&P 500 companies,2021-11-30,2021-11-30,ok,2021-11-30,2021-11-30,505,2021-11-30,2021-11-30,2026-08-05T20:12:33.386760Z,requests,2.32.5,200,,,
shared,sectors,S&P 500,wikipedia,List of S&P 500 companies,2021-12-31,2021-12-31,ok,2021-12-31,2021-12-31,505,2021-12-31,2021-12-31,2026-08-05T20:12:38.089442Z,requests,2.32.5,200,,,
shared,sectors,S&P 500,wikipedia,List of S&P 500 companies,2022-01-31,2022-01-31,ok,2022-01-31,2022-01-31,505,2022-01-31,2022-01-31,2026-08-05T20:12:42.222644Z,requests,2.32.5,200,,,
shared,sectors,S&P 500,wikipedia,List of S&P 500 companies,2022-02-28,2022-02-28,ok,2022-02-28,2022-02-28,505,2022-02-28,2022-02-28,2026-08-05T20:12:46.038649Z,requests,2.32.5,200,,,
shared,sectors,S&P 500,wikipedia,List of S&P 500 companies,2022-03-31,2022-03-31,ok,2022-03-31,2022-03-31,505,2022-03-31,2022-03-31,2026-08-05T20:12:49.914866Z,requests,2.32.5,200,,,
shared,sectors,S&P 500,wikipedia,List of S&P 500 companies,2022-04-30,2022-04-30,ok,2022-04-30,2022-04-30,504,2022-04-30,2022-04-30,2026-08-05T20:12:54.189730Z,requests,2.32.5,200,,,
shared,sectors,S&P 500,wikipedia,List of S&P 500 companies,2022-05-31,2022-05-31,ok,2022-05-31,2022-05-31,504,2022-05-31,2022-05-31,2026-08-05T20:12:58.348291Z,requests,2.32.5,200,,,
shared,sectors,S&P 500,wikipedia,List of S&P 500 companies,2022-06-30,2022-06-30,ok,2022-06-30,2022-06-30,503,2022-06-30,2022-06-30,2026-08-05T20:13:02.013322Z,requests,2.32.5,200,,,
shared,sectors,S&P 500,wikipedia,List of S&P 500 companies,2022-07-31,2022-07-31,ok,2022-07-31,2022-07-31,503,2022-07-31,2022-07-31,2026-08-05T20:13:05.812294Z,requests,2.32.5,200,,,
shared,sectors,S&P 500,wikipedia,List of S&P 500 companies,2022-08-31,2022-08-31,ok,2022-08-31,2022-08-31,503,2022-08-31,2022-08-31,2026-08-05T20:13:09.691909Z,requests,2.32.5,200,,,
shared,sectors,S&P 500,wikipedia,List of S&P 500 companies,2022-09-30,2022-09-30,ok,2022-09-30,2022-09-30,503,2022-09-30,2022-09-30,2026-08-05T20:13:14.017553Z,requests,2.32.5,200,,,
shared,sectors,S&P 500,wikipedia,List of S&P 500 companies,2022-10-31,2022-10-31,ok,2022-10-31,2022-10-31,502,2022-10-31,2022-10-31,2026-08-05T20:13:18.263220Z,requests,2.32.5,200,,,
shared,sectors,S&P 500,wikipedia,List of S&P 500 companies,2022-11-30,2022-11-30,ok,2022-11-30,2022-11-30,503,2022-11-30,2022-11-30,2026-08-05T20:13:22.248953Z,requests,2.32.5,200,,,
shared,sectors,S&P 500,wikipedia,List of S&P 500 companies,2022-12-31,2022-12-31,ok,2022-12-31,2022-12-31,503,2022-12-31,2022-12-31,2026-08-05T20:13:26.755508Z,requests,2.32.5,200,,,
shared,sectors,S&P 500,wikipedia,List of S&P 500 companies,2023-01-31,2023-01-31,ok,2023-01-31,2023-01-31,503,2023-01-31,2023-01-31,2026-08-05T20:13:30.017079Z,requests,2.32.5,200,,,
shared,sectors,S&P 500,wikipedia,List of S&P 500 companies,2023-02-28,2023-02-28,ok,2023-02-28,2023-02-28,503,2023-02-28,2023-02-28,2026-08-05T20:13:32.915305Z,requests,2.32.5,200,,,
shared,sectors,S&P 500,wikipedia,List of S&P 500 companies,2023-03-31,2023-03-31,ok,2023-03-31,2023-03-31,503,2023-03-31,2023-03-31,2026-08-05T20:13:35.945607Z,requests,2.32.5,200,,,
shared,sectors,S&P 500,wikipedia,List of S&P 500 companies,2023-04-30,2023-04-30,ok,2023-04-30,2023-04-30,503,2023-04-30,2023-04-30,2026-08-05T20:13:38.931467Z,requests,2.32.5,200,,,
shared,sectors,S&P 500,wikipedia,List of S&P 500 companies,2023-05-31,2023-05-31,ok,2023-05-31,2023-05-31,503,2023-05-31,2023-05-31,2026-08-05T20:13:42.049749Z,requests,2.32.5,200,,,
shared,sectors,S&P 500,wikipedia,List of S&P 500 companies,2023-06-30,2023-06-30,ok,2023-06-30,2023-06-30,503,2023-06-30,2023-06-30,2026-08-05T20:13:44.759115Z,requests,2.32.5,200,,,
shared,sectors,S&P 500,wikipedia,List of S&P 500 companies,2023-07-31,2023-07-31,ok,2023-07-31,2023-07-31,503,2023-07-31,2023-07-31,2026-08-05T20:13:47.574310Z,requests,2.32.5,200,,,
shared,sectors,S&P 500,wikipedia,List of S&P 500 companies,2023-08-31,2023-08-31,ok,2023-08-31,2023-08-31,503,2023-08-31,2023-08-31,2026-08-05T20:13:50.716576Z,requests,2.32.5,200,,,
shared,sectors,S&P 500,wikipedia,List of S&P 500 companies,2023-09-30,2023-09-30,ok,2023-09-30,2023-09-30,503,2023-09-30,2023-09-30,2026-08-05T20:13:53.483960Z,requests,2.32.5,200,,,
shared,sectors,S&P 500,wikipedia,List of S&P 500 companies,2023-10-31,2023-10-31,ok,2023-10-31,2023-10-31,503,2023-10-31,2023-10-31,2026-08-05T20:13:56.512697Z,requests,2.32.5,200,,,
shared,sectors,S&P 500,wikipedia,List of S&P 500 companies,2023-11-30,2023-11-30,ok,2023-11-30,2023-11-30,503,2023-11-30,2023-11-30,2026-08-05T20:13:59.390266Z,requests,2.32.5,200,,,
shared,sectors,S&P 500,wikipedia,List of S&P 500 companies,2023-12-31,2023-12-31,ok,2023-12-31,2023-12-31,503,2023-12-31,2023-12-31,2026-08-05T20:14:02.486437Z,requests,2.32.5,200,,,
shared,sectors,S&P 500,wikipedia,List of S&P 500 companies,2024-01-31,2024-01-31,ok,2024-01-31,2024-01-31,503,2024-01-31,2024-01-31,2026-08-28T11:29:29.337310Z,requests,2.32.5,200,,,
shared,sectors,S&P 500,wikipedia,List of S&P 500 companies,2024-02-29,2024-02-29,ok,2024-02-29,2024-02-29,503,2024-02-29,2024-02-29,2026-08-28T11:29:45.904184Z,requests,2.32.5,200,,,
shared,sectors,S&P 500,wikipedia,List of S&P 500 companies,2024-03-31,2024-03-31,ok,2024-03-31,2024-03-31,503,2024-03-31,2024-03-31,2026-08-28T11:29:59.623496Z,requests,2.32.5,200,,,
shared,sectors,S&P 500,wikipedia,List of S&P 500 companies,2024-04-30,2024-04-30,ok,2024-04-30,2024-04-30,503,2024-04-30,2024-04-30,2026-08-28T11:30:12.710402Z,requests,2.32.5,200,,,
shared,sectors,S&P 500,wikipedia,List of S&P 500 companies,2024-05-31,2024-05-31,ok,2024-05-31,2024-05-31,503,2024-05-31,2024-05-31,2026-08-28T11:30:37.915071Z,requests,2.32.5,200,,,
shared,sectors,S&P 500,wikipedia,List of S&P 500 companies,2024-06-30,2024-06-30,ok,2024-06-30,2024-06-30,503,2024-06-30,2024-06-30,2026-08-28T11:30:51.039197Z,requests,2.32.5,200,,,
shared,sectors,S&P 500,wikipedia,List of S&P 500 companies,2024-07-31,2024-07-31,ok,2024-07-31,2024-07-31,503,2024-07-31,2024-07-31,2026-08-28T11:31:16.001634Z,requests,2.32.5,200,,,
shared,sectors,S&P 500,wikipedia,List of S&P 500 companies,2024-08-31,2024-08-31,ok,2024-08-31,2024-08-31,503,2024-08-31,2024-08-31,2026-08-28T11:31:34.541662Z,requests,2.32.5,200,,,
shared,sectors,S&P 500,wikipedia,List of S&P 500 companies,2024-09-30,2024-09-30,ok,2024-09-30,2024-09-30,503,2024-09-30,2024-09-30,2026-08-28T11:31:43.984599Z,requests,2.32.5,200,,,
shared,sectors,S&P 500,wikipedia,List of S&P 500 companies,2024-10-31,2024-10-31,ok,2024-10-31,2024-10-31,503,2024-10-31,2024-10-31,2026-08-28T11:32:04.182001Z,requests,2.32.5,200,,,
shared,sectors,S&P 500,wikipedia,List of S&P 500 companies,2024-11-30,2024-11-30,ok,2024-11-30,2024-11-30,503,2024-11-30,2024-11-30,2026-08-28T11:32:17.519830Z,requests,2.32.5,200,,,
shared,sectors,S&P 500,wikipedia,List of S&P 500 companies,2024-12-31,2024-12-31,ok,2024-12-31,2024-12-31,503,2024-12-31,2024-12-31,2026-08-28T11:32:21.561721Z,requests,2.32.5,200,,,
shared,sectors,S&P 500,wikipedia,List of S&P 500 companies,2025-01-31,2025-01-31,ok,2025-01-31,2025-01-31,503,2025-01-31,2025-01-31,2026-08-28T11:32:40.755838Z,requests,2.32.5,200,,,
shared,sectors,S&P 500,wikipedia,List of S&P 500 companies,2025-02-28,2025-02-28,ok,2025-02-28,2025-02-28,503,2025-02-28,2025-02-28,2026-08-28T11:32:56.117672Z,requests,2.32.5,200,,,
shared,sectors,S&P 500,wikipedia,List of S&P 500 companies,2025-03-31,2025-03-31,ok,2025-03-31,2025-03-31,503,2025-03-31,2025-03-31,2026-08-28T11:33:13.831489Z,requests,2.32.5,200,,,
shared,sectors,S&P 500,wikipedia,List of S&P 500 companies,2025-04-30,2025-04-30,ok,2025-04-30,2025-04-30,503,2025-04-30,2025-04-30,2026-08-28T11:33:24.166264Z,requests,2.32.5,200,,,
shared,sectors,S&P 500,wikipedia,List of S&P 500 companies,2025-05-31,2025-05-31,ok,2025-05-31,2025-05-31,503,2025-05-31,2025-05-31,2026-08-28T11:33:40.200305Z,requests,2.32.5,200,,,
shared,sectors,S&P 500,wikipedia,List of S&P 500 companies,2025-06-30,2025-06-30,ok,2025-06-30,2025-06-30,503,2025-06-30,2025-06-30,2026-08-28T11:33:50.155121Z,requests,2.32.5,200,,,
shared,sectors,S&P 500,wikipedia,List of S&P 500 companies,2025-07-31,2025-07-31,ok,2025-07-31,2025-07-31,503,2025-07-31,2025-07-31,2026-08-28T11:34:11.674606Z,requests,2.32.5,200,,,
shared,sectors,S&P 500,wikipedia,List of S&P 500 companies,2025-08-31,2025-08-31,ok,2025-08-31,2025-08-31,503,2025-08-31,2025-08-31,2026-08-28T11:34:30.341640Z,requests,2.32.5,200,,,
shared,sectors,S&P 500,wikipedia,List of S&P 500 companies,2025-09-30,2025-09-30,ok,2025-09-30,2025-09-30,503,2025-09-30,2025-09-30,2026-08-28T11:34:46.663869Z,requests,2.32.5,200,,,
shared,sectors,S&P 500,wikipedia,List of S&P 500 companies,2025-10-31,2025-10-31,ok,2025-10-31,2025-10-31,503,2025-10-31,2025-10-31,2026-08-28T11:34:57.981585Z,requests,2.32.5,200,,,
shared,sectors,S&P 500,wikipedia,List of S&P 500 companies,2025-11-30,2025-11-30,ok,2025-11-30,2025-11-30,502,2025-11-30,2025-11-30,2026-08-28T11:35:10.498547Z,requests,2.32.5,200,,,
shared,sectors,S&P 500,wikipedia,List of S&P 500 companies,2025-12-31,2025-12-31,ok,2025-12-31,2025-12-31,501,2025-12-31,2025-12-31,2026-08-28T11:35:38.257775Z,requests,2.32.5,200,,,
shared,sectors,S&P 500,wikipedia,List of S&P 500 companies,2026-01-30,2026-01-30,ok,2026-01-30,2026-01-30,503,2026-01-30,2026-01-30,2026-08-05T20:18:29.322457Z,requests,2.32.5,200,,,
shared,sectors,S&P 500,wikipedia,List of S&P 500 companies,2026-02-13,2026-02-13,ok,2026-02-13,2026-02-13,503,2026-02-13,2026-02-13,2026-08-05T20:18:31.247185Z,requests,2.32.5,200,,,
shared,sectors,S&P 500,wikipedia,List of S&P 500 companies,2026-02-27,2026-02-27,ok,2026-02-27,2026-02-27,503,2026-02-27,2026-02-27,2026-08-05T20:18:33.484753Z,requests,2.32.5,200,,,
shared,sectors,S&P 500,wikipedia,List of S&P 500 companies,2026-03-02,2026-03-02,ok,2026-03-02,2026-03-02,503,2026-03-02,2026-03-02,2026-08-05T20:18:35.596776Z,requests,2.32.5,200,,,
shared,sectors,S&P 500,wikipedia,List of S&P 500 companies,2026-03-31,2026-03-31,ok,2026-03-31,2026-03-31,503,2026-03-31,2026-03-31,2026-08-05T20:18:37.730198Z,requests,2.32.5,200,,,
shared,sectors,S&P 500,wikipedia,List of S&P 500 companies,2026-04-01,2026-04-01,ok,2026-04-01,2026-04-01,503,2026-04-01,2026-04-01,2026-08-05T20:18:39.537496Z,requests,2.32.5,200,,,
shared,sectors,S&P 500,wikipedia,List of S&P 500 companies,2026-04-30,2026-04-30,ok,2026-04-30,2026-04-30,503,2026-04-30,2026-04-30,2026-08-05T20:18:41.513982Z,requests,2.32.5,200,,,
shared,sectors,S&P 500,wikipedia,List of S&P 500 companies,2026-05-01,2026-05-01,ok,2026-05-01,2026-05-01,503,2026-05-01,2026-05-01,2026-09-08T22:48:39.616205Z,requests,2.32.5,200,,,
shared,sectors,S&P 500,wikipedia,List of S&P 500 companies,2026-05-04,2026-05-04,ok,2026-05-04,2026-05-04,503,2026-05-04,2026-05-04,2026-08-05T20:18:43.228220Z,requests,2.32.5,200,,,
