Notice_ID,Published_Date,Effective_Date,Index_Name,Action,Ticker,Sector,Source_URL,Review_Status
SPDJI-2015-08-27-ATVI,2015-08-27,2015-08-31,S&P 500,Addition,ATVI,Information Technology,https://press.spglobal.com/2015-08-27-Activision-Blizzard-United-Continental-Holdings-Set-to-Join-the-S-P-500,approved
SPDJI-2015-11-23-CSRA,2015-11-23,2015-11-30,S&P 500,Addition,CSRA,Information Technology,https://press.spglobal.com/2015-11-23-CSRA-to-Join-the-S-P-500-Computer-Sciences-to-Join-S-P-MidCap-400-Phibro-Animal-Health-to-Join-S-P-SmallCap-600,approved
SPDJI-2016-01-22-BRCM,2016-01-22,2016-01-29,S&P 500,Deletion,BRCM,Information Technology,https://press.spglobal.com/2016-01-22-Federal-Realty-Investment-Trust-Set-to-Join-the-S-P-500-Curtiss-Wright-Pool-to-Join-S-P-MidCap-400-Cray-Asbury-Automotive-to-Join-S-P-SmallCap-600,approved
SPDJI-2017-02-23-INCY,2017-02-23,2017-02-28,S&P 500,Addition,INCY,Health Care,https://press.spglobal.com/2017-02-23-Incyte-CBOE-Holdings-Regency-Centers-Set-to-Join-S-P-500-Others-to-Join-S-P-MidCap-400,approved
SPDJI-2018-05-25-ABMD,2018-05-25,2018-05-31,S&P 500,Addition,ABMD,Health Care,https://press.spglobal.com/2018-05-25-ABIOMED-Set-to-Join-S-P-500-Others-to-Join-S-P-MidCap-400-and-S-P-SmallCap-600,approved
SPDJI-2019-12-13-QUARTERLY,2019-12-13,2019-12-23,S&P 500,Addition,LYV,Communication Services,https://press.spglobal.com/2019-12-13-Live-Nation-Entertainment-Zebra-Technologies-STERIS-Set-to-Join-S-P-500-Others-to-Join-S-P-MidCap-400-and-S-P-SmallCap-600,approved
SPDJI-2019-12-13-QUARTERLY,2019-12-13,2019-12-23,S&P 500,Addition,STE,Health Care,https://press.spglobal.com/2019-12-13-Live-Nation-Entertainment-Zebra-Technologies-STERIS-Set-to-Join-S-P-500-Others-to-Join-S-P-MidCap-400-and-S-P-SmallCap-600,approved
SPDJI-2019-12-13-QUARTERLY,2019-12-13,2019-12-23,S&P 500,Addition,ZBRA,Information Technology,https://press.spglobal.com/2019-12-13-Live-Nation-Entertainment-Zebra-Technologies-STERIS-Set-to-Join-S-P-500-Others-to-Join-S-P-MidCap-400-and-S-P-SmallCap-600,approved
SPDJI-2020-06-12-QUARTERLY,2020-06-12,2020-06-22,S&P 500,Addition,BIO,Health Care,https://press.spglobal.com/2020-06-12-S-P-Dow-Jones-Indices-Announces-Tyler-Technologies-Bio-Rad-Laboratories-and-Teledyne-Technologies-Set-to-Join-S-P-500-Others-to-Join-S-P-MidCap-400-and-S-P-SmallCap-600,approved
SPDJI-2020-06-12-QUARTERLY,2020-06-12,2020-06-22,S&P 500,Addition,TDY,Industrials,https://press.spglobal.com/2020-06-12-S-P-Dow-Jones-Indices-Announces-Tyler-Technologies-Bio-Rad-Laboratories-and-Teledyne-Technologies-Set-to-Join-S-P-500-Others-to-Join-S-P-MidCap-400-and-S-P-SmallCap-600,approved
SPDJI-2020-06-12-QUARTERLY,2020-06-12,2020-06-22,S&P 500,Addition,TYL,Information Technology,https://press.spglobal.com/2020-06-12-S-P-Dow-Jones-Indices-Announces-Tyler-Technologies-Bio-Rad-Laboratories-and-Teledyne-Technologies-Set-to-Join-S-P-500-Others-to-Join-S-P-MidCap-400-and-S-P-SmallCap-600,approved
SPDJI-2020-09-04-QUARTERLY,2020-09-04,2020-09-21,S&P 500,Addition,CTLT,Health Care,https://press.spglobal.com/2020-09-04-Etsy-Teradyne-and-Catalent-Set-to-Join-S-P-500-Others-to-Join-S-P-MidCap-400-and-S-P-SmallCap-600,approved
SPDJI-2020-09-04-QUARTERLY,2020-09-04,2020-09-21,S&P 500,Addition,ETSY,Consumer Discretionary,https://press.spglobal.com/2020-09-04-Etsy-Teradyne-and-Catalent-Set-to-Join-S-P-500-Others-to-Join-S-P-MidCap-400-and-S-P-SmallCap-600,approved
SPDJI-2020-09-04-QUARTERLY,2020-09-04,2020-09-21,S&P 500,Addition,TER,Information Technology,https://press.spglobal.com/2020-09-04-Etsy-Teradyne-and-Catalent-Set-to-Join-S-P-500-Others-to-Join-S-P-MidCap-400-and-S-P-SmallCap-600,approved
SPDJI-2024-09-24-AMTM,2024-09-24,2024-09-30,S&P 500,Addition,AMTM,Industrials,https://press.spglobal.com/2024-09-24-Amentum-Set-to-Join-S-P-500-Bath-Body-Works-to-Join-S-P-SmallCap-600,approved
SPDJI-2025-02-19-SNDK-SMALLCAP,2025-02-19,2025-02-25,S&P SmallCap 600,Addition,SNDK,Information Technology,https://press.spglobal.com/2025-02-19-SanDisk-Set-to-Join-S-P-SmallCap-600,approved
SPDJI-2025-10-27-SOLS,2025-10-27,2025-10-31,S&P 500,Addition,SOLS,Materials,https://press.spglobal.com/2025-10-27-Solstice-Advance-Materials-and-Qnity-Electronics-Set-to-Join-S-P-500-Others-to-Join-S-P-SmallCap-600,approved
SPDJI-2025-11-24-SNDK,2025-11-24,2025-11-28,S&P 500,Addition,SNDK,Information Technology,"https://press.spglobal.com/2025-11-24-Sandisk-Set-to-Join-S-P-500-Upwork%2C-First-Interstate-BancSystem%2C-PTC-Therapeutics-to-Join-S-P-SmallCap-600",approved
SPDJI-2025-11-24-SNDK,2025-11-24,2025-11-28,S&P SmallCap 600,Deletion,SNDK,Information Technology,"https://press.spglobal.com/2025-11-24-Sandisk-Set-to-Join-S-P-500-Upwork%2C-First-Interstate-BancSystem%2C-PTC-Therapeutics-to-Join-S-P-SmallCap-600",approved
SPDJI-2025-12-05-Q4-REBALANCE,2025-12-05,2025-12-22,S&P 500,Addition,CRH,Materials,https://press.spglobal.com/2025-12-05-CRH%2C-Carvana-and-Comfort-Systems-USA-Set-to-Join-S-P-500-Others-to-Join-S-P-MidCap-400-and-S-P-SmallCap-600,approved
SPDJI-2025-12-05-Q4-REBALANCE,2025-12-05,2025-12-22,S&P 500,Addition,CVNA,Consumer Discretionary,https://press.spglobal.com/2025-12-05-CRH%2C-Carvana-and-Comfort-Systems-USA-Set-to-Join-S-P-500-Others-to-Join-S-P-MidCap-400-and-S-P-SmallCap-600,approved
SPDJI-2025-12-05-Q4-REBALANCE,2025-12-05,2025-12-22,S&P 500,Addition,FIX,Industrials,https://press.spglobal.com/2025-12-05-CRH%2C-Carvana-and-Comfort-Systems-USA-Set-to-Join-S-P-500-Others-to-Join-S-P-MidCap-400-and-S-P-SmallCap-600,approved
SPDJI-2026-03-06-Q1-REBALANCE,2026-03-06,2026-03-23,S&P 500,Addition,COHR,Information Technology,"https://press.spglobal.com/2026-03-06-Vertiv-Holdings%2C-Lumentum-Holdings%2C-Coherent%2C-and-EchoStar-Set-to-Join-S-P-500-Others-to-Join-S-P-100%2C-S-P-MidCap-400%2C-and-S-P-SmallCap-600",approved
SPDJI-2026-03-06-Q1-REBALANCE,2026-03-06,2026-03-23,S&P 500,Addition,LITE,Information Technology,"https://press.spglobal.com/2026-03-06-Vertiv-Holdings%2C-Lumentum-Holdings%2C-Coherent%2C-and-EchoStar-Set-to-Join-S-P-500-Others-to-Join-S-P-100%2C-S-P-MidCap-400%2C-and-S-P-SmallCap-600",approved
SPDJI-2026-03-06-Q1-REBALANCE,2026-03-06,2026-03-23,S&P 500,Addition,SATS,Communication Services,"https://press.spglobal.com/2026-03-06-Vertiv-Holdings%2C-Lumentum-Holdings%2C-Coherent%2C-and-EchoStar-Set-to-Join-S-P-500-Others-to-Join-S-P-100%2C-S-P-MidCap-400%2C-and-S-P-SmallCap-600",approved
SPDJI-2026-03-06-Q1-REBALANCE,2026-03-06,2026-03-23,S&P 500,Addition,VRT,Industrials,"https://press.spglobal.com/2026-03-06-Vertiv-Holdings%2C-Lumentum-Holdings%2C-Coherent%2C-and-EchoStar-Set-to-Join-S-P-500-Others-to-Join-S-P-100%2C-S-P-MidCap-400%2C-and-S-P-SmallCap-600",approved
SPDJI-2026-04-06-CASY,2026-04-06,2026-04-09,S&P 500,Addition,CASY,Consumer Staples,"https://press.spglobal.com/2026-04-06-Caseys-General-Stores-Set-to-Join-S-P-500-DigitalOcean-Holdings-to-Join-S-P-MidCap-400-Broadstone-Net-Lease-to-Join-S-P-SmallCap-600",approved
