Asset_ID,Valid_Returns,First_Return,Last_Return,Missing_Intervals
ALB,37,2023-02-28,2026-02-28,23
CIEN,37,2023-02-28,2026-02-28,23
COIN,37,2023-02-28,2026-02-28,23
FDS,37,2023-02-28,2026-02-28,23
FISV,37,2023-02-28,2026-02-28,23
GDDY,37,2023-02-28,2026-02-28,23
INTC,37,2023-02-28,2026-02-28,23
IT,37,2023-02-28,2026-02-28,23
LRCX,37,2023-02-28,2026-02-28,23
MU,37,2023-02-28,2026-02-28,23
NOW,37,2023-02-28,2026-02-28,23
PAYC,37,2023-02-28,2026-02-28,23
SMCI,37,2023-02-28,2026-02-28,23
SNDK,12,2025-03-31,2026-02-28,48
STX,37,2023-02-28,2026-02-28,23
TER,37,2023-02-28,2026-02-28,23
TTD,37,2023-02-28,2026-02-28,23
TYL,37,2023-02-28,2026-02-28,23
WBD,37,2023-02-28,2026-02-28,23
WDC,37,2023-02-28,2026-02-28,23
