Rebalance_ID,Membership_Effective_Date,Signal_Cutoff,Signal_Source_Max_Date,Sizing_Date,Execution_Date,Valuation_End,Asset_ID,Source_Ticker,Yahoo_Ticker,GICS_Sector_Code,Sector,Sector_As_Of_Date,Sector_Source_Type,Sector_Source_Reference,Strategy_ID,Strategy_Version,Strategy_Score,Strategy_Rank,Strategy_Eligible,Strategy_Exclusion_Reason,Momentum,Sizing_Volatility,Construction_Sector,Prior_Target,Long_Rank,Short_Rank,Buffered_Long,Buffered_Short,Provisional_Long,Provisional_Short,Neutral_Substitution,Signal_Selected_Side,Signal_Raw_Target_Weight,Execution_Eligible,Final_Selected_Side,Final_Target_Weight,Execution_Adjustment,Applied_Rule
R1,2026-02-09,2026-02-27,2026-02-27,2026-02-27,2026-03-02,2026-04-01,ALB,ALB,ALB,15,Materials,2026-02-27,Wikipedia,1340186477,momentum,2.0.0,1.5360885006633525,6.0,True,,1.5360885006633525,,15,0.0,6.0,497.0,False,False,True,False,,Long,0.1049999999999999,True,Long,0.1049999999999999,,selected_long
R1,2026-02-09,2026-02-27,2026-02-27,2026-02-27,2026-03-02,2026-04-01,CIEN,CIEN,CIEN,45,Information Technology,2026-02-27,Wikipedia,1340186477,momentum,2.0.0,1.7123008131337354,4.0,True,,1.7123008131337354,,45,0.0,4.0,499.0,False,False,True,False,,Long,0.1049999999999999,True,Long,0.1049999999999999,,selected_long
R1,2026-02-09,2026-02-27,2026-02-27,2026-02-27,2026-03-02,2026-04-01,COIN,COIN,COIN,40,Financials,2026-02-27,Wikipedia,1340186477,momentum,2.0.0,-0.4844875040796739,499.0,True,,-0.4844875040796739,,40,0.0,499.0,4.0,False,False,False,True,,Short,-0.045,True,Short,-0.045,,selected_short
R1,2026-02-09,2026-02-27,2026-02-27,2026-02-27,2026-03-02,2026-04-01,FDS,FDS,FDS,40,Financials,2026-02-27,Wikipedia,1340186477,momentum,2.0.0,-0.36430280753878574,493.0,True,,-0.36430280753878574,,40,0.0,493.0,10.0,False,False,False,True,,Short,-0.045,True,Short,-0.045,,selected_short
R1,2026-02-09,2026-02-27,2026-02-27,2026-02-27,2026-03-02,2026-04-01,FISV,FISV,FISV,40,Financials,2026-02-27,Wikipedia,1340186477,momentum,2.0.0,-0.5413128082453249,501.0,True,,-0.5413128082453249,,40,0.0,501.0,2.0,False,False,False,True,,Short,-0.045,True,Short,-0.045,,selected_short
R1,2026-02-09,2026-02-27,2026-02-27,2026-02-27,2026-03-02,2026-04-01,GDDY,GDDY,GDDY,45,Information Technology,2026-02-27,Wikipedia,1340186477,momentum,2.0.0,-0.3778933314521904,495.0,True,,-0.3778933314521904,,45,0.0,495.0,8.0,False,False,False,True,,Short,-0.045,True,Short,-0.045,,selected_short
R1,2026-02-09,2026-02-27,2026-02-27,2026-02-27,2026-03-02,2026-04-01,INTC,INTC,INTC,45,Information Technology,2026-02-27,Wikipedia,1340186477,momentum,2.0.0,1.346969849055506,8.0,True,,1.346969849055506,,45,0.0,8.0,495.0,False,False,True,False,,Long,0.1049999999999999,True,Long,0.1049999999999999,,selected_long
R1,2026-02-09,2026-02-27,2026-02-27,2026-02-27,2026-03-02,2026-04-01,IT,IT,IT,45,Information Technology,2026-02-27,Wikipedia,1340186477,momentum,2.0.0,-0.3810423611747551,497.0,True,,-0.3810423611747551,,45,0.0,497.0,6.0,False,False,False,True,,Short,-0.045,True,Short,-0.045,,selected_short
R1,2026-02-09,2026-02-27,2026-02-27,2026-02-27,2026-03-02,2026-04-01,LRCX,LRCX,LRCX,45,Information Technology,2026-02-27,Wikipedia,1340186477,momentum,2.0.0,1.4705411929668402,7.0,True,,1.4705411929668402,,45,0.0,7.0,496.0,False,False,True,False,,Long,0.1049999999999999,True,Long,0.1049999999999999,,selected_long
R1,2026-02-09,2026-02-27,2026-02-27,2026-02-27,2026-03-02,2026-04-01,MU,MU,MU,45,Information Technology,2026-02-27,Wikipedia,1340186477,momentum,2.0.0,2.805273305917531,2.0,True,,2.805273305917531,,45,0.0,2.0,501.0,False,False,True,False,,Long,0.1049999999999999,True,Long,0.1049999999999999,,selected_long
R1,2026-02-09,2026-02-27,2026-02-27,2026-02-27,2026-03-02,2026-04-01,NOW,NOW,NOW,45,Information Technology,2026-02-27,Wikipedia,1340186477,momentum,2.0.0,-0.37966533140932013,496.0,True,,-0.37966533140932013,,45,0.0,496.0,7.0,False,False,False,True,,Short,-0.045,True,Short,-0.045,,selected_short
R1,2026-02-09,2026-02-27,2026-02-27,2026-02-27,2026-03-02,2026-04-01,PAYC,PAYC,PAYC,20,Industrials,2026-02-27,Wikipedia,1340186477,momentum,2.0.0,-0.4157413131462412,498.0,True,,-0.4157413131462412,,20,0.0,498.0,5.0,False,False,False,True,,Short,-0.045,True,Short,-0.045,,selected_short
R1,2026-02-09,2026-02-27,2026-02-27,2026-02-27,2026-03-02,2026-04-01,SMCI,SMCI,SMCI,45,Information Technology,2026-02-27,Wikipedia,1340186477,momentum,2.0.0,-0.5063591655458258,500.0,True,,-0.5063591655458258,,45,0.0,500.0,3.0,False,False,False,True,,Short,-0.045,True,Short,-0.045,,selected_short
R1,2026-02-09,2026-02-27,2026-02-27,2026-02-27,2026-03-02,2026-04-01,SNDK,SNDK,SNDK,45,Information Technology,2026-02-27,Wikipedia,1340186477,momentum,2.0.0,12.426142231686875,1.0,True,,12.426142231686875,,45,0.0,1.0,502.0,False,False,True,False,,Long,0.1049999999999999,True,Long,0.1049999999999999,,selected_long
R1,2026-02-09,2026-02-27,2026-02-27,2026-02-27,2026-03-02,2026-04-01,STX,STX,STX,45,Information Technology,2026-02-27,Wikipedia,1340186477,momentum,2.0.0,1.6116047535740874,5.0,True,,1.6116047535740874,,45,0.0,5.0,498.0,False,False,True,False,,Long,0.1049999999999999,True,Long,0.1049999999999999,,selected_long
R1,2026-02-09,2026-02-27,2026-02-27,2026-02-27,2026-03-02,2026-04-01,TER,TER,TER,45,Information Technology,2026-02-27,Wikipedia,1340186477,momentum,2.0.0,1.2477416033385857,9.0,True,,1.2477416033385857,,45,0.0,9.0,494.0,False,False,True,False,,Long,0.1049999999999999,True,Long,0.1049999999999999,,selected_long
R1,2026-02-09,2026-02-27,2026-02-27,2026-02-27,2026-03-02,2026-04-01,TTD,TTD,TTD,50,Communication Services,2026-02-27,Wikipedia,1340186477,momentum,2.0.0,-0.6512189484472787,502.0,True,,-0.6512189484472787,,50,0.0,502.0,1.0,False,False,False,True,,Short,-0.045,True,Short,-0.045,,selected_short
R1,2026-02-09,2026-02-27,2026-02-27,2026-02-27,2026-03-02,2026-04-01,TYL,TYL,TYL,45,Information Technology,2026-02-27,Wikipedia,1340186477,momentum,2.0.0,-0.36807171985890574,494.0,True,,-0.36807171985890574,,45,0.0,494.0,9.0,False,False,False,True,,Short,-0.045,True,Short,-0.045,,selected_short
R1,2026-02-09,2026-02-27,2026-02-27,2026-02-27,2026-03-02,2026-04-01,WBD,WBD,WBD,50,Communication Services,2026-02-27,Wikipedia,1340186477,momentum,2.0.0,1.091116230522995,10.0,True,,1.091116230522995,,50,0.0,10.0,493.0,False,False,True,False,,Long,0.1049999999999999,True,Long,0.1049999999999999,,selected_long
R1,2026-02-09,2026-02-27,2026-02-27,2026-02-27,2026-03-02,2026-04-01,WDC,WDC,WDC,45,Information Technology,2026-02-27,Wikipedia,1340186477,momentum,2.0.0,2.1862082593794985,3.0,True,,2.1862082593794985,,45,0.0,3.0,500.0,False,False,True,False,,Long,0.1049999999999999,True,Long,0.1049999999999999,,selected_long
