comparison,point,target_return,status,return,volatility,utility,long_count,short_count,gross,net,largest_position,concentration_hhi,binding_lower,binding_upper,below_historical_position_counts
bounded,0,1.8002322878854147,accepted,1.8002322878854147,0.4271385975383626,1.5380491459225814,10,10,1.4999999999999987,0.599999999999999,0.20999999999999977,0.07471929786276492,6,7,False
bounded,1,1.8074618951739618,accepted,1.8074618951739625,0.42716085105716634,1.5452514335097525,10,10,1.4999999999999987,0.5999999999999991,0.2099999999999998,0.07473009172138173,6,7,False
bounded,2,1.8146915024625088,accepted,1.814691502462509,0.4272276147843177,1.552399069261114,10,10,1.499999999999999,0.599999999999999,0.2099999999999998,0.07479951170935291,6,7,False
bounded,3,1.821921109751056,accepted,1.8219211097510557,0.4273388678577526,1.5594920531771528,10,10,1.4999999999999987,0.599999999999999,0.20999999999999977,0.0749273803262509,6,7,False
bounded,4,1.8291507170396029,accepted,1.8291507170396037,0.42749457554325476,1.5665303852577552,10,10,1.499999999999999,0.599999999999999,0.20999999999999974,0.07511369288267562,6,7,False
bounded,5,1.83638032432815,accepted,1.8363803243281505,0.42769469313878267,1.573514060769479,10,10,1.499999999999999,0.5999999999999989,0.2099999999999998,0.07535794230481742,7,7,False
bounded,6,1.843609931616697,accepted,1.8436099316166976,0.4279588708700529,1.58041883419362,10,10,1.499999999999999,0.5999999999999989,0.2099999999999998,0.0756679767188586,7,7,False
bounded,7,1.850839538905244,accepted,1.8508395389052443,0.4283056124160894,1.5872217824531636,10,10,1.4999999999999991,0.599999999999999,0.2099999999999998,0.0761409536931182,7,7,False
bounded,8,1.8580691461937913,accepted,1.8580691461937913,0.4287336825635769,1.593924180753369,10,10,1.4999999999999987,0.5999999999999989,0.2099999999999998,0.07667770007999464,7,6,False
bounded,9,1.8652987534823382,accepted,1.8652987534823384,0.4292169139509818,1.6005580099285932,10,10,1.499999999999999,0.5999999999999992,0.2099999999999998,0.07699816837566832,7,6,False
bounded,10,1.8725283607708854,accepted,1.8725283607708856,0.42974388426075816,1.6071371481932224,10,10,1.4999999999999991,0.5999999999999991,0.20999999999999977,0.07739684561317733,7,6,False
bounded,11,1.8797579680594323,accepted,1.879757968059432,0.4303144328019738,1.6136615955481184,10,10,1.4999999999999991,0.5999999999999989,0.2099999999999998,0.07787372050119551,7,6,False
bounded,12,1.8869875753479795,accepted,1.8869875753479797,0.43092794977159493,1.6201318928667399,10,10,1.4999999999999991,0.5999999999999991,0.2099999999999998,0.07830608808215023,6,6,False
bounded,13,1.8942171826365266,accepted,1.8942171826365257,0.43157513000830183,1.6265593548796973,10,10,1.4999999999999987,0.5999999999999986,0.2099999999999998,0.07809109799518407,6,7,False
bounded,14,1.9014467899250735,accepted,1.9014467899250738,0.43225347662989344,1.6329468956928455,10,10,1.499999999999999,0.5999999999999992,0.2099999999999998,0.07790392805431902,6,8,False
bounded,15,1.9086763972136207,accepted,1.908676397213621,0.43297030632175737,1.639285228312384,10,10,1.499999999999999,0.5999999999999992,0.20999999999999974,0.07770120425978229,6,8,False
bounded,16,1.9159060045021676,accepted,1.915906004502168,0.4337301559776954,1.645568459360742,10,10,1.499999999999999,0.5999999999999989,0.2099999999999998,0.0775927402310933,6,8,False
bounded,17,1.9231356117907148,accepted,1.9231356117907152,0.43453279991611793,1.6517965888378154,10,10,1.4999999999999984,0.5999999999999989,0.2099999999999998,0.07757853451799099,6,8,False
bounded,18,1.930365219079262,accepted,1.930365219079262,0.4353780014560576,1.6579696167436047,10,10,1.4999999999999991,0.5999999999999988,0.2099999999999998,0.07765858711927255,6,8,False
bounded,19,1.9375948263678089,accepted,1.9375948263678089,0.43626551324993124,1.6640875430781097,10,10,1.4999999999999987,0.5999999999999986,0.2099999999999998,0.07783289803493908,6,8,False
bounded,20,1.944824433656356,accepted,1.9448244336563565,0.43719507762671156,1.670150367841302,10,10,1.499999999999999,0.5999999999999989,0.2099999999999998,0.07810146853022483,6,8,False
bounded,21,1.952054040944903,accepted,1.9520540409449032,0.43816739350204276,1.676156873826197,10,10,1.499999999999999,0.5999999999999991,0.2099999999999998,0.07842382279349126,7,8,False
bounded,22,1.9592836482334501,accepted,1.9592836482334506,0.4391949361389678,1.6820909556193153,10,10,1.4999999999999987,0.5999999999999991,0.2099999999999998,0.07864036694607215,8,8,False
bounded,23,1.9665132555219973,accepted,1.9665132555219975,0.44028714460228635,1.6879401797186815,10,10,1.4999999999999991,0.599999999999999,0.20999999999999971,0.07899596062606182,8,8,False
bounded,24,1.9737428628105442,accepted,1.9737428628105447,0.44144359568007197,1.6937044740961018,10,10,1.4999999999999991,0.5999999999999991,0.2099999999999998,0.0795088685439659,8,8,False
bounded,25,1.9809724700990914,accepted,1.980972470099092,0.4426637858746301,1.6993838387515763,10,10,1.4999999999999993,0.5999999999999991,0.2099999999999998,0.08017909069978423,8,8,False
bounded,26,1.9882020773876383,accepted,1.9882020773876383,0.44394718962480584,1.7049782736851034,10,10,1.4999999999999987,0.5999999999999988,0.2099999999999998,0.08100662709351691,8,8,False
bounded,27,1.9954316846761855,accepted,1.9954316846761855,0.4452932603573288,1.710487778896685,10,10,1.4999999999999991,0.5999999999999986,0.2099999999999998,0.08199147772516371,8,8,False
bounded,28,2.0026612919647326,accepted,2.002661291964733,0.44671690116181384,1.7158924933840187,10,10,1.4999999999999991,0.5999999999999992,0.20999999999999974,0.08314796820771356,9,8,False
bounded,29,2.0098908992532794,accepted,2.0098908992532794,0.44828149332575656,1.721109810825415,10,10,1.499999999999999,0.599999999999999,0.2099999999999998,0.08348212936796234,9,7,False
bounded,30,2.0171205065418265,accepted,2.0171205065418265,0.44993686073763267,1.726202718579676,10,10,1.4999999999999991,0.5999999999999994,0.2099999999999998,0.08298486511225514,8,8,False
bounded,31,2.0243501138303737,accepted,2.024350113830373,0.4516689036117648,1.7311882246228767,10,10,1.499999999999999,0.5999999999999988,0.2099999999999998,0.08257034995575438,8,8,False
bounded,32,2.031579721118921,accepted,2.031579721118921,0.45345778240202966,1.7360910407076307,10,10,1.499999999999999,0.5999999999999991,0.2099999999999998,0.0822484690031525,8,8,False
bounded,33,2.038809328407468,accepted,2.038809328407469,0.45530282718623055,1.740911166833937,10,10,1.4999999999999996,0.5999999999999994,0.2099999999999998,0.08201922225444941,8,8,False
bounded,34,2.0460389356960147,accepted,2.0460389356960142,0.457203357991033,1.7456486030017944,10,10,1.4999999999999987,0.5999999999999989,0.2099999999999998,0.0818826097096452,8,8,False
bounded,35,2.053268542984562,accepted,2.0532685429845623,0.4591558108211912,1.7503071432024524,10,10,1.499999999999999,0.599999999999999,0.2099999999999998,0.08160340545982134,7,8,False
bounded,36,2.060498150273109,accepted,2.0604981502731095,0.46115462509693517,1.7548932833384916,10,10,1.499999999999999,0.5999999999999988,0.2099999999999998,0.08135998774765331,7,8,False
bounded,37,2.067727757561656,accepted,2.0677277575616557,0.46319911754820586,1.7594071340229354,10,10,1.4999999999999987,0.599999999999999,0.2099999999999998,0.08119101260652777,7,8,False
bounded,38,2.0749573648502033,accepted,2.0749573648502038,0.4653126476437631,1.7638166512609303,10,10,1.4999999999999991,0.599999999999999,0.2099999999999998,0.0804713184509273,8,8,False
bounded,39,2.08218697213875,accepted,2.08218697213875,0.46752675939742205,1.7680781925729072,10,10,1.4999999999999991,0.599999999999999,0.2099999999999998,0.07983523686597634,8,8,False
bounded,40,2.089416579427297,accepted,2.089416579427297,0.4698402168272585,1.7721915068161036,10,10,1.499999999999999,0.5999999999999989,0.2099999999999998,0.07934093602927315,8,8,False
bounded,41,2.0966461867158444,accepted,2.0966461867158457,0.47225155991710627,1.776156593990519,10,10,1.4999999999999996,0.599999999999999,0.20999999999999974,0.07898841594081746,8,8,False
bounded,42,2.1038757940043915,accepted,2.1038757940043915,0.4747592971603807,1.7799734540961514,10,10,1.4999999999999991,0.5999999999999985,0.2099999999999998,0.07877767660060958,8,8,False
bounded,43,2.1111054012929387,accepted,2.111105401292939,0.47736190939005746,1.7836420871330037,10,10,1.4999999999999996,0.5999999999999991,0.20999999999999977,0.07870871800864923,8,8,False
bounded,44,2.1183350085814854,accepted,2.118335008581486,0.4800519857944513,1.7871705888749134,10,10,1.4999999999999991,0.5999999999999992,0.2099999999999998,0.07868340099039092,8,7,False
bounded,45,2.1255646158700325,accepted,2.125564615870033,0.4827934001382237,1.7906070606088462,10,10,1.499999999999999,0.5999999999999991,0.2099999999999998,0.07855167648043625,7,7,False
bounded,46,2.1327942231585797,accepted,2.1327942231585797,0.4855467084409571,1.794005334952709,10,10,1.4999999999999993,0.5999999999999988,0.2099999999999998,0.0783917641894824,7,7,False
bounded,47,2.140023830447127,accepted,2.1400238304471273,0.4883102301808481,1.797367488059463,10,10,1.499999999999999,0.5999999999999988,0.2099999999999998,0.0782418731760354,7,7,False
bounded,48,2.1472534377356736,accepted,2.147253437735674,0.49108379293398907,1.8006935199274814,10,10,1.4999999999999993,0.5999999999999991,0.2099999999999998,0.07810195737250929,7,7,False
bounded,49,2.1544830450242207,accepted,2.1544830450242207,0.49386722752930523,1.8039834305565432,10,10,1.499999999999999,0.599999999999999,0.2099999999999998,0.07797201335478669,7,7,False
bounded,50,2.161712652312768,accepted,2.1617126523127683,0.4966603679924845,1.8072372199466367,10,10,1.4999999999999993,0.5999999999999992,0.2099999999999998,0.07785204093784182,7,7,False
bounded,51,2.168942259601315,accepted,2.1689422596013137,0.49946305148957254,1.8104548880977596,10,10,1.4999999999999991,0.599999999999999,0.20999999999999977,0.0777420401116316,7,7,False
bounded,52,2.176171866889862,accepted,2.1761718668898626,0.5022751182708735,1.8136364350099152,10,10,1.4999999999999987,0.5999999999999988,0.2099999999999998,0.07764201087561386,7,7,False
bounded,53,2.1834014741784094,accepted,2.183401474178409,0.5050964116153092,1.8167818606831,10,10,1.4999999999999991,0.5999999999999989,0.2099999999999998,0.07755195322975902,7,7,False
bounded,54,2.190631081466956,accepted,2.190631081466957,0.5079267777753038,1.8198911651173164,10,10,1.499999999999999,0.5999999999999988,0.2099999999999998,0.07747186717406565,7,7,False
bounded,55,2.1978606887555032,accepted,2.1978606887555032,0.5107660659222003,1.8229643483125622,10,10,1.499999999999999,0.599999999999999,0.2099999999999998,0.07740175270853368,7,7,False
bounded,56,2.2050902960440504,accepted,2.2050902960440495,0.5136141280922661,1.8260014102688384,10,10,1.499999999999999,0.5999999999999988,0.20999999999999974,0.07734160983316293,7,7,False
bounded,57,2.2123199033325975,accepted,2.212319903332598,0.5164708191332932,1.8290023509861466,10,10,1.4999999999999987,0.5999999999999989,0.20999999999999977,0.07729143854795367,7,7,False
bounded,58,2.2195495106211443,accepted,2.2195495106211443,0.5193359966518288,1.8319671704644844,10,10,1.4999999999999993,0.5999999999999991,0.2099999999999998,0.07725123885290572,7,7,False
bounded,59,2.2267791179096914,accepted,2.226779117909692,0.5222095209610612,1.834895868703853,10,10,1.4999999999999991,0.5999999999999988,0.2099999999999998,0.07722101074801913,7,7,False
bounded,60,2.2340087251982386,accepted,2.2340087251982386,0.5250912550293628,1.8377884457042521,10,10,1.499999999999999,0.5999999999999988,0.2099999999999998,0.07720075423329385,7,7,False
bounded,61,2.2412383324867857,accepted,2.241238332486786,0.527981064429531,1.8406449014656823,10,10,1.4999999999999991,0.5999999999999985,0.2099999999999998,0.07719046930872994,7,7,False
bounded,62,2.248467939775333,accepted,2.248467939775333,0.5308788172887176,1.8434652359881425,10,10,1.499999999999999,0.599999999999999,0.2099999999999998,0.07719015597432739,7,7,False
bounded,63,2.25569754706388,accepted,2.25569754706388,0.5337843842390795,1.8462494492716335,10,10,1.4999999999999987,0.5999999999999988,0.2099999999999998,0.0771998142300862,7,7,False
bounded,64,2.2629271543524268,accepted,2.2629271543524263,0.5366976383691442,1.8489975413161548,10,10,1.499999999999999,0.5999999999999988,0.2099999999999998,0.07721944407600632,7,7,False
bounded,65,2.270156761640974,accepted,2.2701567616409744,0.5396184551759136,1.851709512121707,10,10,1.4999999999999991,0.5999999999999991,0.2099999999999998,0.07724904551208783,7,7,False
bounded,66,2.277386368929521,accepted,2.277386368929521,0.5425467125176964,1.8543853616882895,10,10,1.4999999999999993,0.5999999999999989,0.2099999999999998,0.07728861853833063,7,7,False
bounded,67,2.2846159762180682,accepted,2.284615976218068,0.5454822905676944,1.8570250900159024,10,10,1.499999999999999,0.5999999999999988,0.2099999999999998,0.07733816315473482,7,7,False
bounded,68,2.291845583506615,accepted,2.2918455835066145,0.5484250788405833,1.8596286859571776,10,10,1.499999999999999,0.599999999999999,0.2099999999999998,0.07739733607638762,7,8,False
bounded,69,2.299075190795162,accepted,2.299075190795162,0.5513753653100568,1.8621955102156933,10,10,1.4999999999999991,0.5999999999999991,0.2099999999999998,0.07746419164774371,7,8,False
bounded,70,2.3063047980837093,accepted,2.3063047980837084,0.5543332630620524,1.864725191884926,10,10,1.4999999999999993,0.5999999999999989,0.2099999999999998,0.07754123662944154,7,8,False
bounded,71,2.3135344053722564,accepted,2.313534405372256,0.557298650904419,1.8672177309650024,10,10,1.499999999999999,0.5999999999999986,0.2099999999999998,0.07762847777782458,7,8,False
bounded,72,2.3207640126608036,accepted,2.320764012660805,0.560271409907187,1.8696731274559233,10,10,1.4999999999999993,0.599999999999999,0.2099999999999998,0.0777259150836509,7,8,False
bounded,73,2.3279936199493507,accepted,2.3279936199493503,0.5632514233586328,1.872091381357686,10,10,1.4999999999999991,0.5999999999999992,0.2099999999999998,0.07783354854693605,7,8,False
bounded,74,2.3352232272378974,accepted,2.335223227237898,0.5662385767221303,1.874472492670293,10,10,1.4999999999999991,0.599999999999999,0.2099999999999998,0.07795137816767995,7,8,False
bounded,75,2.3424528345264446,accepted,2.3424528345264446,0.5692327575936929,1.8768164613937426,10,10,1.4999999999999991,0.5999999999999988,0.2099999999999998,0.07807940394588264,7,8,False
bounded,76,2.3496824418149918,accepted,2.3496824418149918,0.5722338556602315,1.879123287528036,10,10,1.4999999999999991,0.599999999999999,0.2099999999999998,0.07821762588154423,7,8,False
bounded,77,2.3569120491035385,accepted,2.356912049103539,0.5752417626585083,1.881392971073173,10,10,1.4999999999999991,0.599999999999999,0.2099999999999998,0.07836604397466454,7,8,False
bounded,78,2.3641416563920856,accepted,2.3641416563920856,0.5782563723347968,1.8836255120291527,10,10,1.499999999999999,0.599999999999999,0.2099999999999998,0.07852465822524367,7,8,False
bounded,79,2.371371263680633,accepted,2.371371263680633,0.5812775804052386,1.8858209103959769,10,10,1.4999999999999991,0.5999999999999988,0.2099999999999998,0.07869346863328161,7,8,False
bounded,80,2.37860087096918,accepted,2.3786008709691813,0.5843052845169017,1.8879791661736445,10,10,1.5,0.5999999999999993,0.2099999999999998,0.07887247519877832,7,8,False
bounded,81,2.385830478257727,accepted,2.3858304782577267,0.5873393842095247,1.8901002793621535,10,10,1.499999999999999,0.599999999999999,0.2099999999999998,0.0790616779217339,7,8,False
bounded,82,2.3930600855462743,accepted,2.3930600855462747,0.5903797808779606,1.8921842499615082,10,10,1.4999999999999993,0.5999999999999988,0.2099999999999998,0.07926107680214822,7,8,False
bounded,83,2.400289692834821,accepted,2.4002896928348205,0.5934263777352942,1.8942310779717042,10,10,1.499999999999999,0.5999999999999989,0.20999999999999974,0.07947067184002136,7,8,False
bounded,84,2.407519300123368,accepted,2.4075193001233686,0.5964790797766458,1.8962407633927454,10,10,1.4999999999999996,0.5999999999999986,0.2099999999999998,0.07969046303535328,7,8,False
bounded,85,2.4147489074119153,accepted,2.414748907411916,0.5995384890937533,1.8982121080573098,10,10,1.4999999999999991,0.5999999999999989,0.2099999999999998,0.07989495402379969,8,8,False
bounded,86,2.4219785147004624,accepted,2.4219785147004624,0.602605958041854,1.900142592852017,10,10,1.4999999999999991,0.5999999999999992,0.2099999999999998,0.08010770250642602,8,8,False
bounded,87,2.429208121989009,accepted,2.42920812198901,0.6056814102907613,1.9020321374862421,10,10,1.4999999999999993,0.5999999999999994,0.2099999999999998,0.08033584250368103,8,8,False
bounded,88,2.4364377292775563,accepted,2.436437729277556,0.6087647248466469,1.9038807419599846,10,10,1.4999999999999998,0.5999999999999992,0.2099999999999998,0.08057937401556456,8,8,False
bounded,89,2.4436673365661035,accepted,2.443667336566104,0.6118557828483496,1.9056884062732453,10,10,1.4999999999999993,0.5999999999999989,0.2099999999999998,0.08083829704207682,8,8,False
bounded,90,2.4508969438546506,accepted,2.4508969438546506,0.6149544675289901,1.9074551304260232,10,10,1.4999999999999993,0.5999999999999992,0.2099999999999998,0.08111261158321766,8,8,False
bounded,91,2.458126551143198,accepted,2.4581265511431987,0.6180606641781248,1.9091809144183198,10,10,1.4999999999999993,0.5999999999999992,0.2099999999999998,0.08140231763898712,8,8,False
bounded,92,2.465356158431745,accepted,2.4653561584317445,0.6211742601044326,1.9108657582501327,10,10,1.4999999999999993,0.5999999999999988,0.2099999999999998,0.0817074152093851,8,8,False
bounded,93,2.4725857657202917,accepted,2.4725857657202917,0.6242951445989455,1.9125096619214639,10,10,1.4999999999999991,0.5999999999999988,0.2099999999999998,0.0820279042944118,8,8,False
bounded,94,2.479815373008839,accepted,2.47981537300884,0.6274232088988195,1.9141126254323138,10,10,1.4999999999999998,0.5999999999999994,0.2099999999999998,0.08236378489406707,8,8,False
bounded,95,2.487044980297386,accepted,2.4870449802973855,0.6305583461516533,1.9156746487826797,10,10,1.4999999999999991,0.5999999999999988,0.2099999999999998,0.08271505700835095,8,8,False
bounded,96,2.4942745875859327,accepted,2.494274587585933,0.6337004513803579,1.9171957319725648,10,10,1.4999999999999987,0.5999999999999991,0.20999999999999977,0.08308172063726349,8,8,False
bounded,97,2.50150419487448,accepted,2.5015041948744794,0.6368494214485666,1.9186758750019668,10,10,1.5,0.5999999999999994,0.2099999999999998,0.08346377578080441,8,8,False
bounded,98,2.508733802163027,accepted,2.5087338021630274,0.6400051649234196,1.9201150596664935,10,10,1.4999999999999996,0.5999999999999988,0.2099999999999998,0.08385343209863287,8,9,False
bounded,99,2.515963409451574,accepted,2.515963409451525,0.6599302660061724,1.8901235464271258,10,10,1.4999999999999876,0.5999999999999802,0.2099999999999998,0.08409999999999869,9,9,False
relaxed,0,1.6202182229460147,accepted,1.6202182229460147,0.3621956154213821,1.4316999266599888,8,4,1.4999999999999993,0.5999999999999989,0.25413690318420623,0.1206167344747922,2,6,True
relaxed,1,1.6498205540427862,accepted,1.6498205540427862,0.3623997433775931,1.461089705772224,7,3,1.4999999999999987,0.5999999999999988,0.25574793423035197,0.11985661492392585,3,7,True
relaxed,2,1.6794228851395576,accepted,1.6794228851395578,0.3630896655391857,1.4899727563446936,7,3,1.4999999999999987,0.599999999999999,0.2561762851549746,0.11790186539318488,3,7,True
relaxed,3,1.709025216236329,accepted,1.7090252162363293,0.3642892604909178,1.5183211886820258,7,3,1.499999999999999,0.5999999999999991,0.2566045907927756,0.11666477453824842,3,7,True
relaxed,4,1.7386275473331005,accepted,1.7386275473331008,0.3659935166951549,1.546135002784573,7,3,1.499999999999999,0.599999999999999,0.2570329264462112,0.11614536813868147,3,7,True
relaxed,5,1.768229878429872,accepted,1.7682298784298722,0.36818231948100844,1.5734280684826474,8,3,1.4999999999999991,0.599999999999999,0.2567782151809926,0.11551679826205162,2,7,True
relaxed,6,1.7978322095266435,accepted,1.7978322095266435,0.37079023927644544,1.6002609741779366,8,3,1.499999999999999,0.5999999999999991,0.25603470412139695,0.11499351694833254,2,7,True
relaxed,7,1.827434540623415,accepted,1.8274345406234147,0.3738019139161273,1.6266408000066204,8,3,1.499999999999999,0.599999999999999,0.2552909864737703,0.1151609424143019,2,7,True
relaxed,8,1.8570368717201864,accepted,1.8570368717201862,0.3772076726319618,1.652567545968731,8,3,1.499999999999999,0.599999999999999,0.25454726875590006,0.11601908558129681,2,7,True
relaxed,9,1.8866392028169578,accepted,1.8866392028169576,0.3809969473340538,1.6780412120642691,8,3,1.4999999999999991,0.599999999999999,0.2538035510380515,0.11756794649059396,2,7,True
relaxed,10,1.9162415339137293,accepted,1.9162415339137295,0.3851584188404811,1.7030617982932346,8,3,1.499999999999999,0.599999999999999,0.2530598333202032,0.11980752514217803,2,7,True
relaxed,11,1.9458438650105008,accepted,1.9458438650105008,0.3897019761845349,1.727604873963125,7,3,1.499999999999999,0.599999999999999,0.248546068817887,0.12108611655163559,3,7,True
relaxed,12,1.9754461961072722,accepted,1.9754461961072727,0.39466879845898384,1.751608763453831,7,3,1.4999999999999991,0.5999999999999991,0.2498277702467963,0.1224513165080223,3,7,True
relaxed,13,2.0050485272040435,accepted,2.0050485272040435,0.40004226876936216,1.7750744461133248,7,4,1.4999999999999991,0.5999999999999992,0.255167089665752,0.12399081535734277,3,6,True
relaxed,14,2.034650858300815,accepted,2.034650858300815,0.4057875127768557,1.798023755797524,7,4,1.499999999999999,0.599999999999999,0.2589871630956703,0.1257246236915053,3,6,True
relaxed,15,2.0642531893975864,accepted,2.0642531893975864,0.41188617041484454,1.8204600110044538,7,4,1.499999999999999,0.599999999999999,0.2628077614428095,0.1280918350664292,3,6,True
relaxed,16,2.093855520494358,accepted,2.093855520494358,0.41832278489440494,1.8423832117347845,7,4,1.4999999999999991,0.5999999999999989,0.26662835974574656,0.13109234308513013,3,6,True
relaxed,17,2.1234578515911293,accepted,2.1234578515911298,0.4250948465178592,1.863777668359121,6,4,1.4999999999999991,0.5999999999999991,0.27122327374430055,0.13411918952285276,4,6,True
relaxed,18,2.153060182687901,accepted,2.1530601826879017,0.4322488373466547,1.8845660519275325,6,4,1.4999999999999991,0.5999999999999992,0.2764494418370482,0.13738300240889634,4,6,True
relaxed,19,2.1826625137846722,accepted,2.1826625137846727,0.4397743796671904,1.9047379208118662,6,4,1.4999999999999991,0.5999999999999991,0.2816758244056963,0.141407508722091,4,6,True
relaxed,20,2.2122648448814437,accepted,2.2122648448814437,0.4476527352851545,1.9242932750123298,6,4,1.4999999999999991,0.599999999999999,0.28690220702619545,0.14619265780271185,4,6,True
relaxed,21,2.241867175978215,accepted,2.241867175978215,0.45589044436709275,1.9431995790843273,5,3,1.4999999999999991,0.599999999999999,0.304964339381649,0.15211713205843602,5,7,True
relaxed,22,2.2714695070749866,accepted,2.271469507074986,0.4647961076427489,1.961019199904624,6,3,1.4999999999999987,0.5999999999999989,0.32829112913639047,0.15675706726532562,4,7,True
relaxed,23,2.301071838171758,accepted,2.3010718381717576,0.4740934045895528,1.9780774653318818,6,3,1.4999999999999991,0.599999999999999,0.33418367980431585,0.15808981479814016,4,7,True
relaxed,24,2.3306741692685295,accepted,2.3306741692685295,0.48359009563355015,1.9946102220888964,6,3,1.4999999999999991,0.599999999999999,0.3400767749583215,0.1597046264677664,4,7,True
relaxed,25,2.360276500365301,accepted,2.360276500365302,0.4932746645012726,2.010617470175186,6,3,1.4999999999999993,0.5999999999999991,0.3459698699595255,0.16160150105900184,4,7,True
relaxed,26,2.3898788314620725,accepted,2.389878831462073,0.5031362622662414,2.0260992095907495,6,3,1.4999999999999991,0.599999999999999,0.35186296496079833,0.1637804385951878,4,7,True
relaxed,27,2.419481162558844,accepted,2.419481162558844,0.5131646830210249,2.041055440335588,6,3,1.4999999999999993,0.5999999999999991,0.3577560599620706,0.16624143907632088,4,7,True
relaxed,28,2.4490834936556154,accepted,2.4490834936556154,0.5233503368846898,2.055486162409702,6,3,1.4999999999999991,0.599999999999999,0.36364915496334266,0.16898450250240138,4,7,True
relaxed,29,2.478685824752387,accepted,2.4786858247523873,0.5336842212947577,2.0693913758130904,6,3,1.4999999999999991,0.599999999999999,0.3695422499646159,0.1720096288734291,4,7,True
relaxed,30,2.5082881558491583,accepted,2.508288155849159,0.5441578913560747,2.0827710805457538,6,3,1.4999999999999993,0.5999999999999993,0.37543534496588765,0.1753168181894038,4,7,True
relaxed,31,2.53789048694593,accepted,2.5378904869459307,0.5547634298650296,2.095625276607692,6,3,1.4999999999999993,0.599999999999999,0.38132843996716126,0.1789060704503262,4,7,True
relaxed,32,2.5674928180427012,accepted,2.567492818042702,0.5654944257418762,2.107952325327765,6,2,1.4999999999999996,0.599999999999999,0.3876493249265904,0.18245565337159808,4,8,True
relaxed,33,2.5970951491394727,accepted,2.597095149139474,0.5763566262389405,2.1197310985716604,6,2,1.4999999999999996,0.5999999999999992,0.394815380649852,0.1856387506881993,4,8,True
relaxed,34,2.626697480236244,accepted,2.626697480236244,0.5873465833049369,2.130955128806827,6,2,1.499999999999999,0.599999999999999,0.40198232234614056,0.18909217230839304,4,8,True
relaxed,35,2.6562998113330156,accepted,2.656299811333016,0.5984572586889747,2.141624416031775,6,2,1.4999999999999993,0.5999999999999989,0.40914926417882463,0.19281558554840345,4,8,True
relaxed,36,2.685902142429787,accepted,2.685902142429789,0.6096820526160754,2.1517389602465036,6,2,1.4999999999999996,0.599999999999999,0.41631620601167585,0.19680899058598497,4,8,True
relaxed,37,2.7155044735265585,accepted,2.7155044735265585,0.6210147770656244,2.161298761451011,6,2,1.4999999999999996,0.5999999999999988,0.42348314784452507,0.20107238742113887,4,8,True
relaxed,38,2.74510680462333,accepted,2.745106804623332,0.6324552431666306,2.1702936167359703,5,2,1.4999999999999998,0.5999999999999994,0.42832161560761844,0.2043492748489773,5,8,True
relaxed,39,2.7747091357201015,accepted,2.7747091357201015,0.644011575418472,2.178697860431193,5,2,1.4999999999999993,0.599999999999999,0.4323471571743565,0.20743285459112276,5,8,True
relaxed,40,2.804311466816873,accepted,2.8043114668168725,0.6556783050430339,2.1865102532696787,5,2,1.499999999999999,0.5999999999999988,0.43637373444617783,0.21075776285273534,5,8,True
relaxed,41,2.8339137979136444,accepted,2.833913797913645,0.6674496429727669,2.19373079524835,5,2,1.4999999999999993,0.5999999999999989,0.44040030849396977,0.21432367871343405,5,8,True
relaxed,42,2.863516129010416,accepted,2.8635161290104145,0.6793201512350984,2.200359486367217,5,2,1.4999999999999991,0.599999999999999,0.4444268825501141,0.21813060312248805,5,8,True
relaxed,43,2.8931184601071873,accepted,2.8931184601071873,0.691284721090317,2.2063963266262814,5,2,1.4999999999999993,0.5999999999999988,0.4484534566062372,0.22217853607745142,5,8,True
relaxed,44,2.922720791203959,accepted,2.9227207912039583,0.703352016348533,2.2118140989115846,4,2,1.4999999999999987,0.5999999999999989,0.4505647732816031,0.22524731570951487,6,8,True
relaxed,45,2.9523231223007302,accepted,2.9523231223007316,0.7155635180153288,2.216516808507477,4,2,1.4999999999999996,0.599999999999999,0.4516115017446088,0.22799854784235846,6,8,True
relaxed,46,2.9819254533975017,accepted,2.981925453397502,0.7279159728628857,2.2204960779391874,4,2,1.4999999999999996,0.599999999999999,0.45265824077270994,0.23113607247185097,6,8,True
relaxed,47,3.011527784494273,accepted,3.0115277844942736,0.7404023261746855,2.2237519072067253,4,2,1.4999999999999991,0.5999999999999988,0.45370497980019275,0.23465989182478175,6,8,True
relaxed,48,3.0411301155910446,accepted,3.0411301155910455,0.7530405204267184,2.2262310485536245,3,2,1.4999999999999993,0.599999999999999,0.4485477159149323,0.23503966178506147,7,8,True
relaxed,49,3.070732446687816,accepted,3.0707324466878148,0.7659275805139828,2.2277033858805617,3,2,1.4999999999999991,0.5999999999999986,0.4390115663680172,0.2332633317458237,7,8,True
relaxed,50,3.1003347777845875,accepted,3.1003347777845884,0.7790630046425663,2.228142390046734,3,2,1.5,0.5999999999999996,0.4294754318809342,0.2318095640506339,7,8,True
relaxed,51,3.129937108881359,accepted,3.1299371088813603,0.7924344422326945,2.2275480610521354,3,2,1.4999999999999998,0.5999999999999992,0.4199392973932628,0.23067835334009512,7,8,True
relaxed,52,3.1595394399781305,accepted,3.1595394399781314,0.8060301475092713,2.225920398896769,3,2,1.4999999999999996,0.599999999999999,0.41040316290559153,0.22986969961438497,7,8,True
relaxed,53,3.189141771074902,accepted,3.1891417710749024,0.8198389631959634,2.2232594035806335,3,2,1.4999999999999996,0.5999999999999992,0.40086702841792127,0.22938360287350334,7,8,True
relaxed,54,3.2187441021716734,accepted,3.218744102171674,0.8338503018395361,2.2195650751037292,3,2,1.4999999999999991,0.5999999999999991,0.39133089393025067,0.22922006311745052,7,8,True
relaxed,55,3.248346433268445,accepted,3.2483464332684444,0.8480541253981236,2.2148374134660567,3,2,1.4999999999999993,0.5999999999999994,0.39221271549458847,0.22937908034622612,7,8,True
relaxed,56,3.2779487643652163,accepted,3.277948764365216,0.8624409236318201,2.209076418667615,3,2,1.4999999999999998,0.5999999999999992,0.4075205381329185,0.2298606545598303,7,8,True
relaxed,57,3.3075510954619878,accepted,3.307551095461988,0.877001691747671,2.2022820907084038,3,2,1.4999999999999993,0.5999999999999992,0.42282836077124913,0.2306647857582632,7,8,True
relaxed,58,3.3371534265587592,accepted,3.3371534265587592,0.8917279076741312,2.1944544295884247,3,2,1.4999999999999991,0.5999999999999988,0.438136183409579,0.23179147394152466,7,8,True
relaxed,59,3.3667557576555307,accepted,3.3667557576555347,0.9066115092721536,2.185593435307678,3,2,1.5000000000000002,0.5999999999999996,0.45344400604790985,0.23324071910961466,7,8,True
relaxed,60,3.396358088752302,accepted,3.396358088752301,0.9216448717308712,2.1756991078661594,3,2,1.4999999999999993,0.5999999999999988,0.4687518286862388,0.23501252126253325,7,8,True
relaxed,61,3.4259604198490736,accepted,3.4259604198490736,0.9368207853448479,2.164771447263875,3,2,1.4999999999999993,0.599999999999999,0.4840596513245689,0.23710688040028047,7,8,True
relaxed,62,3.455562750945845,accepted,3.4555627509458446,0.9521324338261452,2.1528104535008206,3,2,1.4999999999999998,0.5999999999999993,0.4993674739628987,0.2395237965228561,7,8,True
relaxed,63,3.4851650820426165,accepted,3.485165082042616,0.9675733732676295,2.1398161265769975,3,2,1.4999999999999993,0.599999999999999,0.5146752966012288,0.2422632696302607,7,8,True
relaxed,64,3.514767413139388,accepted,3.51476741313939,0.9831375118428448,2.1257884664924056,3,2,1.5,0.5999999999999988,0.5299831192395595,0.24532529972249373,7,8,True
relaxed,65,3.5443697442361595,accepted,3.5443697442361635,0.9988190903020512,2.110727473247047,3,2,1.5000000000000013,0.5999999999999992,0.5452909418778893,0.24870988679955525,7,8,True
relaxed,66,3.573972075332931,accepted,3.5739720753329305,1.0146126633027654,2.0946331468409163,3,2,1.4999999999999998,0.5999999999999984,0.5605987645162187,0.25241703086144507,7,8,True
relaxed,67,3.6035744064297024,accepted,3.6035744064296997,1.0305130815958057,2.077505487274019,3,2,1.5000000000000002,0.5999999999999988,0.5759065871545478,0.2564467319081632,7,8,True
relaxed,68,3.6331767375264734,accepted,3.6331767375264743,1.0465154750738657,2.0593444945463517,3,2,1.4999999999999996,0.5999999999999992,0.5912144097928788,0.2607989899397116,7,8,True
relaxed,69,3.6627790686232453,accepted,3.6627790686232458,1.0626152366785027,2.0401501686579167,3,2,1.5,0.599999999999999,0.6065222324312086,0.26547380495608713,7,8,True
relaxed,70,3.6923813997200163,accepted,3.6923813997200137,1.0788080071526993,2.019922509608711,3,2,1.5,0.5999999999999992,0.6218300550695379,0.270471176957291,7,8,True
relaxed,71,3.7219837308167882,accepted,3.7219837308167922,1.0950896606193905,1.998661517398738,3,2,1.5000000000000004,0.5999999999999993,0.6371378777078698,0.2757911059433254,7,8,True
relaxed,72,3.7515860619135593,accepted,3.751586061913561,1.111456290961294,1.9763671920279973,3,2,1.4999999999999996,0.5999999999999988,0.652445700346199,0.28143359191418704,7,8,True
relaxed,73,3.781188393010331,accepted,3.7811883930103303,1.1279041989737517,1.953039533496487,3,2,1.4999999999999996,0.5999999999999989,0.6677535229845284,0.2873986348698768,7,8,True
relaxed,74,3.810790724107102,accepted,3.810790724107103,1.1444298802596193,1.928678541804206,3,2,1.5,0.5999999999999983,0.6830613456228593,0.293686234810396,7,8,True
relaxed,75,3.840393055203874,accepted,3.840393055203875,1.1610300138337122,1.9032842169511583,3,2,1.4999999999999998,0.5999999999999991,0.6983691682611892,0.3002963917357437,7,8,True
relaxed,76,3.869995386300645,accepted,3.869995386300649,1.1777014514033735,1.8768565589373423,3,2,1.5000000000000009,0.5999999999999988,0.7136769908995195,0.30722910564591965,7,8,True
relaxed,77,3.899597717397417,accepted,3.8995977173974206,1.1944412072914066,1.8493955677627554,3,2,1.5000000000000004,0.5999999999999994,0.7289848135378498,0.31448437654092454,7,8,True
relaxed,78,3.929200048494188,accepted,3.9292000484941942,1.2112464489678112,1.820901243427402,3,2,1.5000000000000013,0.6000000000000001,0.7442926361761799,0.3220622044207576,7,8,True
relaxed,79,3.95880237959096,accepted,3.9588023795909617,1.2281144881572508,1.7913735859312796,3,2,1.5000000000000002,0.5999999999999988,0.759600458814509,0.32996258928541944,7,8,True
relaxed,80,3.988404710687731,accepted,3.988404710687733,1.2450427724900068,1.7608125952743858,3,2,1.5000000000000004,0.5999999999999999,0.7749082814528394,0.3381855311349099,7,8,True
relaxed,81,4.018007041784503,accepted,4.018007041784502,1.2620288776651243,1.7292182714567281,3,2,1.4999999999999998,0.5999999999999992,0.7902161040911682,0.34673102996922844,7,8,True
relaxed,82,4.047609372881274,accepted,4.0476093728812765,1.2790705000956866,1.6965906144782963,3,2,1.5,0.5999999999999991,0.8055239267294994,0.35559908578837685,7,8,True
relaxed,83,4.077211703978046,accepted,4.077211703978046,1.2961654500072886,1.6629296243391019,3,2,1.5000000000000016,0.6000000000000003,0.8208317493678275,0.36478969859235116,7,8,True
relaxed,84,4.106814035074817,accepted,4.106814035074816,1.3133116449622328,1.6282353010391346,3,2,1.5,0.5999999999999991,0.8361395720061578,0.37430286838115684,7,8,True
relaxed,85,4.136416366171589,accepted,4.136416366171586,1.3305071037831604,1.5925076445783977,3,2,1.5000000000000007,0.5999999999999993,0.8514473946444875,0.38413859515478954,7,8,True
relaxed,86,4.16601869726836,accepted,4.166018697268365,1.3477499408513238,1.555746654956892,3,2,1.5000000000000018,0.5999999999999996,0.8667552172828195,0.39429687891325244,7,8,True
relaxed,87,4.195621028365132,accepted,4.195621028365138,1.365038360755943,1.51795233217462,3,2,1.5000000000000022,0.6000000000000003,0.8820630399211491,0.40477771965654263,7,8,True
relaxed,88,4.225223359461903,accepted,4.225223359461906,1.3823706532724984,1.4791246762315775,3,2,1.5000000000000016,0.6000000000000003,0.8973708625594791,0.415581117384662,7,8,True
relaxed,89,4.2548256905586745,accepted,4.254825690558674,1.3997451886490035,1.4392636871277658,3,2,1.4999999999999998,0.5999999999999988,0.9126786851978085,0.42670707209761,7,8,True
relaxed,90,4.284428021655446,accepted,4.2844280216554465,1.417160413180624,1.3983693648631865,3,2,1.5000000000000002,0.5999999999999993,0.9279865078361386,0.43815558379538644,7,8,True
relaxed,91,4.3140303527522175,accepted,4.314030352752217,1.434614845054154,1.356441709437839,3,2,1.5000000000000002,0.5999999999999982,0.9432943304744684,0.44992665247799146,7,8,True
relaxed,92,4.3436326838489885,accepted,4.343632683848994,1.4521070704450414,1.3134807208517167,3,2,1.5000000000000007,0.5999999999999994,0.9586021531128004,0.46202027814542596,7,8,True
relaxed,93,4.37323501494576,accepted,4.373235014945766,1.4696357398506732,1.2694863991048337,3,2,1.5000000000000013,0.6000000000000002,0.9739099757511298,0.4744364607976876,7,8,True
relaxed,94,4.402837346042531,accepted,4.402837346042538,1.487199564644782,1.2244587441971815,3,2,1.5000000000000018,0.5999999999999995,0.9892177983894596,0.487175200434778,7,8,True
relaxed,95,4.432439677139303,accepted,4.432439677139313,1.5047973138386677,1.1783977561287524,3,2,1.500000000000004,0.6,1.004525621027791,0.5002364970566971,7,8,True
relaxed,96,4.462042008236074,accepted,4.462042008236083,1.5224376462821299,1.1312604000319935,2,2,1.5000000000000016,0.600000000000001,1.0186097763258157,0.5121151122359835,8,8,True
relaxed,97,4.491644339332846,accepted,4.491644339332849,1.5401303144460565,1.0829970304635763,2,2,1.5000000000000018,0.5999999999999979,1.0326473929119289,0.5242952494740227,8,8,True
relaxed,98,4.521246670429617,accepted,4.521246670429615,1.5578735491201023,1.0336075851480717,2,2,1.5,0.5999999999999982,1.0466850094980422,0.5368348379680045,8,8,True
relaxed,99,4.550849001526389,accepted,4.550849001526404,1.5907887882682508,0.914277157853892,1,1,1.500000000000018,0.5999999999999917,1.049999999999999,0.579999999999985,10,10,True
