Month,Asset_ID,Endpoint,Reason
2021-03-31,ALB,2021-02-28,missing_month
2021-03-31,CIEN,2021-02-28,missing_month
2021-03-31,COIN,2021-02-28,missing_month
2021-03-31,FDS,2021-02-28,missing_month
2021-03-31,FISV,2021-02-28,missing_month
2021-03-31,GDDY,2021-02-28,missing_month
2021-03-31,INTC,2021-02-28,missing_month
2021-03-31,IT,2021-02-28,missing_month
2021-03-31,LRCX,2021-02-28,missing_month
2021-03-31,MU,2021-02-28,missing_month
2021-03-31,NOW,2021-02-28,missing_month
2021-03-31,PAYC,2021-02-28,missing_month
2021-03-31,SMCI,2021-02-28,missing_month
2021-03-31,SNDK,2021-02-28,missing_month
2021-03-31,STX,2021-02-28,missing_month
2021-03-31,TER,2021-02-28,missing_month
2021-03-31,TTD,2021-02-28,missing_month
2021-03-31,TYL,2021-02-28,missing_month
2021-03-31,WBD,2021-02-28,missing_month
2021-03-31,WDC,2021-02-28,missing_month
2021-04-30,ALB,2021-03-31,missing_month
2021-04-30,CIEN,2021-03-31,missing_month
2021-04-30,COIN,2021-03-31,missing_month
2021-04-30,FDS,2021-03-31,missing_month
2021-04-30,FISV,2021-03-31,missing_month
2021-04-30,GDDY,2021-03-31,missing_month
2021-04-30,INTC,2021-03-31,missing_month
2021-04-30,IT,2021-03-31,missing_month
2021-04-30,LRCX,2021-03-31,missing_month
2021-04-30,MU,2021-03-31,missing_month
2021-04-30,NOW,2021-03-31,missing_month
2021-04-30,PAYC,2021-03-31,missing_month
2021-04-30,SMCI,2021-03-31,missing_month
2021-04-30,SNDK,2021-03-31,missing_month
2021-04-30,STX,2021-03-31,missing_month
2021-04-30,TER,2021-03-31,missing_month
2021-04-30,TTD,2021-03-31,missing_month
2021-04-30,TYL,2021-03-31,missing_month
2021-04-30,WBD,2021-03-31,missing_month
2021-04-30,WDC,2021-03-31,missing_month
2021-05-31,ALB,2021-04-30,missing_month
2021-05-31,CIEN,2021-04-30,missing_month
2021-05-31,COIN,2021-04-30,missing_month
2021-05-31,FDS,2021-04-30,missing_month
2021-05-31,FISV,2021-04-30,missing_month
2021-05-31,GDDY,2021-04-30,missing_month
2021-05-31,INTC,2021-04-30,missing_month
2021-05-31,IT,2021-04-30,missing_month
2021-05-31,LRCX,2021-04-30,missing_month
2021-05-31,MU,2021-04-30,missing_month
2021-05-31,NOW,2021-04-30,missing_month
2021-05-31,PAYC,2021-04-30,missing_month
2021-05-31,SMCI,2021-04-30,missing_month
2021-05-31,SNDK,2021-04-30,missing_month
2021-05-31,STX,2021-04-30,missing_month
2021-05-31,TER,2021-04-30,missing_month
2021-05-31,TTD,2021-04-30,missing_month
2021-05-31,TYL,2021-04-30,missing_month
2021-05-31,WBD,2021-04-30,missing_month
2021-05-31,WDC,2021-04-30,missing_month
2021-06-30,ALB,2021-05-31,missing_month
2021-06-30,CIEN,2021-05-31,missing_month
2021-06-30,COIN,2021-05-31,missing_month
2021-06-30,FDS,2021-05-31,missing_month
2021-06-30,FISV,2021-05-31,missing_month
2021-06-30,GDDY,2021-05-31,missing_month
2021-06-30,INTC,2021-05-31,missing_month
2021-06-30,IT,2021-05-31,missing_month
2021-06-30,LRCX,2021-05-31,missing_month
2021-06-30,MU,2021-05-31,missing_month
2021-06-30,NOW,2021-05-31,missing_month
2021-06-30,PAYC,2021-05-31,missing_month
2021-06-30,SMCI,2021-05-31,missing_month
2021-06-30,SNDK,2021-05-31,missing_month
2021-06-30,STX,2021-05-31,missing_month
2021-06-30,TER,2021-05-31,missing_month
2021-06-30,TTD,2021-05-31,missing_month
2021-06-30,TYL,2021-05-31,missing_month
2021-06-30,WBD,2021-05-31,missing_month
2021-06-30,WDC,2021-05-31,missing_month
2021-07-31,ALB,2021-06-30,missing_month
2021-07-31,CIEN,2021-06-30,missing_month
2021-07-31,COIN,2021-06-30,missing_month
2021-07-31,FDS,2021-06-30,missing_month
2021-07-31,FISV,2021-06-30,missing_month
2021-07-31,GDDY,2021-06-30,missing_month
2021-07-31,INTC,2021-06-30,missing_month
2021-07-31,IT,2021-06-30,missing_month
2021-07-31,LRCX,2021-06-30,missing_month
2021-07-31,MU,2021-06-30,missing_month
2021-07-31,NOW,2021-06-30,missing_month
2021-07-31,PAYC,2021-06-30,missing_month
2021-07-31,SMCI,2021-06-30,missing_month
2021-07-31,SNDK,2021-06-30,missing_month
2021-07-31,STX,2021-06-30,missing_month
2021-07-31,TER,2021-06-30,missing_month
2021-07-31,TTD,2021-06-30,missing_month
2021-07-31,TYL,2021-06-30,missing_month
2021-07-31,WBD,2021-06-30,missing_month
2021-07-31,WDC,2021-06-30,missing_month
2021-08-31,ALB,2021-07-31,missing_month
2021-08-31,CIEN,2021-07-31,missing_month
2021-08-31,COIN,2021-07-31,missing_month
2021-08-31,FDS,2021-07-31,missing_month
2021-08-31,FISV,2021-07-31,missing_month
2021-08-31,GDDY,2021-07-31,missing_month
2021-08-31,INTC,2021-07-31,missing_month
2021-08-31,IT,2021-07-31,missing_month
2021-08-31,LRCX,2021-07-31,missing_month
2021-08-31,MU,2021-07-31,missing_month
2021-08-31,NOW,2021-07-31,missing_month
2021-08-31,PAYC,2021-07-31,missing_month
2021-08-31,SMCI,2021-07-31,missing_month
2021-08-31,SNDK,2021-07-31,missing_month
2021-08-31,STX,2021-07-31,missing_month
2021-08-31,TER,2021-07-31,missing_month
2021-08-31,TTD,2021-07-31,missing_month
2021-08-31,TYL,2021-07-31,missing_month
2021-08-31,WBD,2021-07-31,missing_month
2021-08-31,WDC,2021-07-31,missing_month
2021-09-30,ALB,2021-08-31,missing_month
2021-09-30,CIEN,2021-08-31,missing_month
2021-09-30,COIN,2021-08-31,missing_month
2021-09-30,FDS,2021-08-31,missing_month
2021-09-30,FISV,2021-08-31,missing_month
2021-09-30,GDDY,2021-08-31,missing_month
2021-09-30,INTC,2021-08-31,missing_month
2021-09-30,IT,2021-08-31,missing_month
2021-09-30,LRCX,2021-08-31,missing_month
2021-09-30,MU,2021-08-31,missing_month
2021-09-30,NOW,2021-08-31,missing_month
2021-09-30,PAYC,2021-08-31,missing_month
2021-09-30,SMCI,2021-08-31,missing_month
2021-09-30,SNDK,2021-08-31,missing_month
2021-09-30,STX,2021-08-31,missing_month
2021-09-30,TER,2021-08-31,missing_month
2021-09-30,TTD,2021-08-31,missing_month
2021-09-30,TYL,2021-08-31,missing_month
2021-09-30,WBD,2021-08-31,missing_month
2021-09-30,WDC,2021-08-31,missing_month
2021-10-31,ALB,2021-09-30,missing_month
2021-10-31,CIEN,2021-09-30,missing_month
2021-10-31,COIN,2021-09-30,missing_month
2021-10-31,FDS,2021-09-30,missing_month
2021-10-31,FISV,2021-09-30,missing_month
2021-10-31,GDDY,2021-09-30,missing_month
2021-10-31,INTC,2021-09-30,missing_month
2021-10-31,IT,2021-09-30,missing_month
2021-10-31,LRCX,2021-09-30,missing_month
2021-10-31,MU,2021-09-30,missing_month
2021-10-31,NOW,2021-09-30,missing_month
2021-10-31,PAYC,2021-09-30,missing_month
2021-10-31,SMCI,2021-09-30,missing_month
2021-10-31,SNDK,2021-09-30,missing_month
2021-10-31,STX,2021-09-30,missing_month
2021-10-31,TER,2021-09-30,missing_month
2021-10-31,TTD,2021-09-30,missing_month
2021-10-31,TYL,2021-09-30,missing_month
2021-10-31,WBD,2021-09-30,missing_month
2021-10-31,WDC,2021-09-30,missing_month
2021-11-30,ALB,2021-10-31,missing_month
2021-11-30,CIEN,2021-10-31,missing_month
2021-11-30,COIN,2021-10-31,missing_month
2021-11-30,FDS,2021-10-31,missing_month
2021-11-30,FISV,2021-10-31,missing_month
2021-11-30,GDDY,2021-10-31,missing_month
2021-11-30,INTC,2021-10-31,missing_month
2021-11-30,IT,2021-10-31,missing_month
2021-11-30,LRCX,2021-10-31,missing_month
2021-11-30,MU,2021-10-31,missing_month
2021-11-30,NOW,2021-10-31,missing_month
2021-11-30,PAYC,2021-10-31,missing_month
2021-11-30,SMCI,2021-10-31,missing_month
2021-11-30,SNDK,2021-10-31,missing_month
2021-11-30,STX,2021-10-31,missing_month
2021-11-30,TER,2021-10-31,missing_month
2021-11-30,TTD,2021-10-31,missing_month
2021-11-30,TYL,2021-10-31,missing_month
2021-11-30,WBD,2021-10-31,missing_month
2021-11-30,WDC,2021-10-31,missing_month
2021-12-31,ALB,2021-11-30,missing_month
2021-12-31,CIEN,2021-11-30,missing_month
2021-12-31,COIN,2021-11-30,missing_month
2021-12-31,FDS,2021-11-30,missing_month
2021-12-31,FISV,2021-11-30,missing_month
2021-12-31,GDDY,2021-11-30,missing_month
2021-12-31,INTC,2021-11-30,missing_month
2021-12-31,IT,2021-11-30,missing_month
2021-12-31,LRCX,2021-11-30,missing_month
2021-12-31,MU,2021-11-30,missing_month
2021-12-31,NOW,2021-11-30,missing_month
2021-12-31,PAYC,2021-11-30,missing_month
2021-12-31,SMCI,2021-11-30,missing_month
2021-12-31,SNDK,2021-11-30,missing_month
2021-12-31,STX,2021-11-30,missing_month
2021-12-31,TER,2021-11-30,missing_month
2021-12-31,TTD,2021-11-30,missing_month
2021-12-31,TYL,2021-11-30,missing_month
2021-12-31,WBD,2021-11-30,missing_month
2021-12-31,WDC,2021-11-30,missing_month
2022-01-31,ALB,2021-12-31,missing_month
2022-01-31,CIEN,2021-12-31,missing_month
2022-01-31,COIN,2021-12-31,missing_month
2022-01-31,FDS,2021-12-31,missing_month
2022-01-31,FISV,2021-12-31,missing_month
2022-01-31,GDDY,2021-12-31,missing_month
2022-01-31,INTC,2021-12-31,missing_month
2022-01-31,IT,2021-12-31,missing_month
2022-01-31,LRCX,2021-12-31,missing_month
2022-01-31,MU,2021-12-31,missing_month
2022-01-31,NOW,2021-12-31,missing_month
2022-01-31,PAYC,2021-12-31,missing_month
2022-01-31,SMCI,2021-12-31,missing_month
2022-01-31,SNDK,2021-12-31,missing_month
2022-01-31,STX,2021-12-31,missing_month
2022-01-31,TER,2021-12-31,missing_month
2022-01-31,TTD,2021-12-31,missing_month
2022-01-31,TYL,2021-12-31,missing_month
2022-01-31,WBD,2021-12-31,missing_month
2022-01-31,WDC,2021-12-31,missing_month
2022-02-28,ALB,2022-01-31,missing_month
2022-02-28,CIEN,2022-01-31,missing_month
2022-02-28,COIN,2022-01-31,missing_month
2022-02-28,FDS,2022-01-31,missing_month
2022-02-28,FISV,2022-01-31,missing_month
2022-02-28,GDDY,2022-01-31,missing_month
2022-02-28,INTC,2022-01-31,missing_month
2022-02-28,IT,2022-01-31,missing_month
2022-02-28,LRCX,2022-01-31,missing_month
2022-02-28,MU,2022-01-31,missing_month
2022-02-28,NOW,2022-01-31,missing_month
2022-02-28,PAYC,2022-01-31,missing_month
2022-02-28,SMCI,2022-01-31,missing_month
2022-02-28,SNDK,2022-01-31,missing_month
2022-02-28,STX,2022-01-31,missing_month
2022-02-28,TER,2022-01-31,missing_month
2022-02-28,TTD,2022-01-31,missing_month
2022-02-28,TYL,2022-01-31,missing_month
2022-02-28,WBD,2022-01-31,missing_month
2022-02-28,WDC,2022-01-31,missing_month
2022-03-31,ALB,2022-02-28,missing_month
2022-03-31,CIEN,2022-02-28,missing_month
2022-03-31,COIN,2022-02-28,missing_month
2022-03-31,FDS,2022-02-28,missing_month
2022-03-31,FISV,2022-02-28,missing_month
2022-03-31,GDDY,2022-02-28,missing_month
2022-03-31,INTC,2022-02-28,missing_month
2022-03-31,IT,2022-02-28,missing_month
2022-03-31,LRCX,2022-02-28,missing_month
2022-03-31,MU,2022-02-28,missing_month
2022-03-31,NOW,2022-02-28,missing_month
2022-03-31,PAYC,2022-02-28,missing_month
2022-03-31,SMCI,2022-02-28,missing_month
2022-03-31,SNDK,2022-02-28,missing_month
2022-03-31,STX,2022-02-28,missing_month
2022-03-31,TER,2022-02-28,missing_month
2022-03-31,TTD,2022-02-28,missing_month
2022-03-31,TYL,2022-02-28,missing_month
2022-03-31,WBD,2022-02-28,missing_month
2022-03-31,WDC,2022-02-28,missing_month
2022-04-30,ALB,2022-03-31,missing_month
2022-04-30,CIEN,2022-03-31,missing_month
2022-04-30,COIN,2022-03-31,missing_month
2022-04-30,FDS,2022-03-31,missing_month
2022-04-30,FISV,2022-03-31,missing_month
2022-04-30,GDDY,2022-03-31,missing_month
2022-04-30,INTC,2022-03-31,missing_month
2022-04-30,IT,2022-03-31,missing_month
2022-04-30,LRCX,2022-03-31,missing_month
2022-04-30,MU,2022-03-31,missing_month
2022-04-30,NOW,2022-03-31,missing_month
2022-04-30,PAYC,2022-03-31,missing_month
2022-04-30,SMCI,2022-03-31,missing_month
2022-04-30,SNDK,2022-03-31,missing_month
2022-04-30,STX,2022-03-31,missing_month
2022-04-30,TER,2022-03-31,missing_month
2022-04-30,TTD,2022-03-31,missing_month
2022-04-30,TYL,2022-03-31,missing_month
2022-04-30,WBD,2022-03-31,missing_month
2022-04-30,WDC,2022-03-31,missing_month
2022-05-31,ALB,2022-04-30,missing_month
2022-05-31,CIEN,2022-04-30,missing_month
2022-05-31,COIN,2022-04-30,missing_month
2022-05-31,FDS,2022-04-30,missing_month
2022-05-31,FISV,2022-04-30,missing_month
2022-05-31,GDDY,2022-04-30,missing_month
2022-05-31,INTC,2022-04-30,missing_month
2022-05-31,IT,2022-04-30,missing_month
2022-05-31,LRCX,2022-04-30,missing_month
2022-05-31,MU,2022-04-30,missing_month
2022-05-31,NOW,2022-04-30,missing_month
2022-05-31,PAYC,2022-04-30,missing_month
2022-05-31,SMCI,2022-04-30,missing_month
2022-05-31,SNDK,2022-04-30,missing_month
2022-05-31,STX,2022-04-30,missing_month
2022-05-31,TER,2022-04-30,missing_month
2022-05-31,TTD,2022-04-30,missing_month
2022-05-31,TYL,2022-04-30,missing_month
2022-05-31,WBD,2022-04-30,missing_month
2022-05-31,WDC,2022-04-30,missing_month
2022-06-30,ALB,2022-05-31,missing_month
2022-06-30,CIEN,2022-05-31,missing_month
2022-06-30,COIN,2022-05-31,missing_month
2022-06-30,FDS,2022-05-31,missing_month
2022-06-30,FISV,2022-05-31,missing_month
2022-06-30,GDDY,2022-05-31,missing_month
2022-06-30,INTC,2022-05-31,missing_month
2022-06-30,IT,2022-05-31,missing_month
2022-06-30,LRCX,2022-05-31,missing_month
2022-06-30,MU,2022-05-31,missing_month
2022-06-30,NOW,2022-05-31,missing_month
2022-06-30,PAYC,2022-05-31,missing_month
2022-06-30,SMCI,2022-05-31,missing_month
2022-06-30,SNDK,2022-05-31,missing_month
2022-06-30,STX,2022-05-31,missing_month
2022-06-30,TER,2022-05-31,missing_month
2022-06-30,TTD,2022-05-31,missing_month
2022-06-30,TYL,2022-05-31,missing_month
2022-06-30,WBD,2022-05-31,missing_month
2022-06-30,WDC,2022-05-31,missing_month
2022-07-31,ALB,2022-06-30,missing_month
2022-07-31,CIEN,2022-06-30,missing_month
2022-07-31,COIN,2022-06-30,missing_month
2022-07-31,FDS,2022-06-30,missing_month
2022-07-31,FISV,2022-06-30,missing_month
2022-07-31,GDDY,2022-06-30,missing_month
2022-07-31,INTC,2022-06-30,missing_month
2022-07-31,IT,2022-06-30,missing_month
2022-07-31,LRCX,2022-06-30,missing_month
2022-07-31,MU,2022-06-30,missing_month
2022-07-31,NOW,2022-06-30,missing_month
2022-07-31,PAYC,2022-06-30,missing_month
2022-07-31,SMCI,2022-06-30,missing_month
2022-07-31,SNDK,2022-06-30,missing_month
2022-07-31,STX,2022-06-30,missing_month
2022-07-31,TER,2022-06-30,missing_month
2022-07-31,TTD,2022-06-30,missing_month
2022-07-31,TYL,2022-06-30,missing_month
2022-07-31,WBD,2022-06-30,missing_month
2022-07-31,WDC,2022-06-30,missing_month
2022-08-31,ALB,2022-07-31,missing_month
2022-08-31,CIEN,2022-07-31,missing_month
2022-08-31,COIN,2022-07-31,missing_month
2022-08-31,FDS,2022-07-31,missing_month
2022-08-31,FISV,2022-07-31,missing_month
2022-08-31,GDDY,2022-07-31,missing_month
2022-08-31,INTC,2022-07-31,missing_month
2022-08-31,IT,2022-07-31,missing_month
2022-08-31,LRCX,2022-07-31,missing_month
2022-08-31,MU,2022-07-31,missing_month
2022-08-31,NOW,2022-07-31,missing_month
2022-08-31,PAYC,2022-07-31,missing_month
2022-08-31,SMCI,2022-07-31,missing_month
2022-08-31,SNDK,2022-07-31,missing_month
2022-08-31,STX,2022-07-31,missing_month
2022-08-31,TER,2022-07-31,missing_month
2022-08-31,TTD,2022-07-31,missing_month
2022-08-31,TYL,2022-07-31,missing_month
2022-08-31,WBD,2022-07-31,missing_month
2022-08-31,WDC,2022-07-31,missing_month
2022-09-30,ALB,2022-08-31,missing_month
2022-09-30,CIEN,2022-08-31,missing_month
2022-09-30,COIN,2022-08-31,missing_month
2022-09-30,FDS,2022-08-31,missing_month
2022-09-30,FISV,2022-08-31,missing_month
2022-09-30,GDDY,2022-08-31,missing_month
2022-09-30,INTC,2022-08-31,missing_month
2022-09-30,IT,2022-08-31,missing_month
2022-09-30,LRCX,2022-08-31,missing_month
2022-09-30,MU,2022-08-31,missing_month
2022-09-30,NOW,2022-08-31,missing_month
2022-09-30,PAYC,2022-08-31,missing_month
2022-09-30,SMCI,2022-08-31,missing_month
2022-09-30,SNDK,2022-08-31,missing_month
2022-09-30,STX,2022-08-31,missing_month
2022-09-30,TER,2022-08-31,missing_month
2022-09-30,TTD,2022-08-31,missing_month
2022-09-30,TYL,2022-08-31,missing_month
2022-09-30,WBD,2022-08-31,missing_month
2022-09-30,WDC,2022-08-31,missing_month
2022-10-31,ALB,2022-09-30,missing_month
2022-10-31,CIEN,2022-09-30,missing_month
2022-10-31,COIN,2022-09-30,missing_month
2022-10-31,FDS,2022-09-30,missing_month
2022-10-31,FISV,2022-09-30,missing_month
2022-10-31,GDDY,2022-09-30,missing_month
2022-10-31,INTC,2022-09-30,missing_month
2022-10-31,IT,2022-09-30,missing_month
2022-10-31,LRCX,2022-09-30,missing_month
2022-10-31,MU,2022-09-30,missing_month
2022-10-31,NOW,2022-09-30,missing_month
2022-10-31,PAYC,2022-09-30,missing_month
2022-10-31,SMCI,2022-09-30,missing_month
2022-10-31,SNDK,2022-09-30,missing_month
2022-10-31,STX,2022-09-30,missing_month
2022-10-31,TER,2022-09-30,missing_month
2022-10-31,TTD,2022-09-30,missing_month
2022-10-31,TYL,2022-09-30,missing_month
2022-10-31,WBD,2022-09-30,missing_month
2022-10-31,WDC,2022-09-30,missing_month
2022-11-30,ALB,2022-10-31,missing_month
2022-11-30,CIEN,2022-10-31,missing_month
2022-11-30,COIN,2022-10-31,missing_month
2022-11-30,FDS,2022-10-31,missing_month
2022-11-30,FISV,2022-10-31,missing_month
2022-11-30,GDDY,2022-10-31,missing_month
2022-11-30,INTC,2022-10-31,missing_month
2022-11-30,IT,2022-10-31,missing_month
2022-11-30,LRCX,2022-10-31,missing_month
2022-11-30,MU,2022-10-31,missing_month
2022-11-30,NOW,2022-10-31,missing_month
2022-11-30,PAYC,2022-10-31,missing_month
2022-11-30,SMCI,2022-10-31,missing_month
2022-11-30,SNDK,2022-10-31,missing_month
2022-11-30,STX,2022-10-31,missing_month
2022-11-30,TER,2022-10-31,missing_month
2022-11-30,TTD,2022-10-31,missing_month
2022-11-30,TYL,2022-10-31,missing_month
2022-11-30,WBD,2022-10-31,missing_month
2022-11-30,WDC,2022-10-31,missing_month
2022-12-31,ALB,2022-11-30,missing_month
2022-12-31,CIEN,2022-11-30,missing_month
2022-12-31,COIN,2022-11-30,missing_month
2022-12-31,FDS,2022-11-30,missing_month
2022-12-31,FISV,2022-11-30,missing_month
2022-12-31,GDDY,2022-11-30,missing_month
2022-12-31,INTC,2022-11-30,missing_month
2022-12-31,IT,2022-11-30,missing_month
2022-12-31,LRCX,2022-11-30,missing_month
2022-12-31,MU,2022-11-30,missing_month
2022-12-31,NOW,2022-11-30,missing_month
2022-12-31,PAYC,2022-11-30,missing_month
2022-12-31,SMCI,2022-11-30,missing_month
2022-12-31,SNDK,2022-11-30,missing_month
2022-12-31,STX,2022-11-30,missing_month
2022-12-31,TER,2022-11-30,missing_month
2022-12-31,TTD,2022-11-30,missing_month
2022-12-31,TYL,2022-11-30,missing_month
2022-12-31,WBD,2022-11-30,missing_month
2022-12-31,WDC,2022-11-30,missing_month
2023-01-31,ALB,2022-12-31,missing_month
2023-01-31,CIEN,2022-12-31,missing_month
2023-01-31,COIN,2022-12-31,missing_month
2023-01-31,FDS,2022-12-31,missing_month
2023-01-31,FISV,2022-12-31,missing_month
2023-01-31,GDDY,2022-12-31,missing_month
2023-01-31,INTC,2022-12-31,missing_month
2023-01-31,IT,2022-12-31,missing_month
2023-01-31,LRCX,2022-12-31,missing_month
2023-01-31,MU,2022-12-31,missing_month
2023-01-31,NOW,2022-12-31,missing_month
2023-01-31,PAYC,2022-12-31,missing_month
2023-01-31,SMCI,2022-12-31,missing_month
2023-01-31,SNDK,2022-12-31,missing_month
2023-01-31,STX,2022-12-31,missing_month
2023-01-31,TER,2022-12-31,missing_month
2023-01-31,TTD,2022-12-31,missing_month
2023-01-31,TYL,2022-12-31,missing_month
2023-01-31,WBD,2022-12-31,missing_month
2023-01-31,WDC,2022-12-31,missing_month
2023-02-28,SNDK,2023-01-31,missing_month
2023-03-31,SNDK,2023-02-28,missing_month
2023-04-30,SNDK,2023-03-31,missing_month
2023-05-31,SNDK,2023-04-30,missing_month
2023-06-30,SNDK,2023-05-31,missing_month
2023-07-31,SNDK,2023-06-30,missing_month
2023-08-31,SNDK,2023-07-31,missing_month
2023-09-30,SNDK,2023-08-31,missing_month
2023-10-31,SNDK,2023-09-30,missing_month
2023-11-30,SNDK,2023-10-31,missing_month
2023-12-31,SNDK,2023-11-30,missing_month
2024-01-31,SNDK,2023-12-31,missing_month
2024-02-29,SNDK,2024-01-31,missing_month
2024-03-31,SNDK,2024-02-29,missing_month
2024-04-30,SNDK,2024-03-31,missing_month
2024-05-31,SNDK,2024-04-30,missing_month
2024-06-30,SNDK,2024-05-31,missing_month
2024-07-31,SNDK,2024-06-30,missing_month
2024-08-31,SNDK,2024-07-31,missing_month
2024-09-30,SNDK,2024-08-31,missing_month
2024-10-31,SNDK,2024-09-30,missing_month
2024-11-30,SNDK,2024-10-31,missing_month
2024-12-31,SNDK,2024-11-30,missing_month
2025-01-31,SNDK,2024-12-31,missing_month
2025-02-28,SNDK,2025-01-31,missing_month
