Month,ALB,CIEN,COIN,FDS,FISV,GDDY,INTC,IT,LRCX,MU,NOW,PAYC,SMCI,SNDK,STX,TER,TTD,TYL,WBD,WDC
2025-03-31,-0.059779950763731105,-0.24054291143717865,-0.20123365352116984,-0.015376590940694101,-0.06304892212831914,0.0035654562097406917,-0.04298358522713841,-0.15768986983241406,-0.04978611228704932,-0.07077719844458552,-0.14371450492551197,-0.0027552732064596297,-0.1741436942942396,0.016222031184275787,-0.1595950437065966,-0.2481339820457965,-0.22184298267665248,-0.044442217433144804,-0.06369986854107224,-0.17371753329167505
2025-04-30,-0.18703135152062444,0.11136858055513166,0.17801779261849537,-0.04931379067799402,-0.16419867864954574,0.04546465232128161,-0.11492729230391929,0.003192443820142943,-0.014167633527383261,-0.11439745568250015,0.19955034735432098,0.03620476384575588,-0.06950937358195275,-0.32556185257913917,0.07157163599619487,-0.10157394147808274,-0.019919592987426515,-0.06551544728283909,-0.19198504695490803,0.08483790573344785
2025-05-31,-0.04765171286116543,0.19207851687123045,0.21553549144409034,0.06275816783978527,-0.1180040806945779,-0.03281478189605813,-0.02736324049606631,0.03643019698072525,0.12724966882039035,0.22755032896937366,0.058721916432720844,0.14610744132389697,0.2561205176110657,0.1737775742850205,0.2956168358413045,0.06076817862861317,0.4025731814766613,0.062009945146997314,0.14994235055307614,0.1753305907593219
2025-06-30,0.13125689148976916,0.01586315652247494,0.42117426475428776,-0.023960169451021862,0.05909460515222009,-0.0114740401203548,0.1457800763524859,-0.07378216217474909,0.2078502275739027,0.30478500634474126,0.016803622606019086,-0.10687402218925524,0.22463762521085928,0.20323693623018224,0.2302561665742031,0.14402034578052758,-0.042940751190051696,0.027470210730441647,0.14944831807534187,0.24363197678339943
2025-07-31,0.08265511401927395,0.14152212280463772,0.0778054161062185,-0.09922207270401806,-0.19413027382272974,-0.10263243351164353,-0.11607144757801202,-0.16221366366385637,-0.025683125942465912,-0.11364924803437393,-0.082639505760561,0.0006050377946944518,0.2032238979856047,-0.053583249987592785,0.08785419072370271,0.1947287064460912,0.20794557111991652,-0.013966717700884312,0.14921466251787807,0.2297234213884103
2025-08-31,0.25158451014262595,0.012171530885243254,-0.1938267665392408,-0.07069724620385565,-0.005470057235284043,-0.08212652631565032,0.22979804645106938,-0.2582607206005506,0.05598919585023587,0.0904343383973727,-0.027207506563437844,-0.01738456829221602,-0.2955740197450848,0.22250707034437145,0.06617414342129013,0.10062368066250915,-0.3714351377313658,-0.03708771172561831,-0.11617309978040136,0.020968349428209798
2025-09-30,-0.040038651177689566,0.5501755483307564,0.10819590452790306,-0.2325887067341913,-0.0669416738333729,-0.07740540702931098,0.37782335570688486,0.04649863673816301,0.3396343985525996,0.4059321882623743,0.0030736781321296647,-0.0836892872341839,0.1540683093434736,1.1383646719636702,0.414600282973306,0.16524407626107074,-0.10336629238293726,-0.07056571808151313,0.677835061048673,0.4961384937687252
2025-10-31,0.21151938240659796,0.3037687962944826,0.018637615120240092,-0.06872846719032488,-0.4827425251693699,-0.027040830948833916,0.19195238711935314,-0.055274466653447374,0.1759523036491215,0.33821511702095486,-0.0010866092303833952,-0.10113384527822478,0.08385483047394149,0.7765597794356938,0.0839616912646699,0.3205465773106215,0.025913089191143213,-0.08964746117140232,0.14951356751823486,0.25112437282746947
2025-11-30,0.3233228980497673,0.07524225296279785,-0.20641105272861926,0.043380245350228774,-0.07827262002710844,-0.03958539832624397,0.014253555161292786,-0.06281706964149769,-0.009272328052949308,0.05679935238412459,-0.11625406759808776,-0.13654586368967914,-0.3485373543003665,0.12015249449774945,0.08132722385214985,0.0014715536772229587,-0.21320599972687126,-0.013941994944537073,0.0690422799280832,0.08734436812519975
2025-12-31,0.09136778900781173,0.14524258081475394,-0.17110184986944843,0.04659712750921119,0.09272810859034797,-0.029563575482971283,-0.09023667957324677,0.08395631530870062,0.09911424334822705,0.2073972628220928,-0.05718782692643598,-0.011230398076864767,-0.13530275399743097,0.06314943649499427,-0.0020872052257729923,0.06415953248241046,-0.04044495028502715,-0.03336736738870316,0.20083332061767578,0.055584009153073044
2026-01-31,0.20637728806423405,0.07670929497568468,-0.13885201194495833,-0.12347076166677973,-0.051213320239442806,-0.18987753739774427,0.2593495745010346,-0.16913745986765472,0.36382767065611454,0.45362808188767456,-0.23617729439631208,-0.15443027452700275,-0.005466342497773113,1.427542287247309,0.48040963149007077,0.24535034670350697,-0.20100103648020406,-0.18625402805802005,-0.0444135597796953,0.45254530421154593
2026-02-28,0.04711942829182103,0.38477429644504935,-0.09700112384104642,-0.14322706517267447,-0.02259530263694165,-0.13290880846720132,-0.018506576022391363,-0.2500357974786491,0.0018417854148242707,-0.006049905538305755,-0.0769165014587525,-0.06619656309106259,0.11267601204139122,0.10257698108731028,0.0003679157367157959,0.3282049845527184,-0.21463897940182952,-0.03982130941561479,0.022875785759738365,0.11777162036387323
