case,comparison,status,observations,reference_return,reference_volatility,reference_utility,optimized_return,optimized_volatility,optimized_utility,optimized_long_count,optimized_short_count,optimized_gross,optimized_net,optimized_largest_position,optimized_concentration_hhi,optimized_binding_lower,optimized_binding_upper,optimized_below_historical_position_counts,utility_gain,weight_l1_from_reference,weight_l1_from_primary_optimum,volatility_reduction_at_reference_return
means_half,bounded,complete,12,1.1649678804464412,0.5199383820178256,0.7764858940636908,1.2188560223372749,0.47700038236797365,0.8918885248930059,10,10,1.4999999999999991,0.5999999999999989,0.2099999999999998,0.07870976934556381,8,8,False,0.11540263082931501,0.7949999999999985,0.3599999999999988,0.0732883993911736
means_half,relaxed,complete,12,1.1649678804464412,0.5199383820178256,0.7764858940636908,1.370505258384089,0.5110965326192879,0.9951236435956818,6,3,1.4999999999999993,0.5999999999999992,0.35654944648454073,0.1657143535802172,4,7,True,0.218637749531991,1.681994007968254,0.8167133306232388,0.12040355215644555
covariance_diagonal_20,bounded,complete,12,2.0023402598637303,0.5798312309200842,1.519203217593828,2.3834774709779136,0.6578406143925564,1.761594743457357,10,10,1.499999999999999,0.599999999999999,0.20999999999999935,0.07909360899146659,8,8,False,0.24239152586352897,0.8153765102783228,0.11737310688837221,0.09288366540804394
covariance_diagonal_20,relaxed,complete,12,2.0023402598637303,0.5798312309200842,1.519203217593828,2.7846383673816315,0.7015728409166228,2.0773236971756908,4,1,1.5,0.5999999999999985,0.5863739110673813,0.28690435724863944,7,9,True,0.5581204795818628,2.1980301994873357,0.5498722829562153,0.165934834142004
covariance_diagonal_50,bounded,complete,12,2.0023402598637303,0.4898369885649356,1.657537858429683,2.4825160692032915,0.6205062028630264,1.9292177085382465,10,10,1.499999999999999,0.5999999999999996,0.2099999999999998,0.08212375901518096,8,8,False,0.27167985010856355,0.8715449173690706,0.0378258845920358,0.06911409463864931
covariance_diagonal_50,relaxed,complete,12,2.0023402598637303,0.4898369885649356,1.657537858429683,2.8651097658774614,0.6751074784963927,2.2101524964678028,4,2,1.5000000000000007,0.5999999999999992,0.4980894092781183,0.2248693917185941,6,8,True,0.5526146380381198,1.9799999999999982,0.3496586184836636,0.11513075528447053
bounds_0.75_1.5,bounded,complete,12,2.0023402598637303,0.5199383820178256,1.61385827348098,2.2567772536714372,0.5781210366975794,1.776486003842312,10,10,1.4999999999999982,0.599999999999999,0.15749999999999986,0.06437215498236563,8,9,False,0.16262773036133193,0.4500000000000003,0.44999999999999923,0.0410659728769211
bounds_0.25_3,bounded,complete,12,2.0023402598637303,0.5199383820178256,1.61385827348098,2.8562796297789306,0.7349148530243781,2.080137642052513,10,10,1.4999999999999991,0.599999999999999,0.3149999999999985,0.13508675397885864,9,8,False,0.46627936857153296,1.5749999999999946,0.6749999999999965,0.09879808802491441
leave_out_2025-03-31,bounded,complete,11,2.2594395760569697,0.49430211104226623,1.9083224125556397,2.826052859973048,0.6097629405094218,2.2917479311185858,10,10,1.500000000000002,0.5999999999999999,0.2099999999999998,0.08409999999999984,9,9,False,0.38342551856294604,0.9000000000000016,0.19083409002017307,0.0994900179859442
leave_out_2025-03-31,relaxed,complete,11,2.2594395760569697,0.49430211104226623,1.9083224125556397,3.3881428910678273,0.6977174375757356,2.6885807742413816,3,2,1.5000000000000009,0.5999999999999985,0.419198291466855,0.21491746931964195,7,8,True,0.7802583616857419,2.1899999999999897,0.33645057455255006,0.1621343493634651
leave_out_2025-04-30,bounded,complete,11,2.278543666422358,0.4831260712172775,1.9431243439446482,2.8317047543707075,0.6230206973227553,2.2739130152729823,10,10,1.4999999999999993,0.6000000000000008,0.2099999999999998,0.08373767672255002,9,8,False,0.3307886713283341,0.8999999999999984,0.2960913723283572,0.054548154260261716
leave_out_2025-04-30,relaxed,complete,11,2.278543666422358,0.4831260712172775,1.9431243439446482,3.926125641672892,0.9114083906131906,2.732431193772289,5,1,1.5000000000000018,0.6000000000000004,0.5720175200091715,0.27041324481028456,6,9,True,0.7893068498276408,2.081329034960744,1.058235335843866,0.10596769728306726
leave_out_2025-05-31,bounded,complete,11,2.0858166164451313,0.5411061515892729,1.6650589174026047,2.572957500998357,0.645237468812168,1.9746750190563103,10,10,1.499999999999999,0.5999999999999995,0.2099999999999998,0.08409999999999974,9,9,False,0.30961610165370557,0.8999999999999948,0.15000000000000188,0.08407003296281101
leave_out_2025-05-31,relaxed,complete,11,2.0858166164451313,0.5411061515892729,1.6650589174026047,3.151643039049131,0.77693102489277,2.2842177937716444,4,2,1.5000000000000004,0.5999999999999989,0.4592161781852519,0.20788791298012205,6,8,True,0.6191588763690397,2.1119524210774623,0.6415905329525566,0.13182406012659803
leave_out_2025-06-30,bounded,complete,11,2.00498554628964,0.5457753962599979,1.5769350191543496,2.538092391998265,0.6642863451574865,1.9039631513812805,10,10,1.4999999999999991,0.599999999999999,0.2099999999999998,0.08409999999999979,9,9,False,0.32702813222693083,0.8999999999999961,0.10083409002017066,0.08371323121635305
leave_out_2025-06-30,relaxed,complete,11,2.00498554628964,0.5457753962599979,1.5769350191543496,3.2203790190954207,0.8201518198737803,2.2537593350796823,3,2,1.4999999999999996,0.5999999999999985,0.5252427969149455,0.23684747613007773,7,8,True,0.6768243159253327,2.1899999999999955,0.6613295401687616,0.1338756519699279
leave_out_2025-07-31,bounded,complete,11,2.1102005192826665,0.5372614841755169,1.6954007139484646,2.645039983427206,0.6569831225619754,2.024777441089395,10,10,1.5000000000000016,0.6,0.2099999999999998,0.08404102327755296,9,8,False,0.32937672714093047,0.900000000000001,0.3041659099798294,0.06871679187838475
leave_out_2025-07-31,relaxed,complete,11,2.1102005192826665,0.5372614841755169,1.6954007139484646,3.2869625127216437,0.823718224440392,2.311917919723625,4,3,1.5000000000000002,0.5999999999999995,0.3436596440776609,0.19160251554745153,6,7,True,0.6165172057751604,2.0528480721271105,1.2379058868644923,0.1174815059235102
leave_out_2025-08-31,bounded,complete,11,2.0106588356853945,0.5437752605181061,1.5857399643765624,2.5673177297609473,0.6724053814329332,1.9175928610259096,10,10,1.4999999999999998,0.5999999999999974,0.2099999999999998,0.08359761743904179,8,9,False,0.33185289664934725,0.8999999999999995,0.1605945589210857,0.07486559700116585
leave_out_2025-08-31,relaxed,complete,11,2.0106588356853945,0.5437752605181061,1.5857399643765624,3.1601363959496163,0.7800932769145508,2.2856356203106736,3,2,1.5000000000000009,0.5999999999999998,0.5176186435286815,0.23183866571489306,7,8,True,0.6998956559341112,2.1899999999999986,0.6132847912679604,0.12578615807365273
leave_out_2025-09-30,bounded,complete,11,1.650129103768712,0.41876422606857033,1.3981257753858414,2.0653445062041853,0.5108559270223453,1.690316240156453,10,10,1.4999999999999991,0.5999999999999992,0.20999999999999955,0.08376930625212067,8,9,False,0.2921904647706117,0.8999999999999918,0.03227669675217704,0.0633752145320638
leave_out_2025-09-30,relaxed,complete,11,1.650129103768712,0.41876422606857033,1.3981257753858414,2.6415403280683254,0.6690859663213304,1.9982145250704124,3,2,1.5000000000000009,0.5999999999999992,0.4137879653874953,0.22712438204237156,7,8,True,0.600088749684571,2.189999999999997,0.10930625984460529,0.09523966617295931
leave_out_2025-10-31,bounded,complete,11,1.8290586570722454,0.505866665153247,1.461320028018239,2.2863530657949793,0.6203299461564615,1.7333689927085536,10,10,1.4999999999999993,0.5999999999999979,0.2099999999999998,0.0840999999999999,9,9,False,0.2720489646903146,0.899999999999999,0.055834090020170896,0.07415865792988752
leave_out_2025-10-31,relaxed,complete,11,1.8290586570722454,0.505866665153247,1.461320028018239,2.7663969332925107,0.7185686724421971,2.0243973053861355,4,1,1.4999999999999998,0.5999999999999988,0.48425904425222543,0.2541305790612306,7,9,True,0.5630772773678965,2.1756702852185006,0.3680024635947396,0.11905911884886611
leave_out_2025-11-30,bounded,complete,11,2.032936225798674,0.5436220092659432,1.6082568290580532,2.5957624722676433,0.6734295006651592,1.9440569458114005,10,10,1.500000000000001,0.5999999999999998,0.2099999999999998,0.08336936141047328,8,8,False,0.3358001167533473,0.8739604750875029,0.15006561545252986,0.06768937084415383
leave_out_2025-11-30,relaxed,complete,11,2.032936225798674,0.5436220092659432,1.6082568290580532,3.2292683861682785,0.7992377779691451,2.311318153232365,3,2,1.5000000000000009,0.5999999999999994,0.42672785863494994,0.23661765341631608,7,8,True,0.7030613241743118,2.189999999999997,0.05147859860773212,0.12096737832272175
leave_out_2025-12-31,bounded,complete,11,2.076266112809433,0.5424642098063792,1.6533937436217858,2.6477835298310035,0.6625563567626208,2.0169528900048537,10,10,1.4999999999999993,0.5999999999999988,0.2099999999999996,0.08409999999999959,9,9,False,0.36355914638306785,0.8999999999999914,0.10083409002017717,0.0811975574067283
leave_out_2025-12-31,relaxed,complete,11,2.076266112809433,0.5424642098063792,1.6533937436217858,3.3763664118545837,0.8109676059093648,2.4312742914822634,3,2,1.5000000000000004,0.599999999999999,0.5422046358591875,0.2527048667764139,7,8,True,0.7778805478604776,2.189999999999995,0.2527530456146725,0.13894348211536794
leave_out_2026-01-31,bounded,complete,11,1.663730656636124,0.4322237092628764,1.3952677419083885,2.083838724594168,0.5286665622286598,1.6822044070737197,10,10,1.4999999999999991,0.5999999999999985,0.20999999999999963,0.08378979750827213,8,9,False,0.2869366651653311,0.899999999999993,0.033548680852240775,0.06116323206337959
leave_out_2026-01-31,relaxed,complete,11,1.663730656636124,0.4322237092628764,1.3952677419083885,2.589211423867541,0.6500144172575286,1.9820375057263253,3,2,1.5000000000000004,0.5999999999999989,0.39710212229944786,0.22287725393909025,7,8,True,0.5867697638179368,2.189999999999997,0.11913525923240534,0.09579724046949878
leave_out_2026-02-28,bounded,complete,11,2.0263176020974156,0.5474943494641374,1.5955664858478196,2.5594401220388465,0.6854795875945539,1.8842031985214402,10,10,1.4999999999999998,0.5999999999999992,0.2099999999999998,0.08146371347234815,8,8,False,0.2886367126736207,0.8999999999999996,0.3746711230896503,0.07362583078390572
leave_out_2026-02-28,relaxed,complete,11,2.0263176020974156,0.5474943494641374,1.5955664858478196,3.1492676885041266,0.822085398588716,2.178084853113055,4,2,1.5000000000000002,0.5999999999999988,0.550079706030171,0.2289607445195188,6,8,True,0.5825183672652354,2.056581449228656,1.1571428749342612,0.12675362204947022
