comparison,portfolio,status,return,volatility,utility,long_count,short_count,gross,net,largest_position,concentration_hhi,binding_lower,binding_upper,below_historical_position_counts,utility_gain,volatility_reduction_at_reference_return
bounded,formation_targets,accepted,2.0023402598637303,0.5199383820178256,1.61385827348098,10,10,1.4999999999999991,0.599999999999999,0.1049999999999999,0.05799999999999997,0,0,False,0.0,0.0
bounded,gmv,accepted,1.8002322878854147,0.4271385975383626,1.5380491459225814,10,10,1.4999999999999987,0.599999999999999,0.20999999999999977,0.07471929786276492,6,7,False,-0.07580912755839875,
bounded,utility,accepted,2.5115752386785184,0.6413980390742968,1.9203916293982135,10,10,1.5000000000000002,0.5999999999999996,0.2099999999999998,0.08348997025694715,8,9,False,0.3065333559172334,
bounded,maximum_return,accepted,2.515963409451574,0.6599302660061872,1.890123546427147,10,10,1.499999999999999,0.599999999999999,0.2099999999999998,0.08409999999999997,9,9,False,0.276265272946167,
bounded,reference_return,accepted,2.0023402598637308,0.44664998262665195,1.7156573712207501,10,10,1.4999999999999993,0.599999999999999,0.20999999999999977,0.08308862052133693,9,8,False,0.10179909773977003,0.07328839939117365
relaxed,formation_targets,accepted,2.0023402598637303,0.5199383820178256,1.61385827348098,10,10,1.4999999999999991,0.599999999999999,0.1049999999999999,0.05799999999999997,0,0,False,0.0,0.0
relaxed,gmv,accepted,1.6202182229460147,0.3621956154213821,1.4316999266599888,8,4,1.4999999999999993,0.5999999999999989,0.25413690318420623,0.1206167344747922,2,6,True,-0.1821583468209913,
relaxed,utility,accepted,3.0981099265902086,0.7780674200626553,2.2281453084909604,3,2,1.5,0.5999999999999983,0.4301924399269483,0.23190773246014296,7,8,True,0.6142870350099803,
relaxed,maximum_return,accepted,4.550849001526389,1.5907887882682488,0.9142771578538862,1,1,1.499999999999999,0.599999999999999,1.049999999999999,0.5799999999999998,10,10,True,-0.6995811156270939,
relaxed,reference_return,accepted,2.0023402598637308,0.39953482986137984,1.7729492360759302,7,4,1.499999999999999,0.5999999999999991,0.2548164932072905,0.12386327203762951,3,6,True,0.15909096259495015,0.12040355215644577
