Schema_Version,Stage,Artifact,Relative_Path,SHA256,Rows,Columns
7,raw,benchmark_acquisition_manifest,data/live/raw/benchmark/artifact_manifest.csv,21c0aab962d626d533b96d178117a9cd5399740e8e8240a9216972ed65dd3177,3,9
7,raw,benchmark_raw,data/live/raw/benchmark/sp500tr_ohlc.csv,6c5718827f4fb8ec6beff78f52e7bca1db10b7dbf1c7d9e39a4859a6219e4154,58,5
7,raw,benchmark_readiness,data/live/raw/benchmark/readiness.csv,21cd5a52f24b3618e1c1e1ada3ec66bc8d6ee5a282e5bd2fd02959081983a2b2,1,10
7,raw,benchmark_status,data/live/raw/benchmark/acquisition_status.csv,853c1ad39344381dbe4e364491a51711bfd844c2d32cc7a9fb05804e96ed21ea,1,20
7,raw,corporate_action_policy,data/live/raw/provenance/corporate_action_policy.csv,a1cecb48968acb2cce39160ad75e4cc25725405d755ede7078606b77cf2cb1e7,11,9
7,raw,corporate_action_policy_manifest,data/live/raw/provenance/corporate_action_policy_manifest.csv,d21e96b68785435c93df6c7d7ce54ac7f801ed345b6600fb2fadeb90cc95dee7,1,9
7,raw,fja_changes,data/shared/provenance/sp500_membership/sp500_changes_since_2019.csv,8a187dc1ed1d2bca9ea7a8408a8d7710401fe004705165895bac7aac2811efbc,123,3
7,raw,fja_intervals,data/shared/provenance/sp500_membership/sp500_ticker_start_end.csv,39c488ebd6ce6838599e54751adbe8c8e4b68d5801dd77d29b6d137dd77388ac,1259,3
7,raw,fja_source_manifest,data/shared/provenance/sp500_membership/source_manifest.csv,fee833382c2e2abfffa2ad7f405210e559b3d6ddfd53ce5bf428849ca568eeef,3,7
7,raw,fja_updated,data/shared/provenance/sp500_membership/S&P 500 Historical Components & Changes (Updated).csv,39a9202c9ef69a74c0ff07e2113ad41fb6da7c8c5b6cd9541f0185fb4391e717,2718,2
7,raw,monthly_basis_checks,data/live/raw/prices/monthly/basis_checks.csv,a049c3f2bfe25ec8af84454ea25363e8e282417148eea82ffb41caed6854ca3a,86,15
7,raw,monthly_dividends_raw,data/live/raw/prices/monthly/dividends.csv,b71d7c295bf9d210509a3ede8d56bac25fc5c0a68686b66ae522e872de6d248f,14,17
7,raw,monthly_evidence_manifest,data/live/raw/prices/monthly/artifact_manifest.csv,eb5de6a63a91ccc824b0de9f0d51f0c0a74c0a0f1afdee7be7a0ce2af8d638a2,3,9
7,raw,monthly_observations,data/live/raw/prices/monthly/observations.csv,0b554009d4fbe88e091a790f6d047f6c3905752500599ce68a573670866bdc72,71,21
7,raw,monthly_reuters_source,data/shared/supplied/reuters/SP500_Full_2014_2026_Cleaned.csv,bbe9f049bce03ed5cc509e7048e164d18c9e9468d240ab18a7931dd7bb72d1f8,92002,9
7,raw,price_acquisition_manifest,data/live/raw/prices/artifact_manifest.csv,d59abbcbdb1dcc6f901f6b7fc77432e52e3502d4dc53a399e77440b7c9c7db2d,6,9
7,raw,price_close,data/live/raw/prices/close.csv,c6840e2dcc29dc312f958b8796bfa1d16049b79df342f6daeafad6982bd35508,838,543
7,raw,price_open,data/live/raw/prices/open.csv,c45ee9c1e0714e5e386c110a552725d1bb6894dca7f6c42cb6c0e14fe6e32bc3,838,543
7,raw,price_readiness,data/live/raw/prices/readiness.csv,6f59cd05e92c68e6d8e98c17ef3d29699c66e1d15ee8c9ae8bd5c4eeaef63a82,508,10
7,raw,price_requirements,data/live/raw/prices/requirements.csv,7e0e432bc46059f0931e5c5cde99a21759510a936c12704c8fbfb29e7b559999,10070,10
7,raw,price_status,data/live/raw/prices/acquisition_status.csv,356e93de9af0f660da5131d25e1f220d27ad94de6679311bfed1a808828c839f,573,20
7,raw,price_volume,data/live/raw/prices/volume.csv,8580c1c86d022725f04c19d09109b8fd9993a94220e96cdd90d8eda9af580cde,838,543
7,raw,price_yahoo_supplement,data/live/raw/prices/supplemental/yahoo_ohlcv.csv,f0595b32175c579282f70394918f5e3935afef9213cf14f1d4a8faf823978e71,1073,6
7,raw,price_yahoo_supplement_manifest,data/live/raw/prices/supplemental/artifact_manifest.csv,0498339de3c6ba3286975b6b857f3037d360666ecb16f49df697519afe7e5520,1,9
7,raw,provider_row_equivalence,data/shared/provenance/security_identity/provider_row_equivalence.csv,d484988e01a8eca4a4d9706af51dc41e9aa70fb44622322fe5b6bb58d6e87894,2,18
7,raw,provider_symbol_mappings,data/shared/provenance/security_identity/provider_symbol_mappings.csv,3199d8b8c2d371c5bbbf4d8391d6767abdf90b7583a1aab46a1bd817c149d591,144,26
7,raw,sector_history_notices,data/shared/provenance/sector_history/sp500_constituent_notices.csv,1ac8e071ca68f8bd442e8707951ddc467c593a0df107475c51c1c552e25bac12,27,9
7,raw,sector_history_snapshots,data/shared/provenance/sector_history/wikipedia_sector_snapshots.csv,c1d48848a06eb540c63d3e404c4f81977018f2757f624ff0a2c24e62098a3a84,71063,8
7,raw,security_event_legs,data/shared/provenance/security_identity/security_event_legs.csv,9410fb4ba13bd1f7f0538cdd58792570befbe81b24c84d797fc0695c21f0d11d,124,24
7,raw,security_event_sources,data/shared/provenance/security_identity/security_event_sources.csv,7dde5aec4ba6fe7ef200decc199bbc57468ddd2b3ae32cb23ffc50c1afbc00b6,125,8
7,raw,security_events,data/shared/provenance/security_identity/security_events.csv,24a1d9ae42ba59a819f4d6dd732f387b47e60574ae6ed807f952b2b63ff27bd8,100,8
7,raw,security_identity_manifest,data/shared/provenance/security_identity/artifact_manifest.csv,2bf706b37326daca708c328adeec884b3a2ca08a292f6c0bab86affc31fca4cd,5,9
7,raw,shares_acquisition_manifest,data/live/raw/shares/artifact_manifest.csv,918232ec947cdaa21f2fcdf4358ca8ca12e8c8e8257ea249235a7d7b9ff9459a,3,9
7,raw,shares_raw,data/live/raw/shares/yahoo_shares_outstanding_raw.csv,36a8ceb6c42c031e04082d53bebc24758254979f5feb67719387101afc992593,71664,7
7,raw,shares_readiness,data/live/raw/shares/readiness.csv,f32d47653fc8cb6713c958928d4676abeaa3a48b42d98de5a93a918a3d6f4eee,508,10
7,raw,shares_status,data/live/raw/shares/acquisition_status.csv,c4bc55c82cb7333836f1d9b195ee4be07b92b31fd2e3271478af86852bb27886,508,20
7,prepared,asset_metadata,data/live/prepared/asset_metadata.csv,cfe59aefa31eaf2a1050c09888d4a509cfb7163b317f142d21615432c37d57b5,569,3
7,prepared,benchmark_prepared,data/live/prepared/benchmark_daily.csv,ac65f39996ec44eb93a6121d91aa6346e7100a5de758dcd71d8a2b871d744c31,58,3
7,prepared,corporate_action_events_prepared,data/live/prepared/corporate_action_events.csv,f552bc378abc4029256d7b8202c275f1be2b63e93ba02afbef8a5cf93e961379,11,5
7,prepared,corporate_action_legs_prepared,data/live/prepared/corporate_action_legs.csv,312124d642e06277c3d7b024d5b0c43a3c778ec22994580a090c36a914a6c8ce,14,13
7,prepared,corporate_action_policy_prepared,data/live/prepared/corporate_action_policy.csv,b6e8717be99ca3e16544a09846b1a949f67e4978a6fc45d2e4f1645b524aa428,11,9
7,prepared,corporate_action_sources_prepared,data/live/prepared/corporate_action_sources.csv,123af07e80ae52bfbc6d92d0a471e966a5197a263bc9c1cb3ad83b27efbc2754,14,3
7,prepared,decision_schedule,data/live/prepared/decision_schedule.csv,967ef3e22267433b8e9749330868ce3c579db126ad3092af3aea57b7fd0bfde2,3,9
7,prepared,market_daily,data/live/prepared/market_daily.csv,39c7fa727ea8b3db3bb80813b3396fb0d9dee0b587c6ea3d962cfbe6470adcbc,456967,8
7,prepared,market_monthly,data/live/prepared/market_monthly.csv,5fb89ad436598dd1e2eafe2deaac4946683513d6718b62977f8cd67381323eaf,21882,10
7,prepared,monthly_dividends_prepared,data/live/prepared/monthly_dividends.csv,d4f09c5aaccd6f98d4c6773a7c13c00c579bcddeeed6d259d4310c7029dcb256,14,19
7,prepared,pit_membership,data/live/prepared/pit_membership.csv,85ecc5b323fa6850ead80c5a05026cf4237f9fd90e26091a1ed72ba7cc9c67a3,24650,2
7,prepared,price_basis,data/live/prepared/price_basis.csv,634573ca0b436b71afb4c085ecc839b409166df99577b9f94517608ef9ad28ef,1,5
7,prepared,sector_assignments,data/live/prepared/sector_assignments.csv,2ca2704a687045112805c2bf0e148e9e8e9f36d8556745a4d14ed1e2df56238f,22133,8
7,prepared,shares_prepared,data/live/prepared/shares_outstanding_asof.csv,9a921e5202440c9c0d81a858f3febc8eb5618a141b03ab07ef887aac4e03fe70,2515,4
