Record_Type,Period_Start,Period_End,Interest_Effect,Event_ID,Effective_Date,Event_Type,Continuity_Class,From_Asset_ID,Shares_Before,Shares_After,Successor_Units_JSON,Cash_Per_From_Share,Cash_Effect,Currency,Restricted_Proceeds_Transferred,Restricted_Proceeds_Released,CVR_Units_Per_From_Share,CVR_Base_Value_Per_From_Share,CVR_Max_Value_Per_From_Share,CVR_Units,CVR_Base_Value,CVR_Max_Value,Fixed_Fee,Spread_Cost,Applied_To_Position,Source_URLs_JSON,Interest_Amount,Cash_Interest_Credit,Loan_Interest_Charge,Counterfactual_Interest_Without_Actions
corporate_action,2015-02-28,2015-03-31,0.0,EVT-20150317-ACT-AGN-AGN-CASH-AND-STOCK,2015-03-17,cash_and_stock,predecessor_extinguished,AGN^C15,0,0,{},6461/50,0,USD,0,0,0,0,0,0,0,0,0,0,False,"[""https://www.sec.gov/Archives/edgar/data/1578845/000119312514415382/d822207d8k.htm""]",,,,
financing_summary,2015-02-28,2015-03-31,0.0,,,,,,,,,,,,,,,,,,,,0.0,0.0,,,-409.10403251845196,0.0,409.10403251845196,-409.10403251845196
corporate_action,2015-11-30,2015-12-31,0.0,EVT-20151211-CMCSK-CMCSA-IDENTITY-CONTINUITY,2015-12-11,identity_continuity,same_security,CMCSK,0,0,{},0,0,,0,0,0,0,0,0,0,0,0,0,False,"[""https://www.sec.gov/Archives/edgar/data/1166691/000095010315009516/dp61838_8k.htm""]",,,,
financing_summary,2015-11-30,2015-12-31,0.0,,,,,,,,,,,,,,,,,,,,0.0,0.0,,,-1242.0860667433567,0.0,1242.0860667433567,-1242.0860667433567
corporate_action,2015-12-31,2016-01-31,0.0,EVT-20160115-ACE-CB-CB-CASH-AND-STOCK,2016-01-15,cash_and_stock,predecessor_extinguished,CB^A16,0,0,{},6293/100,0,USD,0,0,0,0,0,0,0,0,0,0,False,"[""https://www.sec.gov/Archives/edgar/data/896159/000119312516430900/d113231d8k.htm""]",,,,
corporate_action,2015-12-31,2016-01-31,0.0,EVT-20160129-PCP-CASH-ACQUISITION,2016-01-29,cash_settlement,predecessor_extinguished,PCP^B16,0,0,{},235,0,USD,0,0,0,0,0,0,0,0,0,0,False,"[""https://www.sec.gov/Archives/edgar/data/79958/000007995816000125/pcp12920168-k.htm""]",,,,
financing_summary,2015-12-31,2016-01-31,0.0,,,,,,,,,,,,,,,,,,,,0.0,0.0,,,-1251.7972483268054,0.0,1251.7972483268054,-1251.7972483268054
corporate_action,2016-01-31,2016-02-29,0.0,EVT-20160201-BRCM-AVGO-CASH-AND-STOCK,2016-02-01,cash_and_stock,predecessor_extinguished,BRCM.O^B16,0,0,{},514829/10000,0,USD,0,0,0,0,0,0,0,0,0,0,False,"[""https://investors.broadcom.com/news-releases/news-release-details/avago-technologies-and-broadcom-announce-preliminary-election"",""https://investors.broadcom.com/static-files/5b6d75ad-3f6f-4e5d-a2d6-cf9a517ab9f3"",""https://www.sec.gov/Archives/edgar/data/1649338/000164933816000019/avgo-01312016x10q.htm""]",,,,
financing_summary,2016-01-31,2016-02-29,0.0,,,,,,,,,,,,,,,,,,,,0.0,0.0,,,-1173.1511903649912,0.0,1173.1511903649912,-1173.1511903649912
corporate_action,2016-04-30,2016-05-31,511.00057093901876,EVT-20160512-SNDK-WDC-CASH-AND-STOCK,2016-05-12,cash_and_stock,predecessor_extinguished,SNDK.O^E16,1611,0,"{""WDC.O"":""384.5457""}",135/2,217485/2,USD,0,0,0,0,0,0,0,0,0,0,True,"[""https://www.sec.gov/Archives/edgar/data/1000180/000119312516588394/d194408d8k.htm""]",,,,
corporate_action,2016-04-30,2016-05-31,0.0,EVT-20160528-CCE-CCEP-CASH-AND-STOCK,2016-05-28,cash_and_stock,predecessor_extinguished,CCEP.O,0,0,{},29/2,0,USD,0,0,0,0,0,0,0,0,0,0,False,"[""https://www.sec.gov/Archives/edgar/data/1650107/000165010717000030/a2016ccepannualfinancialre.htm""]",,,,
financing_summary,2016-04-30,2016-05-31,511.00057093901876,,,,,,,,,,,,,,,,,,,,0.0,0.0,,,-552.485829046872,0.0,552.485829046872,-1063.4863999858908
corporate_action,2016-08-31,2016-09-30,0.0,EVT-20160906-JCI-TYC-JCI-CASH-AND-STOCK,2016-09-06,cash_and_stock,predecessor_extinguished,JCI,0,0,{},0,0,,0,0,0,0,0,0,0,0,0,0,False,"[""https://www.sec.gov/Archives/edgar/data/53669/000110465916143072/a16-17944_18k.htm""]",,,,
corporate_action,2016-08-31,2016-09-30,0.0,EVT-20160906-JCI-TYC-JCI-CASH-AND-STOCK,2016-09-06,cash_and_stock,predecessor_extinguished,JCI^I16,0,0,{},57293/10000,0,USD,0,0,0,0,0,0,0,0,0,0,False,"[""https://www.sec.gov/Archives/edgar/data/53669/000110465916143072/a16-17944_18k.htm""]",,,,
financing_summary,2016-08-31,2016-09-30,0.0,,,,,,,,,,,,,,,,,,,,0.0,0.0,,,-765.9174486491951,0.0,765.9174486491951,-765.9174486491951
corporate_action,2016-12-31,2017-01-31,0.0,EVT-20170116-FTI-FTI-STOCK-EXCHANGE,2017-01-16,stock_exchange,predecessor_extinguished,FTI^A17,0,0,{},0,0,,0,0,0,0,0,0,0,0,0,0,False,"[""https://www.sec.gov/Archives/edgar/data/1681459/000168145918000113/technipfmc2018930-10q.htm"",""https://www.technipfmc.com/en/investors/financial-news-releases/press-release/fmc-technologies-and-technip-to-combine/""]",,,,
financing_summary,2016-12-31,2017-01-31,0.0,,,,,,,,,,,,,,,,,,,,0.0,0.0,,,-620.1611800202284,0.0,620.1611800202284,-620.1611800202284
corporate_action,2017-08-31,2017-09-30,0.0,EVT-20170901-DD-DOW-DWDP-STOCK-EXCHANGE,2017-09-01,stock_exchange,predecessor_extinguished,DD^I17,0,0,{},0,0,,0,0,0,0,0,0,0,0,0,0,False,"[""https://www.investors.dupont.com/news-and-media/press-release-details/2017/DowDuPont-Merger-Successfully-Completed/default.aspx"",""https://www.sec.gov/Archives/edgar/data/1666700/000119312519163322/d715311dex991.htm""]",,,,
corporate_action,2017-08-31,2017-09-30,0.0,EVT-20170901-DD-DOW-DWDP-STOCK-EXCHANGE,2017-09-01,stock_exchange,predecessor_extinguished,DOW^I17,0,0,{},0,0,,0,0,0,0,0,0,0,0,0,0,False,"[""https://www.investors.dupont.com/news-and-media/press-release-details/2017/DowDuPont-Merger-Successfully-Completed/default.aspx"",""https://www.sec.gov/Archives/edgar/data/1666700/000119312519163322/d715311dex991.htm""]",,,,
financing_summary,2017-08-31,2017-09-30,0.0,,,,,,,,,,,,,,,,,,,,0.0,0.0,,,-863.0949667059853,0.0,863.0949667059853,-863.0949667059853
corporate_action,2019-02-28,2019-03-31,0.0,EVT-20190320-TFCF-FOX-CASH-AND-STOCK,2019-03-20,cash_and_stock,predecessor_extinguished,TFCF.O^C19,0,0,{},38,0,USD,0,0,0,0,0,0,0,0,0,0,False,"[""https://investors.thewaltdisneycompany.com/files/doc_news/Disney-and-21st-Century-Fox-Announce-per-Share-Value-in-Connection-with-71-Billion-Acquisition-03-19-2019-2019.pdf"",""https://investors.thewaltdisneycompany.com/news/news-details/2019/21st-Century-Fox-and-Disney-Announce-Distribution-Adjustment-Multiple-in-Connection-with-Acquisition-and-Effect-on-Outstanding-Shares-03-18-2019/default.aspx""]",,,,
corporate_action,2019-02-28,2019-03-31,0.0,EVT-20190320-TFCFA-FOXA-CASH-AND-STOCK,2019-03-20,cash_and_stock,predecessor_extinguished,TFCFA.O^C19,0,0,{},38,0,USD,0,0,0,0,0,0,0,0,0,0,False,"[""https://investors.thewaltdisneycompany.com/files/doc_news/Disney-and-21st-Century-Fox-Announce-per-Share-Value-in-Connection-with-71-Billion-Acquisition-03-19-2019-2019.pdf"",""https://investors.thewaltdisneycompany.com/news/news-details/2019/21st-Century-Fox-and-Disney-Announce-Distribution-Adjustment-Multiple-in-Connection-with-Acquisition-and-Effect-on-Outstanding-Shares-03-18-2019/default.aspx""]",,,,
financing_summary,2019-02-28,2019-03-31,0.0,,,,,,,,,,,,,,,,,,,,0.0,0.0,,,-800.3237326923017,0.0,800.3237326923017,-800.3237326923017
corporate_action,2019-03-31,2019-04-30,0.0,EVT-20190402-DWDP-DOW-DISTRIBUTION,2019-04-02,distribution,predecessor_survives,DD,0,0,{},0,0,,0,0,0,0,0,0,0,0,0,0,False,"[""https://www.sec.gov/Archives/edgar/data/1666700/000119312519163322/d715311dex991.htm""]",,,,
financing_summary,2019-03-31,2019-04-30,0.0,,,,,,,,,,,,,,,,,,,,0.0,0.0,,,-535.6365429669792,0.0,535.6365429669792,-535.6365429669792
corporate_action,2019-05-31,2019-06-30,0.0,EVT-20190603-DWDP-DD-STOCK-EXCHANGE,2019-06-03,stock_exchange,predecessor_extinguished,DD,0,0,{},0,0,,0,0,0,0,0,0,0,0,0,0,False,"[""https://www.sec.gov/Archives/edgar/data/1666700/000119312519163322/d715311dex991.htm""]",,,,
financing_summary,2019-05-31,2019-06-30,0.0,,,,,,,,,,,,,,,,,,,,0.0,0.0,,,-309.9839817010513,0.0,309.9839817010513,-309.9839817010513
corporate_action,2020-03-31,2020-04-30,0.0,EVT-20200403-UTX-RTX-DISTRIBUTION,2020-04-03,distribution,predecessor_survives,RTX,0,0,{},0,0,,0,0,0,0,0,0,0,0,0,0,False,"[""https://www.sec.gov/Archives/edgar/data/101829/000114036120008397/nc10010681x2_8k.htm""]",,,,
financing_summary,2020-03-31,2020-04-30,0.0,,,,,,,,,,,,,,,,,,,,0.0,0.0,,,-916.6406536594764,0.0,916.6406536594764,-916.6406536594764
corporate_action,2020-10-31,2020-11-30,0.0,EVT-20201116-MYL-VTRS-STOCK-EXCHANGE,2020-11-16,stock_exchange,predecessor_extinguished,VTRS.O,0,0,{},0,0,,0,0,0,0,0,0,0,0,0,0,False,"[""https://www.sec.gov/Archives/edgar/data/1792044/000179204421000009/vtrs-20201231.htm""]",,,,
financing_summary,2020-10-31,2020-11-30,0.0,,,,,,,,,,,,,,,,,,,,0.0,0.0,,,-788.2467141106537,0.0,788.2467141106537,-788.2467141106537
corporate_action,2022-01-31,2022-02-28,0.0,EVT-20220228-INFO-SPGI-STOCK-EXCHANGE,2022-02-28,stock_exchange,predecessor_extinguished,INFO.K^B22,0,0,{},0,0,,0,0,0,0,0,0,0,0,0,0,False,"[""https://www.sec.gov/Archives/edgar/data/1598014/000119312522056012/d315930d8k.htm""]",,,,
financing_summary,2022-01-31,2022-02-28,0.0,,,,,,,,,,,,,,,,,,,,0.0,0.0,,,-860.8194546297569,0.0,860.8194546297569,-860.8194546297569
corporate_action,2022-03-31,2022-04-30,0.0,EVT-20220401-PBCT-MTB-STOCK-EXCHANGE,2022-04-01,stock_exchange,predecessor_extinguished,PBCT.O^D22,0,0,{},0,0,,0,0,0,0,0,0,0,0,0,0,False,"[""https://www.sec.gov/Archives/edgar/data/1378946/000119312522094315/d304251d8k.htm""]",,,,
corporate_action,2022-03-31,2022-04-30,0.0,EVT-20220411-DISCA-WBD-STOCK-EXCHANGE,2022-04-11,stock_exchange,predecessor_extinguished,WBD.O,0,0,{},0,0,,0,0,0,0,0,0,0,0,0,0,False,"[""https://www.sec.gov/Archives/edgar/data/1437107/000119312522103051/d328161d8k.htm""]",,,,
financing_summary,2022-03-31,2022-04-30,0.0,,,,,,,,,,,,,,,,,,,,0.0,0.0,,,-610.121507208775,0.0,610.121507208775,-610.121507208775
corporate_action,2022-08-31,2022-09-30,0.0,EVT-20220930-CTXS-CASH-ACQUISITION,2022-09-30,cash_settlement,predecessor_extinguished,CTXS.O^J22,0,0,{},104,0,USD,0,0,0,0,0,0,0,0,0,0,False,"[""https://www.sec.gov/Archives/edgar/data/877890/000119312522256805/d393433d8k.htm""]",,,,
financing_summary,2022-08-31,2022-09-30,0.0,,,,,,,,,,,,,,,,,,,,0.0,0.0,,,-1387.9234299212017,0.0,1387.9234299212017,-1387.9234299212017
corporate_action,2022-09-30,2022-10-31,0.0,EVT-20221003-DRE-PLD-STOCK-EXCHANGE,2022-10-03,stock_exchange,predecessor_extinguished,DRE^J22,0,0,{},0,0,,0,0,0,0,0,0,0,0,0,0,False,"[""https://www.sec.gov/Archives/edgar/data/1045609/000110465922105238/tm2227221d1_8k.htm""]",,,,
corporate_action,2022-09-30,2022-10-31,0.0,EVT-20221027-TWTR-CASH-ACQUISITION,2022-10-27,cash_settlement,predecessor_extinguished,TWTR.K^J22,0,0,{},271/5,0,USD,0,0,0,0,0,0,0,0,0,0,False,"[""https://www.sec.gov/Archives/edgar/data/1418091/000119312522272772/d411753d8k.htm""]",,,,
financing_summary,2022-09-30,2022-10-31,0.0,,,,,,,,,,,,,,,,,,,,0.0,0.0,,,-1296.8564888498308,0.0,1296.8564888498308,-1296.8564888498308
corporate_action,2024-03-31,2024-04-30,0.0,EVT-20240401-MMM-SOLV-DISTRIBUTION,2024-04-01,distribution,predecessor_survives,MMM,0,0,{},0,0,,0,0,0,0,0,0,0,0,0,0,False,"[""https://finance.yahoo.com/quote/MMM/history/"",""https://www.sec.gov/Archives/edgar/data/1964738/000162828024010988/exhibit991-8xk.htm""]",,,,
financing_summary,2024-03-31,2024-04-30,0.0,,,,,,,,,,,,,,,,,,,,0.0,0.0,,,-1537.6766571315509,0.0,1537.6766571315509,-1537.6766571315509
corporate_action,2024-08-31,2024-09-30,0.0,EVT-20240927-J-AMTM-DISTRIBUTION,2024-09-27,distribution,predecessor_survives,J,0,0,{},0,0,,0,0,0,0,0,0,0,0,0,0,False,"[""https://finance.yahoo.com/quote/J/history/"",""https://www.sec.gov/Archives/edgar/data/52988/000119312524219294/d876828dex991.htm""]",,,,
financing_summary,2024-08-31,2024-09-30,0.0,,,,,,,,,,,,,,,,,,,,0.0,0.0,,,-2270.942273183894,0.0,2270.942273183894,-2270.942273183894
corporate_action,2025-01-31,2025-02-28,0.0,EVT-20250221-WDC-SNDK-DISTRIBUTION,2025-02-21,distribution,predecessor_survives,WDC.O,0,0,{},0,0,,0,0,0,0,0,0,0,0,0,0,False,"[""https://finance.yahoo.com/quote/WDC/history/"",""https://www.sec.gov/Archives/edgar/data/2023554/000202355425000034/sndk-20250627.htm""]",,,,
financing_summary,2025-01-31,2025-02-28,0.0,,,,,,,,,,,,,,,,,,,,0.0,0.0,,,-1959.1825621137375,0.0,1959.1825621137375,-1959.1825621137375
corporate_action,2025-04-30,2025-05-31,0.0,EVT-20250518-DFS-COF-STOCK-EXCHANGE,2025-05-18,stock_exchange,predecessor_extinguished,DFS^E25,0,0,{},0,0,,0,0,0,0,0,0,0,0,0,0,False,"[""https://www.sec.gov/Archives/edgar/data/927628/000119312525122059/d934475d8k.htm""]",,,,
financing_summary,2025-04-30,2025-05-31,0.0,,,,,,,,,,,,,,,,,,,,0.0,0.0,,,-1959.8007763437665,0.0,1959.8007763437665,-1959.8007763437665
corporate_action,2025-06-30,2025-07-31,0.0,EVT-20250702-JNPR-CASH-SETTLEMENT,2025-07-02,cash_settlement,predecessor_extinguished,JNPR.K^G25,0,0,{},40,0,USD,0,0,0,0,0,0,0,0,0,0,False,"[""https://www.sec.gov/Archives/edgar/data/1043604/000114036125025744/ef20051688_1512g.htm""]",,,,
corporate_action,2025-06-30,2025-07-31,0.0,EVT-20250717-ANSS-SNPS-CASH-AND-STOCK,2025-07-17,cash_and_stock,predecessor_extinguished,ANSS.O^G25,0,0,{},19991/100,0,USD,0,0,0,0,0,0,0,0,0,0,False,"[""https://www.sec.gov/Archives/edgar/data/883241/000114036125026139/ef20051970_8k.htm""]",,,,
corporate_action,2025-06-30,2025-07-31,0.0,EVT-20250718-HES-CVX-STOCK-EXCHANGE,2025-07-18,stock_exchange,predecessor_extinguished,HES^G25,0,0,{},0,0,,0,0,0,0,0,0,0,0,0,0,False,"[""https://www.sec.gov/Archives/edgar/data/4447/000095014225001950/eh250651090_8k.htm""]",,,,
financing_summary,2025-06-30,2025-07-31,0.0,,,,,,,,,,,,,,,,,,,,0.0,0.0,,,-2743.8898245265914,0.0,2743.8898245265914,-2743.8898245265914
corporate_action,2025-07-31,2025-08-31,0.0,EVT-20250807-PARA-PSKY-STOCK-EXCHANGE,2025-08-07,stock_exchange,predecessor_extinguished,PSKY.O,0,0,{},0,0,,0,0,0,0,0,0,0,0,0,0,False,"[""https://www.sec.gov/Archives/edgar/data/2041610/000119312525175046/d841914d8k12b.htm""]",,,,
corporate_action,2025-07-31,2025-08-31,0.0,EVT-20250828-WBA-CASH-DAP-ACQUISITION,2025-08-28,cash_settlement,predecessor_extinguished,WBA.O^H25,0,0,{},229/20,0,USD,0,0,1,0,3,0,0,0,0,0,False,"[""https://www.sec.gov/Archives/edgar/data/1105076/000141036825017337/NPORT_WIX1_11766534_0825.htm"",""https://www.sec.gov/Archives/edgar/data/1618921/000119312525135574/d946494dex99c13.htm"",""https://www.sec.gov/Archives/edgar/data/1618921/000119312525190603/d87240dex991.htm""]",,,,
financing_summary,2025-07-31,2025-08-31,0.0,,,,,,,,,,,,,,,,,,,,0.0,0.0,,,-2956.5228985568874,0.0,2956.5228985568874,-2956.5228985568874
corporate_action,2025-09-30,2025-10-31,0.0,EVT-20251030-HON-SOLS-DISTRIBUTION,2025-10-30,distribution,predecessor_survives,HON.O,0,0,{},0,0,,0,0,0,0,0,0,0,0,0,0,False,"[""https://finance.yahoo.com/quote/HON/history/"",""https://www.sec.gov/Archives/edgar/data/2064953/000206495325000018/sols-20250930.htm""]",,,,
financing_summary,2025-09-30,2025-10-31,0.0,,,,,,,,,,,,,,,,,,,,0.0,0.0,,,-3063.2366798850576,0.0,3063.2366798850576,-3063.2366798850576
corporate_action,2025-10-31,2025-11-30,0.0,EVT-20251126-IPG-OMC-STOCK-EXCHANGE,2025-11-26,stock_exchange,predecessor_extinguished,IPG^K25,0,0,{},0,0,,0,0,0,0,0,0,0,0,0,0,False,"[""https://www.sec.gov/Archives/edgar/data/51644/000119312525300704/d89931d8k.htm""]",,,,
financing_summary,2025-10-31,2025-11-30,0.0,,,,,,,,,,,,,,,,,,,,0.0,0.0,,,-3235.0738472289904,0.0,3235.0738472289904,-3235.0738472289904
corporate_action,2025-11-30,2025-12-31,0.0,EVT-20251211-K-CASH-SETTLEMENT,2025-12-11,cash_settlement,predecessor_extinguished,K^L25,0,0,{},167/2,0,USD,0,0,0,0,0,0,0,0,0,0,False,"[""https://www.sec.gov/Archives/edgar/data/55067/000119312525319185/xslSCHEDULE_13D_X01/primary_doc.xml""]",,,,
financing_summary,2025-11-30,2025-12-31,0.0,,,,,,,,,,,,,,,,,,,,0.0,0.0,,,-2625.528928272951,0.0,2625.528928272951,-2625.528928272951
