Date,NAV,Num_Trades,Fees,Spread_Cost,Turnover,Turnover_Threshold,Interest,Cash_Interest_Credit,Loan_Interest_Charge,Cash,Signed_Market_Value,Gross_Market_Value,Restricted_Short_Proceeds,Free_Cash,Loan,Gross_Exposure,Maximum_Position_Weight,Position_Count,Long_Count,Short_Count,Feasibility_Scale,Feasibility_Adjustment,Used_Hold_Logic,Net_Exposure,Post_Trade_Gross_Exposure,Post_Trade_Net_Exposure,Target_Gross,Construction_Ready
2015-02-28,1032586.1841279968,20,40.0,452.05139434056355,1.499910150520315,0.05,-310.4326770587227,0.0,310.4326770587227,398947.2089663978,633638.975161599,1587497.8369235608,449692.02332427603,-50744.81435787823,50744.81435787823,1.5373998425750568,0.12270366894823215,20,10,10,1.0,,False,0.6136427011142875,1.5006485467301485,0.6005458063635896,1.5,1.0
2015-03-31,1086546.2768597633,6,12.0,185.41920394493394,0.6212426719051307,0.05,-409.10403251845196,0.0,409.10403251845196,389269.7657299344,697276.511129829,1599447.355397573,449692.02332427603,-60422.257594341645,60422.257594341645,1.472047154788611,0.11435824000744904,20,10,10,1.0,,False,0.6417365978603634,1.5464801741047745,0.6225463865919543,1.5,1.0
2015-04-30,947606.8425098255,8,16.0,182.92122450845952,0.5966783116407164,0.05,-510.8913347615367,0.0,510.8913347615367,378880.0911668544,568726.751342971,1626643.826668991,456842.3884500106,-77962.2972831562,77962.2972831562,1.7165809212190495,0.12990810081674625,20,10,10,1.0,,False,0.6001716385211454,1.474326822895896,0.6507645731049234,1.5,1.0
2015-05-31,1013258.3842842288,10,20.0,225.64685896287335,0.9762225472106679,0.05,-439.7837494166723,0.0,439.7837494166723,389532.655009275,623725.7292749538,1549934.0773528542,454486.1262069979,-64953.47119772289,64953.47119772289,1.5296533454768657,0.12530561006873894,20,10,10,1.0,,False,0.6155643406943601,1.6707318585414235,0.5883592862479763,1.5,1.0
2015-06-30,1042112.7870002032,20,40.0,329.2394063091013,1.3658554790852109,0.05,-547.5916993308796,0.0,547.5916993308796,373068.47389692103,669044.3131032821,1513774.091703282,456631.26689858624,-83562.79300166521,83562.79300166521,1.4526010145799957,0.12098882344869973,20,10,10,1.0,,False,0.6420075844469527,1.5444244133154488,0.6311382469783675,1.5,1.0
2015-07-31,1051462.117402171,10,20.0,185.84321816388874,0.6966118467332544,0.05,-529.3121615161804,0.0,529.3121615161804,383487.6915737909,667974.42582838,1447192.88689502,461663.98226949776,-78176.29069570685,78176.29069570685,1.3763623652657826,0.12974081685134264,20,10,10,1.0,,False,0.6352814949517466,1.446132396698579,0.6314286932944738,1.5,1.0
2015-08-31,1066489.636328231,10,20.0,214.07441781039148,0.829960321840025,0.05,-983.5853272695812,0.0,983.5853272695812,318734.999190411,747754.63713782,1476796.36886218,464004.76259128127,-145269.76340087026,145269.76340087026,1.3847264132322705,0.1287183647396932,20,10,10,1.0,,False,0.7011363370695571,1.4765230150508948,0.6958618192775541,1.5,1.0
2015-09-30,1122974.8061846362,16,32.0,376.06532546952826,1.2711356493003516,0.05,-961.442711955445,0.0,961.442711955445,323261.32914916804,799713.4770354681,1462104.032964532,469978.0131680522,-146716.68401888415,146716.68401888415,1.3019918389194363,0.12863960010893466,20,10,10,1.0,,False,0.712138395831457,1.4342269001237626,0.6958743301826725,1.5,1.0
2015-10-31,1190384.2305145303,14,28.0,328.20671940452644,1.041454466293013,0.05,-1122.4902208831866,0.0,1122.4902208831866,315275.9247733602,875108.3057411701,1646784.5836642701,481061.1233591851,-165785.19858582492,165785.19858582492,1.3834059133599794,0.12180345327435027,20,10,10,1.0,,False,0.7351477643171687,1.3706524024571074,0.7181603661787163,1.5,1.0
2015-11-30,1235207.7556799958,14,28.0,338.69837048335086,0.9508020461500682,0.05,-1130.9169692910123,0.0,1130.9169692910123,325689.26735559583,909518.4883244,1661092.7597485601,498267.8157930744,-172578.54843747854,172578.54843747854,1.344788155765837,0.11915568156303766,20,10,10,1.0,,False,0.7363283497387854,1.4230502457683911,0.7253652358078649,1.5,1.0
2015-12-31,1255484.7677675644,10,20.0,229.3441763681284,0.7563759924112098,0.05,-1242.0860667433567,0.0,1242.0860667433567,326808.06914896425,928676.6986186001,1708527.5873814002,510256.87022066896,-183448.80107170471,183448.80107170471,1.3608509089436522,0.11304247064053198,20,10,10,1.0,,False,0.739695711537722,1.398607363311203,0.7343633986700093,1.5,1.0
2016-01-31,1164646.5953755602,12,24.0,431.1795550373461,1.119886018609428,0.05,-1251.7972483268054,0.0,1251.7972483268054,328290.83434560016,836355.76102996,1584939.72447004,513173.9197766362,-184883.08543103602,184883.08543103602,1.360876106763485,0.1145583566120128,20,10,10,1.0,,False,0.7181197835900278,1.3814149575952566,0.7374224204042253,1.5,1.0
2016-02-29,1186403.8064006758,12,24.0,239.0859429793918,0.7240767880560931,0.05,-1173.1511903649912,0.0,1173.1511903649912,334625.2832122558,851778.52318842,1634310.27481158,519801.75117576134,-185176.46796350554,185176.46796350554,1.3775328989964788,0.11367846198097226,20,10,10,1.0,,False,0.7179499244633701,1.4171222669360395,0.7116083904638432,1.5,1.0
2016-03-31,1167224.042224184,12,24.0,328.96609286493873,1.004454672659352,0.05,-1320.1203140668827,0.0,1320.1203140668827,323596.903805324,843627.1384188599,1769658.83608114,518570.9038928805,-194974.0000875565,194974.0000875565,1.516126100957445,0.1220886925687825,20,10,10,1.0,,False,0.7227636750964285,1.3935524276367695,0.7260513520355785,1.5,1.0
2016-04-30,1063100.3947027521,16,32.0,421.9942101556105,1.3255301065593863,0.05,-908.6988266762022,0.0,908.6988266762022,386658.16928711213,676442.2254156399,1838506.60249916,525326.1075469233,-138667.9382598112,138667.9382598112,1.7293819207105225,0.1516764032925465,20,10,10,1.0,,False,0.6362919520924234,1.5111825594838724,0.6678292618382944,1.5,1.0
2016-05-31,1108369.501286502,8,16.0,158.64211963522817,0.5448939946654509,0.05,-552.485829046872,0.0,552.485829046872,459561.8221384301,648807.6791480718,1638078.593196328,493656.0052430835,-34094.183104653435,34094.183104653435,1.4779174195022367,0.1685901170892094,19,9,10,1.0,,False,0.5853712849324981,1.6647659716578274,0.6694295842267676,1.5,1.0
2016-06-30,1176467.0706333502,18,36.0,428.26133010821604,1.3753193914071966,0.05,-710.3741181255635,0.0,710.3741181255635,378072.8827265463,798394.1879068039,1746593.503932096,486476.3619231848,-108403.47919663851,108403.47919663851,1.484608917266013,0.15332597643662985,20,10,10,1.0,,False,0.6786370888196548,1.5132461742338765,0.658108615083741,1.5,1.0
2016-07-31,1211690.5544589267,18,36.0,398.4397334742538,1.391742674064167,0.05,-858.3343205495505,0.0,858.3343205495505,382577.57947892655,829112.97498,1909313.55498,509348.5064215007,-126770.92694257415,126770.92694257415,1.5757435328301233,0.16743938601600883,20,10,10,1.0,,False,0.6842613173214308,1.5034097104495454,0.6739580996948369,1.5,1.0
2016-08-31,1147505.6378589408,15,30.0,335.88478014993444,1.0744790417140224,0.05,-593.82432607555,0.0,593.82432607555,428413.07208374084,719092.5657752,1735290.2657752,516117.42976274976,-87704.35767900891,87704.35767900891,1.5122280959010972,0.13315525558993618,20,10,10,1.0,,False,0.6266571091684656,1.4915156922776698,0.6458365728458397,1.5,1.0
2016-09-30,1188482.062089398,16,32.0,389.8190006537158,1.2138544685246813,0.05,-765.9174486491951,0.0,765.9174486491951,392417.42180677794,796064.64028262,1745886.86616778,509296.8436388521,-116879.42183207418,116879.42183207418,1.4690056517121028,0.14361311158532344,20,10,10,1.0,,False,0.6698162855593354,1.4991872060501923,0.6572322503452542,1.5,1.0
2016-10-31,1073402.440356575,16,32.0,395.0994121845537,1.2911910287858968,0.05,-968.4162990592595,0.0,968.4162990592595,370458.8821031401,702943.5582534348,1662365.218253435,513488.26932307275,-143029.38721993263,143029.38721993263,1.548687757502407,0.16513636855634173,20,10,10,1.0,,False,0.654874194267644,1.498252303297377,0.6873652229310928,1.5,1.0
2016-11-30,1230098.2490051547,11,22.0,250.4413517875491,0.879651924599131,0.05,-480.5988533527964,0.0,480.5988533527964,433435.9652286647,796662.28377649,1761490.7317764899,506775.61327050027,-73339.64804183558,73339.64804183558,1.43199190243633,0.11871488323644305,20,10,10,1.0,,False,0.6476411818493302,1.4794276074614583,0.5956533090264661,1.5,1.0
2016-12-31,1270743.8925435261,20,40.0,491.38946799250516,1.5819263892949544,0.05,-788.333135236101,0.0,788.333135236101,403256.25665164605,867487.6358918801,1866426.3598918803,519688.4205542159,-116432.16390256985,116432.16390256985,1.4687667364318657,0.1330403002461877,20,10,10,1.0,,False,0.6826612671381905,1.4706931987667367,0.6713927456218411,1.5,1.0
2017-01-31,1258966.445371531,20,40.0,510.5074396149036,1.5904072533050524,0.05,-620.1611800202284,0.0,620.1611800202284,451223.63182633097,807742.8135452,1902360.3124548001,542817.7878128111,-91594.15598648012,91594.15598648012,1.5110492574672223,0.13735452889609662,20,10,10,1.0,,False,0.6415920110617632,1.498923052371813,0.6442716531944567,1.5,1.0
2017-02-28,1259716.1716297616,14,28.0,380.1526834670065,1.1128977814706762,0.05,-857.3730894624407,0.0,857.3730894624407,411803.9020534015,847912.2695763601,1922755.4464236402,551954.219579356,-140150.3175259545,140150.3175259545,1.5263402103793504,0.12759151753371256,20,10,10,1.0,,False,0.6730978681327644,1.5085924104473594,0.6721158824820974,1.5,1.0
2017-03-31,1298393.4214250222,10,20.0,239.87735396296443,0.8117188969590601,0.05,-1194.4417449364698,0.0,1194.4417449364698,375107.501637702,923285.9197873201,1894669.25587916,551519.5168156045,-176412.01517790253,176412.01517790253,1.4592412627905254,0.14619236116559542,20,10,10,1.0,,False,0.711098735215393,1.5249319539466815,0.7012187361380283,1.5,1.0
2017-04-30,1259731.8281529504,14,28.0,267.1919719972358,0.851451201448759,0.05,-564.1488402844415,0.0,564.1488402844415,488933.63945092034,770798.1887020301,1900971.64308437,575023.0612234243,-86089.42177250393,86089.42177250393,1.509028827089033,0.13113549352977272,20,10,10,1.0,,False,0.6118748224629629,1.4781438653630765,0.6229115969925768,1.5,1.0
2017-05-31,1361457.1266240196,12,24.0,286.79757066782173,0.8972833353021228,0.05,-660.0804469128896,0.0,660.0804469128896,474114.35778465954,887342.7688393601,1926604.79038424,571604.354524205,-97489.99673954543,97489.99673954543,1.4151050023599396,0.16792945075466792,20,10,10,1.0,,False,0.6517596121735304,1.5121626947544176,0.6230216689234858,1.5,1.0
2017-06-30,1339122.5138963517,7,14.0,167.95894341775647,0.5455302041352262,0.05,-284.4564954399899,0.0,284.4564954399899,532736.5656372419,806385.9482591099,1911914.29540041,576144.782517586,-43408.21688034409,43408.21688034409,1.4277366525915884,0.11383667032021762,20,10,10,1.0,,False,0.6021748868315452,1.379799611193308,0.6084399137017495,1.5,1.0
2017-07-31,1431517.5187743362,22,44.0,567.5771697203635,1.6589892230231917,0.05,-658.384454711298,0.0,658.384454711298,487769.60449688224,943747.9142774539,2056309.9924182259,585009.1131709551,-97239.50867407286,97239.50867407286,1.4364546472185937,0.11570631712688856,20,10,10,1.0,,False,0.6592639642199348,1.4796826209172622,0.6350960044106484,1.5,1.0
2017-08-31,1533477.6123439411,18,36.0,451.71104242069197,1.262191740244046,0.05,-545.1770929067327,0.0,545.1770929067327,540854.263649937,992623.3486940041,2092291.383934556,621373.7113301776,-80519.44768024061,80519.44768024061,1.3644094749687676,0.11421695275504033,20,10,10,1.0,,False,0.6473021455962217,1.464749508364986,0.6216714440065194,1.5,1.0
2017-09-30,1499513.214060592,14,28.0,454.0371027789942,1.1775145197556391,0.05,-863.0949667059853,0.0,863.0949667059853,507081.77383565216,992431.44022494,2268033.248537424,638790.538106112,-131708.76427045988,131708.76427045988,1.5125130124033557,0.11639443278220252,20,10,10,1.0,,False,0.6618357417054666,1.4172961075491413,0.668658620412227,1.5,1.0
2017-10-31,1631513.3494299878,14,28.0,402.04032564699645,0.9938966153039102,0.05,-1158.2645684074284,0.0,1158.2645684074284,479549.0425070479,1151964.3069229398,2348918.56806314,650617.9016524439,-171068.85914539604,171068.85914539604,1.4397176516415244,0.13724941942904348,20,10,10,1.0,,False,0.7060710274454137,1.5090080726409405,0.679332464336999,1.5,1.0
2017-11-30,1572092.4082732135,14,28.0,398.530542117335,1.077654452284792,0.05,-1568.0103093773057,0.0,1568.0103093773057,437931.52301241335,1134160.8852608001,2567299.1189173604,677210.7543577376,-239279.23134532425,239279.23134532425,1.633045936362788,0.1554899436659057,20,10,10,1.0,,False,0.7214339814200633,1.472383427588067,0.7305480442656903,1.5,1.0
2017-12-31,1521491.0735523417,5,10.0,136.7696361506208,0.34886252623704933,0.05,-1201.1416144812636,0.0,1201.1416144812636,503080.64273350145,1018410.4308188402,2487775.27201884,680482.1892073727,-177401.54647387128,177401.54647387128,1.63509028430278,0.12870285169850093,20,10,10,1.0,,False,0.6693502502391153,1.5843111674322257,0.6791989672205113,1.5,1.0
2018-01-31,1615998.3096899788,20,40.0,531.175527850877,1.540153881102271,0.05,-914.124513491612,0.0,914.124513491612,556622.9111860988,1059375.39850388,2574687.67986668,691633.721242099,-135010.81005600013,135010.81005600013,1.593248993163007,0.14560762755076237,20,10,10,1.0,,False,0.6555547689323487,1.5954869249374406,0.6334211706850765,1.5,1.0
2018-02-28,1544225.1913447357,12,24.0,355.37158333388305,0.9749426224970822,0.05,-678.7242849094066,0.0,678.7242849094066,593478.9053178555,950746.28602688,2393461.02934592,704426.4323766656,-110947.52705881011,110947.52705881011,1.5499430023296383,0.15574635185854097,20,10,10,1.0,,False,0.6156785236737106,1.5185303241999608,0.6322414799748124,1.5,1.0
2018-03-31,1517991.9514823556,16,32.0,489.09669815960484,1.491047412509399,0.05,-468.8781919597688,0.0,468.8781919597688,632262.9899141359,885728.9615682198,2296727.6779317795,701513.5390239996,-69250.5491098637,69250.5491098637,1.513003857292504,0.11704062055566512,20,10,10,1.0,,False,0.5834872580867667,1.499400099725358,0.5901210145776306,1.5,1.0
2018-04-30,1481254.1011741897,10,20.0,251.15951415358182,0.7002845790532217,0.05,-821.2180887723493,0.0,821.2180887723493,568081.45706121,913172.6441129799,2198360.61988702,693399.7868407884,-125318.32977957849,125318.32977957849,1.484121203880131,0.11865218794039445,20,10,10,1.0,,False,0.6164861541237984,1.5028601737898362,0.6251598593360371,1.5,1.0
2018-05-31,1581357.8460533195,18,36.0,503.1726402218509,1.3922844432279808,0.05,-856.8002803282363,0.0,856.8002803282363,555689.9076731296,1025667.9383801898,2296740.13361981,682234.26590446,-126544.3582313304,126544.3582313304,1.452384821912326,0.12114512883856184,20,10,10,1.0,,False,0.6485995190399219,1.5023941601115944,0.6241364916172718,1.5,1.0
2018-06-30,1649936.410699559,12,24.0,286.5896952406537,0.778228238572021,0.05,-828.4075159002241,0.0,828.4075159002241,570550.1920538688,1079386.21864569,2414665.2433543103,696965.6323477615,-126415.44029389275,126415.44029389275,1.4634898822134077,0.12876389576124458,20,10,10,1.0,,False,0.6541986779890744,1.454648699438248,0.6386075132972737,1.5,1.0
2018-07-31,1532653.55117014,21,42.0,665.6670219204868,1.5803784772964387,0.05,-967.5986604182297,0.0,967.5986604182297,573177.42883529,959476.12233485,2392356.27965371,716086.0556406081,-142908.62680531805,142908.62680531805,1.5609243705645086,0.12328675313200248,20,10,10,1.0,,False,0.6260228357558795,1.505368705014265,0.6518705912101591,1.5,1.0
2018-08-31,1616613.6992412219,10,20.0,313.4134631167614,0.8519253323773843,0.05,-643.7941687710743,0.0,643.7941687710743,613530.535203402,1003083.16403782,2369696.54140482,708615.1445233222,-95084.60931992019,95084.60931992019,1.465839700923645,0.1227484934051585,20,10,10,1.0,,False,0.6204841419497,1.5192256816106715,0.5991866749912789,1.5,1.0
2018-09-30,1617063.206751688,14,28.0,335.4171860566115,0.8545502574182157,0.05,-515.7928916777173,0.0,515.7928916777173,635019.7642932679,982043.4424584201,2394403.33266102,713730.0418443375,-78710.27755106962,78710.27755106962,1.4807110338443923,0.12126365820535995,20,10,10,1.0,,False,0.6073005918124388,1.4817659737795223,0.6067839466194422,1.5,1.0
2018-10-31,1378331.7852941314,20,40.0,703.4184407234824,1.4866248601794987,0.05,-946.9295855931159,0.0,946.9295855931159,581558.1911947912,796773.59409934,1994511.34261506,721414.1173077411,-139855.92611294985,139855.92611294985,1.4470473393236287,0.12393856459135909,20,10,10,1.0,,False,0.5780709714456097,1.4948689731910463,0.639610227510055,1.5,1.0
2018-11-30,1320468.5725843892,12,24.0,311.4127030143807,0.8117049490195948,0.05,-492.89891592754356,0.0,492.89891592754356,605641.3700615893,714827.2025228001,1929330.5888772001,680858.0143838598,-75216.64432227053,75216.64432227053,1.4610954239533023,0.12220891814499195,20,10,10,1.0,,False,0.5413435937545696,1.4157792762780286,0.5601336251431696,1.5,1.0
2018-12-31,1234043.5748383116,16,32.0,466.49669371298734,1.4283396900932328,0.05,-710.8199398844587,0.0,710.8199398844587,559930.8930849518,674112.6817533599,1697887.7311845599,664914.8142809768,-104983.92119602498,104983.92119602498,1.3758734017208611,0.10431348019203153,20,10,10,1.0,,False,0.5462632726252671,1.4732903970629903,0.5752618008051947,1.5,1.0
2019-01-31,1231382.5001899826,16,32.0,368.18033835590546,1.1846644216478923,0.05,-776.7157247321763,0.0,776.7157247321763,516101.2148959897,715281.285293993,1860752.954706007,630817.5556478413,-114716.34075185162,114716.34075185162,1.5111088182745187,0.10970917645748349,20,10,10,1.0,,False,0.5808766042912227,1.3918178654997266,0.5810151191785591,1.5,1.0
2019-02-28,1232107.5348762367,16,32.0,371.00050563775994,1.1901666624619394,0.05,-589.9294395568986,0.0,589.9294395568986,510068.8654159447,722038.669460292,1962321.290539708,606501.5611559591,-96432.69574001443,96432.69574001443,1.5926542407979187,0.11745849765827221,20,10,10,1.0,,False,0.58601919801815,1.5213038849561387,0.5851606017919487,1.5,1.0
2019-03-31,1257506.440777407,16,32.0,423.0938695872065,1.2465918602805237,0.05,-800.3237326923017,0.0,800.3237326923017,466747.44034664717,790759.00043076,1983745.32654428,584950.5449161876,-118203.10456954048,118203.10456954048,1.577522994886533,0.11645463216034692,20,10,10,1.0,,False,0.6288309743701213,1.5467090229457396,0.6203898530845235,1.5,1.0
2019-04-30,1231536.5962794875,20,40.0,431.2536049524961,1.537690635722604,0.05,-535.6365429669792,0.0,535.6365429669792,478101.15882948757,753435.4374499999,1918539.55295,559839.5884272519,-81738.42959776433,81738.42959776433,1.5578420964070179,0.12036314669642184,20,10,10,1.0,,False,0.6117848545679869,1.540268749481214,0.6192335741618429,1.5,1.0
2019-05-31,1259679.8806810481,8,16.0,183.11991240448143,0.6244959364776044,0.05,-601.5757110349705,0.0,601.5757110349705,471001.92320604797,788677.9574750001,1738456.6897250002,559851.114818489,-88849.19161244098,88849.19161244098,1.3800781582580335,0.12052067539406887,20,10,10,1.0,,False,0.6260939541628623,1.5336871728470072,0.6169989885238498,1.5,1.0
2019-06-30,1327212.042532102,22,44.0,527.9957172448187,1.6659184390286756,0.05,-309.9839817010513,0.0,309.9839817010513,516631.923007102,810580.119525,1965913.469275,563935.6482614636,-47303.725254361634,47303.725254361634,1.4812354064572537,0.11040831856862517,20,10,10,1.0,,False,0.6107389727858004,1.4246572121788978,0.5894379559034657,1.5,1.0
2019-07-31,1310542.1522325254,18,36.0,475.88516928452947,1.5251751403323022,0.05,-393.1179506520503,0.0,393.1179506520503,516344.6131067854,794197.5391257401,1993432.80367426,574405.8205044087,-58061.20739762328,58061.20739762328,1.52107492328913,0.11283354461212579,20,10,10,1.0,,False,0.6060068634746424,1.4864060967736257,0.6105090301002178,1.5,1.0
2019-08-31,1353343.1614544878,10,20.0,207.9841638550815,0.5728596810919712,0.05,-406.8222511823884,0.0,406.8222511823884,518638.9615287379,834704.1999257499,1866464.1292742498,578724.2134504323,-60085.25192169438,60085.25192169438,1.379150671045097,0.11515594421189307,20,10,10,1.0,,False,0.616772023312005,1.5184837094785768,0.6038768438679369,1.5,1.0
2019-09-30,1288433.595491233,14,28.0,400.12504857225196,1.059713604684461,0.05,-432.7067161825262,0.0,432.7067161825262,523113.8297639831,765319.7657272499,1968630.79147275,589145.1114634201,-66031.28169943701,66031.28169943701,1.5279256908247432,0.12125309689742797,20,10,10,1.0,,False,0.5939924016304939,1.4296929202684352,0.6130233441184952,1.5,1.0
2019-10-31,1300386.574107991,22,44.0,624.9891506315824,1.7210171290524128,0.05,-480.19177058030243,0.0,480.19177058030243,515203.42935377103,785183.14475422,1930886.3196585001,586124.9274335471,-70921.49807977607,70921.49807977607,1.4848556253228042,0.11301553163205401,20,10,10,1.0,,False,0.6038074833960984,1.5175855349163545,0.5995513321415529,1.5,1.0
2019-11-30,1336283.0825092895,20,40.0,508.89872608230604,1.3675161031360052,0.05,-453.5240247395331,0.0,453.5240247395331,517621.59209320945,818661.49041608,2036593.2137368799,586829.6064712582,-69208.01437804877,69208.01437804877,1.524073185086306,0.1205471761073202,20,10,10,1.0,,False,0.6126407653674601,1.4976625931209366,0.6014309125439591,1.5,1.0
2019-12-31,1272152.2872151078,22,44.0,690.0863417897574,1.8117544101697267,0.05,-602.4031102421493,0.0,602.4031102421493,504810.2999930198,767341.987222088,2148600.7662410913,593781.6935982442,-88971.39360522444,88971.39360522444,1.6889493402905662,0.12748917848117353,20,10,10,1.0,,False,0.6031840644659694,1.5431796394604154,0.621569328752747,1.5,1.0
2020-01-31,1289232.3887934792,20,40.0,633.3561298353651,1.6915481115834954,0.05,-466.1962820209376,0.0,466.1962820209376,516211.6422676033,773020.746525876,1966151.7899741242,585066.0890653697,-68854.44679776637,68854.44679776637,1.5250561551700823,0.12162184208445095,20,10,10,1.0,,False,0.5995976778471281,1.618271614385373,0.5936402673156265,1.5,1.0
2020-02-29,1313443.8805890614,12,24.0,291.92743985030813,0.907710449493978,0.05,-543.4765088675573,0.0,543.4765088675573,493734.75052096124,819709.1300681,1821583.9724319,579519.9938551305,-85785.24333416927,85785.24333416927,1.38687613483337,0.11746637696526867,20,10,10,1.0,,False,0.6240914759909436,1.5176013968523072,0.6165164757763009,1.5,1.0
2020-03-31,1307983.7789087864,10,20.0,268.8992985203308,0.7749576161412396,0.05,-724.6457962157858,0.0,724.6457962157858,474677.24190562725,833306.537003159,1480073.9307615592,581703.1607020453,-107025.91879641806,107025.91879641806,1.1315690260290099,0.11440442336742102,20,10,10,1.0,,False,0.6370924092792366,1.4219318406708068,0.6379697031384459,1.5,1.0
2020-04-30,1237360.926491707,22,44.0,415.4436445836551,1.3654112740577948,0.05,-916.6406536594764,0.0,916.6406536594764,449434.7620067592,787926.1644849479,2072322.241515052,589314.627410589,-139879.86540382984,139879.86540382984,1.6747920490674562,0.1340918768709091,20,10,10,1.0,,False,0.6367795746702275,1.3564926935282065,0.6555693913188856,1.5,1.0
2020-05-31,1401113.6754321638,14,28.0,268.7164252746882,1.016839789207852,0.05,-804.58431005666,0.0,804.58431005666,458644.5698323678,942469.1055997959,2087280.401400204,577476.9366006334,-118832.36676826561,118832.36676826561,1.489729518739011,0.14383984828200158,20,10,10,1.0,,False,0.6726571313416793,1.6482936095665495,0.6285971654472559,1.5,1.0
2020-06-30,1351472.7526179277,18,36.0,344.034693999545,1.1607153525702223,0.05,-1312.1220422366314,0.0,1312.1220422366314,407468.9993259277,944003.7532919999,2197808.9092079997,607699.541064088,-200230.5417381603,200230.5417381603,1.6262324970671,0.15957806684022016,20,10,10,1.0,,False,0.6985000263330335,1.4993862919742593,0.7081664140280497,1.5,1.0
2020-07-31,1614762.755069613,9,18.0,228.19133729877433,0.6420685469382279,0.05,-858.8740955157506,0.0,858.8740955157506,480319.9403931132,1134442.8146765,2276913.2648235,607170.5889210502,-126850.64852793701,126850.64852793701,1.410060553895635,0.13809979162566607,20,10,10,1.0,,False,0.7025445757371297,1.5844466531792503,0.6438947928668673,1.5,1.0
2020-08-31,1637179.6611340097,8,16.0,187.04261256723953,0.6192774665259667,0.05,-645.8382815360179,0.0,645.8382815360179,531052.8314990099,1106126.8296349999,2398067.539365,626439.344242553,-95386.51274354314,95386.51274354314,1.4647552716993524,0.1220564909544422,20,10,10,1.0,,False,0.6756294717641614,1.391062489355439,0.6706850383555008,1.5,1.0
2020-09-30,1595656.6618188648,8,16.0,220.65259970228703,0.6009886253524999,0.05,-695.0483209429574,0.0,695.0483209429574,534238.6445783647,1061418.0172405,2239174.3997595,640303.398737497,-106064.75415913237,106064.75415913237,1.4032933608706895,0.1266934205442177,20,10,10,1.0,,False,0.6651919818581811,1.4640626539044053,0.6732117794508443,1.5,1.0
2020-10-31,1527888.7902644887,16,32.0,405.4063613776075,1.1643005296244555,0.05,-904.9885150835325,0.0,904.9885150835325,523636.5461563986,1004252.2441080902,2214567.98389191,657298.02302251,-133661.4768661114,133661.4768661114,1.4494300881077555,0.12256814448359303,20,10,10,1.0,,False,0.6572809817750196,1.439233489916447,0.6711790351846958,1.5,1.0
2020-11-30,1710035.7218106836,28,56.0,774.7589455949361,2.049096993263932,0.05,-788.2467141106537,0.0,788.2467141106537,560019.9943240633,1150015.7274866202,2749216.3824790404,680306.8742858262,-120286.87996176293,120286.87996176293,1.6076952939719955,0.145699184421823,20,10,10,1.0,,False,0.6725097685496989,1.5008911417649424,0.6327525021732061,1.5,1.0
2020-12-31,1654676.9408567154,20,40.0,598.3943139269294,1.4516042891469598,0.05,-1170.6736642008348,0.0,1170.6736642008348,550506.6397284216,1104170.3011282939,2734538.961071246,723408.2492818895,-172901.60955346795,172901.60955346795,1.6526119954602303,0.1480543204241183,20,10,10,1.0,,False,0.6673026461326073,1.536725275895408,0.6772679443693178,1.5,1.0
2021-01-31,1685510.0543598875,14,28.0,355.68566673346083,0.8951380586157727,0.05,-1469.5235892248722,0.0,1469.5235892248722,515208.17599769746,1170301.87836219,2783407.79836219,732248.1604302682,-217039.9844325707,217039.9844325707,1.651374188580118,0.1626492403832701,20,10,10,1.0,,False,0.6943309981064693,1.6279753708442544,0.6876746622970508,1.5,1.0
2021-02-28,1919667.3603651011,14,28.0,435.1624905998979,1.0492770395675008,0.05,-825.2419292766135,0.0,825.2419292766135,598206.691577821,1321460.66878728,2939579.3887872794,733104.6955452238,-134898.00396740274,134898.00396740274,1.5312962284404321,0.1634321270849397,20,10,10,1.0,,False,0.688380026702101,1.5930098155217487,0.6445013272938842,1.5,1.0
2021-03-31,1820202.421877141,21,42.0,921.4842773124254,1.4734148846179969,0.05,-462.8855455577601,0.0,462.8855455577601,752171.5040322309,1068030.9178449102,2779136.73975491,820536.9745415612,-68365.47050933028,68365.47050933028,1.5268283935634135,0.1265594953787777,20,10,10,1.0,,False,0.5867649141700787,1.4388380241645409,0.6077381200102646,1.5,1.0
2021-04-30,1800313.2820392402,22,44.0,660.2177498104164,1.6180451214665517,0.05,-780.9520760903023,0.0,780.9520760903023,684977.1230062402,1115336.159033,2739854.300967,804150.8372139175,-119173.71420767729,119173.71420767729,1.5218764024578701,0.14857497451611307,20,10,10,1.0,,False,0.6195233741594368,1.499577391593874,0.6231059346325465,1.5,1.0
2021-05-31,1829965.0627361033,14,28.0,409.7078360381462,1.0524584289180143,0.05,-1658.947646336795,0.0,1658.947646336795,551958.6491486124,1278006.413587491,2891988.498587491,796975.4518562893,-245016.8027076769,245016.8027076769,1.5803517550567252,0.14015824958784326,20,10,10,1.0,,False,0.698377493435125,1.579693089988706,0.692413406387809,1.5,1.0
2021-06-30,1888511.2936693886,16,32.0,437.98963471655196,0.9208081699311645,0.05,-2118.532944453273,0.0,2118.532944453273,486636.9420254425,1401874.351643946,3042164.273730746,809926.228771163,-323289.28674572054,323289.28674572054,1.6108795769072701,0.1290592758523733,20,10,10,1.0,,False,0.7423171660891135,1.6202241468836258,0.7328467935465108,1.5,1.0
2021-07-31,1771835.4814208024,22,44.0,760.420638339863,1.6219418290194365,0.05,-1825.6516382732996,0.0,1825.6516382732996,569374.6079708395,1202460.8734499628,2964171.701449963,839012.6090587553,-269638.00108791585,269638.00108791585,1.6729384485928953,0.12792780502298096,20,10,10,1.0,,False,0.6786526661525772,1.5797865420882462,0.697410510196454,1.5,1.0
2021-08-31,1842502.4993563946,10,20.0,291.3420905466145,0.7518943592503897,0.05,-1476.2826607805046,0.0,1476.2826607805046,605249.8792195123,1237252.6201368822,3012034.540136882,823288.1387365863,-218038.25951707398,218038.25951707398,1.634751942637265,0.14240716856104893,20,10,10,1.0,,False,0.6715066169891587,1.6115661164681054,0.6575117728231058,1.5,1.0
2021-09-30,1890525.5682041813,14,28.0,451.68795486341827,0.8875589784589816,0.05,-2329.87319734968,0.0,2329.87319734968,465256.71420418116,1425268.854,2917814.574,820796.6392033332,-355539.924999152,355539.924999152,1.5433880520175378,0.15186165943934626,20,10,10,1.0,,False,0.753900861205421,1.617699295337578,0.7461559191844316,1.5,1.0
2021-10-31,2079082.3976427866,18,36.0,639.1423107607342,1.4474504222650417,0.05,-1322.2902506334528,0.0,1322.2902506334528,641891.9096427866,1437190.4880000001,2993346.248,837186.3965888607,-195294.48694607406,195294.48694607406,1.4397439232777804,0.1346924413950591,20,10,10,1.0,,False,0.6912619190222822,1.5065812971171992,0.6596480911502068,1.5,1.0
2021-11-30,2162691.2392068245,10,20.0,393.45597360994475,0.7951678174825492,0.05,-1079.557462351948,0.0,1079.557462351948,694059.3237068244,1468631.9155000001,2992635.4755,858800.3832775784,-164741.05957075395,164741.05957075395,1.3837553050788522,0.14477398637580427,20,10,10,1.0,,False,0.6790760922667013,1.4549447099889992,0.6655846117511246,1.5,1.0
2021-12-31,1894366.9993663318,12,24.0,387.0368899852956,0.8397006316484779,0.05,-1533.5177332071285,0.0,1533.5177332071285,662759.0494610319,1231607.9499053,3011408.4099053005,889250.5922867623,-226491.5428257304,226491.5428257304,1.5896647328171472,0.15796117653025785,20,10,10,1.0,,False,0.6501422112596316,1.4442168742869597,0.692781459830015,1.5,1.0
2022-01-31,1592518.0640793345,13,26.0,347.01692021023496,0.8324896762493869,0.05,-787.3006786869045,0.0,787.3006786869045,765766.1018621346,826751.9622172,2692595.0622171992,882045.7780094837,-116279.67614734906,116279.67614734906,1.6907783484225911,0.17296807880119447,20,10,10,1.0,,False,0.5191476196504944,1.5373795729512738,0.5952714688402513,1.5,1.0
2022-02-28,1673471.5799021113,13,26.0,368.76437364341444,1.056776023292073,0.05,-860.8194546297569,0.0,860.8194546297569,704526.8712553115,968944.7086467998,2619426.8686467996,845240.5481617344,-140713.67690642283,140713.67690642283,1.565265224761105,0.13962416380782972,20,10,10,1.0,,False,0.5790027869511101,1.6546165296888233,0.5569515936106617,1.5,1.0
2022-03-31,1875539.9240361725,30,60.0,832.4803219842261,2.3803670982726945,0.05,-900.2108633471446,0.0,900.2108633471446,622492.3538796694,1253047.570156503,2660939.7211669027,755448.1997058348,-132955.8458261654,132955.8458261654,1.4187593060885344,0.11891073985780891,20,10,10,1.0,,False,0.6680996517845046,1.4954415382032489,0.6272866467723357,1.5,1.0
2022-04-30,1873813.28246632,12,24.0,244.86282977166462,0.6320266802053627,0.05,-610.121507208775,0.0,610.121507208775,708208.8503134891,1165604.432152831,2561993.612152831,801313.7262183818,-93104.87590489269,93104.87590489269,1.3672619551403358,0.11182550682115056,20,10,10,1.0,,False,0.6220494021787796,1.4472450226154214,0.6220178583864565,1.5,1.0
2022-05-31,2108412.6824588585,12,24.0,321.188420761656,0.8389817902266907,0.05,-1039.2918873207313,0.0,1039.2918873207313,656715.8990413918,1451696.7834174668,2884150.323417467,810213.1934699682,-153497.29442857637,153497.29442857637,1.3679249548309174,0.11747904101541246,20,10,10,1.0,,False,0.6885259207056557,1.4286168051772337,0.6489103854934841,1.5,1.0
2022-06-30,1833244.3405907645,8,16.0,231.83053602950238,0.5536635503064735,0.05,-1348.0631909850863,0.0,1348.0631909850863,638144.3365957444,1195100.0039950202,2551705.1839950196,843859.5173026456,-205715.18070690124,205715.18070690124,1.3919067565061898,0.12665794452973736,20,10,10,1.0,,False,0.6519043738653507,1.414645040408476,0.6966592061320742,1.5,1.0
2022-07-31,1842435.5686242783,10,20.0,307.8687049530977,0.8328274721459089,0.05,-722.8741633530075,0.0,722.8741633530075,721882.2237274384,1120553.34489684,2843969.7448968403,828646.4827779516,-106764.25905051327,106764.25905051327,1.5435925105486288,0.12392496317821647,20,10,10,1.0,,False,0.6081913332434968,1.3692662227061785,0.605762123383979,1.5,1.0
2022-08-31,1921718.621460883,10,20.0,250.87121946320704,0.696149111935864,0.05,-974.4959439321296,0.0,974.4959439321296,680817.661460883,1240900.96,2973729.5400000005,824744.9764434174,-143927.3149825344,143927.3149825344,1.5474323383198436,0.12823989799956068,20,10,10,1.0,,False,0.645724585348854,1.5377048990194135,0.6298961985509206,1.5,1.0
2022-09-30,1889414.51052971,18,36.0,655.6175012522737,1.5314240946277395,0.05,-1387.9234299212017,0.0,1387.9234299212017,619119.6205297097,1270294.8900000001,2711303.9899999998,830917.4955128126,-211797.8749831029,211797.8749831029,1.4349969130065947,0.12307068073421762,20,10,10,1.0,,False,0.6723219721880216,1.5464238419744918,0.6769917639467653,1.5,1.0
2022-10-31,2010749.3256702924,10,20.0,296.30837056793405,0.6592360559625405,0.05,-1296.8564888498308,0.0,1296.8564888498308,653684.965670292,1357064.3600000003,3102381.2199999997,845223.0357054332,-191538.0700351412,191538.0700351412,1.54289805317518,0.13228124291989152,20,10,10,1.0,,False,0.6749047942848951,1.4660663468074637,0.6532833383619066,1.5,1.0
2022-11-30,2021148.1295138192,14,28.0,639.7853747005875,1.396760631544045,0.05,-1199.8867817723062,0.0,1199.8867817723062,668275.4715138191,1352872.658,3157047.1219999995,851378.8510814634,-183103.37956764433,183103.37956764433,1.562006799946631,0.1410867446259833,20,10,10,1.0,,False,0.6693584889918134,1.496598559657246,0.6669411937402591,1.5,1.0
2022-12-31,1925142.9183317714,20,40.0,608.3492492440243,1.4218722324771154,0.05,-884.5354268635997,0.0,884.5354268635997,754137.1637589515,1171005.75457282,2821774.5145728197,884777.8398829708,-130640.67612401932,130640.67612401932,1.4657480687293714,0.11432648345439346,20,10,10,1.0,,False,0.6082695177704274,1.5205626900273443,0.6263193361560533,1.5,1.0
2023-01-31,1777747.7019740911,16,32.0,475.86423374776336,1.1641259412193814,0.05,-924.5529236125172,0.0,924.5529236125172,749458.2183863911,1028289.4835877001,3150306.2600341,886009.2432350585,-136551.02484866744,136551.02484866744,1.7720772506334044,0.13825986428055143,20,10,10,1.0,,False,0.5784226200634888,1.5020276806256208,0.6101168532121177,1.5,1.0
2023-02-28,1710260.8427655385,10,20.0,347.06165632886666,0.9605538760728978,0.05,-868.1083117439549,0.0,868.1083117439549,733197.5742292183,977063.2685363201,2897699.86746368,875102.7226799564,-141905.14845073805,141905.14845073805,1.6943028776698297,0.1334123160014838,20,10,10,1.0,,False,0.5712948832742859,1.7418740499332197,0.5869957926346462,1.5,1.0
2023-03-31,1999018.0217574714,16,32.0,594.0973060982435,1.4036561234260705,0.05,-965.3273827086782,0.0,965.3273827086782,699235.1649367315,1299782.8568207398,2535663.05082074,841808.3373932132,-142573.17245648173,142573.17245648173,1.2684543226836282,0.14677581532859105,20,10,10,1.0,,False,0.6502106747782159,1.611266734286989,0.5904385459063239,1.5,1.0
2023-04-30,2019316.3821159243,16,32.0,469.2719120271299,0.9869791605307352,0.05,87.98665607943516,87.98665607943516,0.0,927089.6906807838,1092226.6914351403,2718556.99143514,873519.0030876484,53570.6875931354,0.0,1.3462759058025975,0.11348859447169282,20,10,10,1.0,,False,0.5408893331963461,1.361892996909447,0.5361551490141906,1.5,1.0
2023-05-31,2244738.5821116474,18,36.0,596.6767052970773,1.3518245753351448,0.05,-134.11445993980752,0.0,134.11445993980752,872143.3636646669,1372595.2184469802,2757835.9176469804,891951.2799927553,-19807.91632808838,19807.91632808838,1.2285777683086185,0.12735278231422203,20,10,10,1.0,,False,0.6114721907420358,1.4048990238959354,0.5678978951548163,1.5,1.0
2023-06-30,2426584.373538046,18,36.0,543.0383188512062,1.1254872214221792,0.05,-532.0682278701095,0.0,532.0682278701095,862296.2075179457,1564288.1660201002,3389808.3260201,943490.1102790746,-81193.90276112896,81193.90276112896,1.3969464086994179,0.1317217383766312,20,10,10,1.0,,False,0.6446461054800714,1.393416371262997,0.6155227563332811,1.5,1.0
2023-07-31,2405101.428406787,16,32.0,592.0934223080264,1.2225834483036924,0.05,-1708.5563966900254,0.0,1708.5563966900254,737769.7666989474,1667331.66170784,3936340.7017078404,990113.489833988,-252343.7231350406,252343.7231350406,1.6366630759166747,0.14680641732182326,20,10,10,1.0,,False,0.693247961194024,1.4946770014087412,0.6951811910703013,1.5,1.0
2023-08-31,2467829.756624935,4,8.0,112.07434500487878,0.17197352058203652,0.05,-1795.8584553670814,0.0,1795.8584553670814,755193.8338985754,1712635.92272636,3830338.22272636,1020431.5572355413,-265237.7233369659,265237.7233369659,1.5521079654881969,0.15111511602405805,20,10,10,1.0,,False,0.6939846308801313,1.6447864325546957,0.6852409308390439,1.5,1.0
2023-09-30,2369914.6889458275,14,28.0,539.2357976950599,1.0113142421190557,0.05,-1461.7809613532204,0.0,1461.7809613532204,839539.3371395274,1530375.3518063,3514991.2118063,1062607.9118396079,-223068.57470008044,223068.57470008044,1.4831720433657547,0.13868788000390045,20,10,10,1.0,,False,0.6457512411499644,1.5311917847557202,0.6591359407433854,1.5,1.0
2023-10-31,2443286.9809554303,18,36.0,592.0422154107716,1.3747222619458486,0.05,-1570.6147749863314,0.0,1570.6147749863314,820348.8219554304,1622938.1589999998,3422500.9790000003,1052319.3794967392,-231970.5575413088,231970.5575413088,1.4007773158360854,0.12611440342530147,20,10,10,1.0,,False,0.6642437714645216,1.5186844002035238,0.6530941336859116,1.5,1.0
2023-11-30,2674956.1464940505,8,16.0,279.12461177235673,0.4752306503182324,0.05,-1580.0182289271343,0.0,1580.0182289271343,837972.4599882509,1836983.6865057994,3924013.8754942003,1079084.1064285247,-241111.64644027385,241111.64644027385,1.4669451238059494,0.1321121172259883,20,10,10,1.0,,False,0.6867341316654685,1.4056306372682659,0.656342498221133,1.5,1.0
2023-12-31,2644218.488318496,10,20.0,475.8693545499887,0.9099586762161574,0.05,-2125.4755057648663,0.0,2125.4755057648663,775672.3211279362,1868546.1671905597,4286815.97480944,1089592.5426647305,-313920.2215367942,313920.2215367942,1.6212033891100655,0.14828416098449582,20,10,10,1.0,,False,0.706653468858695,1.4872489015796768,0.7091757902399645,1.5,1.0
2024-01-31,2828443.8067150484,20,40.0,917.8059230674587,1.8359468033547983,0.05,-129.18181826023607,0.0,129.18181826023607,1103329.1543866084,1725114.65232844,4028820.9076715605,1122408.548572422,-19079.39418581361,19079.39418581361,1.4243948909667854,0.11393598106312539,20,10,10,1.0,,False,0.6099165372254598,1.525702379893431,0.5825389665294495,1.5,1.0
2024-02-29,2898512.826924335,16,32.0,756.3147977031414,1.3084548970757919,0.05,41.97819490983512,41.97819490983512,0.0,1204125.027783815,1694387.7991405202,4217960.04085948,1177685.9970584705,26439.03072534455,0.0,1.4552152406153864,0.12367221447847594,20,10,10,1.0,,False,0.5845714338060963,1.436571594129084,0.5741761848178845,1.5,1.0
2024-03-31,2964255.2425109944,22,44.0,1073.958509317754,1.8017390003594997,0.05,-902.1480512079635,0.0,902.1480512079635,1074317.7579114498,1889937.4845995447,4456063.344599545,1207559.7149822647,-133241.9570708149,133241.9570708149,1.5032657379480092,0.12262618103429121,20,10,10,1.0,,False,0.6375758259597765,1.484283377917668,0.6289011492068933,1.5,1.0
2024-04-30,2832550.9795142743,22,44.0,934.799134468609,1.5821558557083095,0.05,-1537.6766571315509,0.0,1537.6766571315509,1040599.9215661145,1791951.0579481598,4180461.99794816,1275250.220977858,-234650.2994117434,234650.2994117434,1.4758646987052728,0.13776906499558148,20,10,10,1.0,,False,0.6326279988985206,1.5116939478144016,0.6483157686645747,1.5,1.0
2024-05-31,3060677.3814159725,10,20.0,429.022882145568,0.8203244180969526,0.05,-1069.9147137564414,0.0,1069.9147137564414,1132103.1299702125,1928574.25144576,4464503.17144576,1290123.2356157177,-158020.10564550525,158020.10564550525,1.4586650649799393,0.14211559919417846,20,10,10,1.0,,False,0.6301135373351688,1.4657344599572837,0.5998826800601796,1.5,1.0
2024-06-30,3007917.4613201004,14,28.0,593.5464860099898,1.0619634046287783,0.05,-1611.45519834182,0.0,1611.45519834182,1077546.5627385802,1930370.89858152,4507549.43858152,1323455.5079162326,-245908.9451776524,245908.9451776524,1.4985615451706138,0.14136846687720594,20,10,10,1.0,,False,0.6417632542796996,1.5069712599210092,0.6473404159432204,1.5,1.0
2024-07-31,2690960.5194388283,16,32.0,550.3452222207364,0.9026324375298632,0.05,-2057.1124683309486,0.0,2057.1124683309486,1040283.6350480283,1650676.8843907998,4600530.8443908,1344107.0383443974,-303823.4032963691,303823.4032963691,1.7096240584570868,0.150006994559764,20,10,10,1.0,,False,0.6134154969821077,1.5564460919323686,0.6534005332705215,1.5,1.0
2024-08-31,2845563.9023647993,12,24.0,394.9729231870942,0.8507142536886408,0.05,-2302.5049858818707,0.0,2302.5049858818707,956689.7671389595,1888874.13522584,4428183.51522584,1296756.2008838663,-340066.4337449068,340066.4337449068,1.556170821377727,0.16042644469190226,20,10,10,1.0,,False,0.6637960699656386,1.639021772438987,0.6435690527184854,1.5,1.0
2024-09-30,3141018.4806650006,22,44.0,1000.5894266147279,1.7130196166653973,0.05,-2270.942273183894,0.0,2270.942273183894,958426.820665001,2182591.6599999997,4796108.08,1304973.854384976,-346547.0337199749,346547.0337199749,1.5269276858837812,0.13940499958704336,20,10,10,1.0,,False,0.6948675002822372,1.5537367279938887,0.6622635822620403,1.5,1.0
2024-10-31,3186260.100300422,14,28.0,822.692509402286,1.154247459006489,0.05,-1948.2778551764375,0.0,1948.2778551764375,1047380.5903004222,2138879.51,4636086.19,1335129.761840335,-287749.17153991293,287749.17153991293,1.4550243997854662,0.14341576193259137,20,10,10,1.0,,False,0.671282143538229,1.483065834114351,0.6658366880541979,1.5,1.0
2024-11-30,3705410.6916409545,10,20.0,586.9579690622754,0.9699722096474795,0.05,-1041.890690404664,0.0,1041.890690404664,1191454.8716409549,2513955.82,5151054.08,1350447.9611984345,-158993.0895574796,158993.0895574796,1.3901439027043012,0.14573121441522632,20,10,10,1.0,,False,0.6784553803094592,1.4154984044182424,0.6256664774688392,1.5,1.0
2024-12-31,3381131.922753135,12,24.0,633.6760447798773,0.8448291921432881,0.05,-2901.062916629503,0.0,2901.062916629503,1023308.3115014156,2357823.6112517198,4994370.871251721,1451778.2284731427,-428469.91697172716,428469.91697172716,1.4771298444885825,0.18006440266437707,20,10,10,1.0,,False,0.6973474165219286,1.4453611721580424,0.7230019463921251,1.5,1.0
2025-01-31,3736533.545375942,17,34.0,956.505621752184,1.3464993984301283,0.05,-1672.0852914115771,0.0,1672.0852914115771,1192415.700588252,2544117.84478769,5242600.74478769,1439372.8561445791,-246957.1555563272,246957.1555563272,1.403065349507044,0.14588101869835005,20,10,10,1.0,,False,0.6808764899049554,1.450866589899573,0.6467343703941691,1.5,1.0
2025-02-28,3538274.264759295,14,28.0,788.636274993869,0.9434410228599517,0.05,-1959.1825621137375,0.0,1959.1825621137375,1210360.811751145,2327913.45300815,5273567.23300815,1530618.1904189435,-320257.3786677986,320257.3786677986,1.4904348386817055,0.12985827146761827,20,10,10,1.0,,False,0.6579234052582738,1.4499372587874326,0.6754786232972295,1.5,1.0
2025-03-31,3136526.238912827,8,16.0,460.8398440883179,0.6213713631262887,0.05,-2058.1260023801697,0.0,2058.1260023801697,1248935.2289128266,1887591.0100000002,4730926.470000001,1552908.325222549,-303973.0963097224,303973.0963097224,1.5083331397985753,0.1263096718544655,20,10,10,1.0,,False,0.6018094115017738,1.4692676108001252,0.6463920330471749,1.5,1.0
2025-04-30,3585720.5593542596,16,32.0,677.2491192046197,1.0733183690351347,0.05,-2097.5794212023516,0.0,2097.5794212023516,1167507.0331865994,2418213.52616766,5009216.066167659,1487598.8008168698,-320091.76763027045,320091.76763027045,1.3969900842105085,0.1550475980482206,20,10,10,1.0,,False,0.6744009986665408,1.515498625287628,0.6270175790186093,1.5,1.0
2025-05-31,3724243.3222964117,21,42.0,1173.359758383353,1.6019872058949478,0.05,-1959.8007763437665,0.0,1959.8007763437665,1251922.772651872,2472320.54964454,5346724.76964454,1541373.8118236572,-289451.03917178535,289451.03917178535,1.4356539857733268,0.12028347270386716,20,10,10,1.0,,False,0.6638450648063667,1.4154278048584417,0.6501936798502675,1.5,1.0
2025-06-30,3908209.6787171094,16,32.0,918.780826347121,1.1549412791837457,0.05,-2424.712752955754,0.0,2424.712752955754,1198414.9317171092,2709794.747,5979640.447000001,1568427.424805157,-370012.4930880477,370012.4930880477,1.5300203772492702,0.12647227775206016,20,10,10,1.0,,False,0.6933596121407448,1.4811762373156352,0.6774791045572964,1.5,1.0
2025-07-31,4072181.3503140304,20,40.0,1233.5615785529592,1.5464358253121946,0.05,-2743.8898245265914,0.0,2743.8898245265914,1245634.92031403,2826546.43,5976471.390000001,1650891.296711544,-405256.376397514,405256.376397514,1.4676338983623898,0.14269830344249979,20,10,10,1.0,,False,0.6941111377031448,1.4842512682923266,0.6804711485651651,1.5,1.0
2025-08-31,3932028.1366540003,18,36.0,1066.255761472938,1.3257322711287598,0.05,-2956.5228985568874,0.0,2956.5228985568874,1294144.3716540006,2637883.7649999997,5759695.785,1730805.401515926,-436661.0298619254,436661.0298619254,1.464815506101966,0.13027475445175715,20,10,10,1.0,,False,0.6708710297390532,1.4322964905796975,0.6813864667261842,1.5,1.0
2025-09-30,4438962.620396648,16,32.0,763.5177192024679,1.0396459925840345,0.05,-2406.54853815036,0.0,2406.54853815036,1371561.780396648,3067400.8399999994,6355598.260000001,1738802.4043645544,-367240.62396790646,367240.62396790646,1.431775575400563,0.1448066665500695,20,10,10,1.0,,False,0.6910174971750289,1.505377820049614,0.6504993567877224,1.5,1.0
2025-10-31,5098841.342572019,14,28.0,788.6332291035176,0.8899008818073947,0.05,-3063.2366798850576,0.0,3063.2366798850576,1403639.7206886995,3695201.62188332,7072016.218116679,1856061.7479296622,-452422.0272409627,452422.0272409627,1.386984952653837,0.13665089638747835,20,10,10,1.0,,False,0.7247139837497555,1.532280648240045,0.683042657579105,1.5,1.0
2025-11-30,4746428.753322433,8,16.0,681.5984770980054,0.8326005370189721,0.05,-3235.0738472289904,0.0,3235.0738472289904,1362387.7083643728,3384041.04495806,6760450.795041941,1856061.7479296622,-493674.0395652894,493674.0395652894,1.4243236644624069,0.1587355270997404,20,10,10,1.0,,False,0.7129657308327402,1.3944949210879514,0.7321333311181398,1.5,1.0
2025-12-31,4861128.952628799,21,42.0,1272.1717653619235,1.6064085276124194,0.05,-2625.528928272951,0.0,2625.528928272951,1579424.4426287983,3281704.5100000002,7176018.890000001,1967199.6113283362,-387775.16869953787,387775.16869953787,1.4762041821826917,0.1237076563613474,20,10,10,1.0,,False,0.6750910214437578,1.4382113250805006,0.6665939369080663,1.5,1.0
2026-01-31,6774463.216065064,6,12.0,425.3814955477894,0.5182227450760583,0.05,-2322.3250681869413,0.0,2322.3250681869413,1629367.3060650635,5145095.91,8850107.549999999,1972361.0493043445,-342993.743239281,342993.743239281,1.3063924428746945,0.1898585849503042,20,10,10,1.0,,False,0.7594839245416289,1.4681272562900436,0.6643091611030097,1.5,1.0
