Date,Status,Actual_Started,Target_Gross,Construction_Ready,Constraint_Override,Post_Trade_Gross,Post_Trade_Equity,Feasibility_Scale,Fees,Spread_Cost
2015-01-31,complete,False,1.5,1,,,,,,
2015-01-31,executed,,,,,1.5006485467301485,999507.94860565953,1,40,452.05139434056355
2015-02-28,complete,True,1.5,1,,,,,,
2015-02-28,executed,,,,,1.5464801741047745,1032388.7649240519,1,12,185.41920394493394
2015-03-31,complete,True,1.5,1,,,,,,
2015-03-31,executed,,,,,1.4743268228958959,1086347.3556352549,1,16,182.92122450845952
2015-04-30,complete,True,1.5,1,,,,,,
2015-04-30,executed,,,,,1.6707318585414235,947361.19565086276,1,20,225.64685896287335
2015-05-31,complete,True,1.5,1,,,,,,
2015-05-31,executed,,,,,1.5444244133154488,1012889.1448779199,1,40,329.2394063091013
2015-06-30,complete,True,1.5,1,,,,,,
2015-06-30,executed,,,,,1.4461323966985791,1041906.9437820392,1,20,185.84321816388874
2015-07-31,complete,True,1.5,1,,,,,,
2015-07-31,executed,,,,,1.4765230150508948,1051228.0429843606,1,20,214.07441781039148
2015-08-31,complete,True,1.5,1,,,,,,
2015-08-31,executed,,,,,1.4342269001237626,1066081.5710027616,1,32,376.06532546952826
2015-09-30,complete,True,1.5,1,,,,,,
2015-09-30,executed,,,,,1.3706524024571074,1122618.5994652312,1,28,328.20671940452644
2015-10-31,complete,True,1.5,1,,,,,,
2015-10-31,executed,,,,,1.4230502457683911,1190017.5321440469,1,28,338.69837048335086
2015-11-30,complete,True,1.5,1,,,,,,
2015-11-30,executed,,,,,1.3986073633112031,1234958.4115036277,1,20,229.34417636812839
2015-12-31,complete,True,1.5,1,,,,,,
2015-12-31,executed,,,,,1.3814149575952566,1255029.5882125271,1,24,431.17955503734612
2016-01-31,complete,True,1.5,1,,,,,,
2016-01-31,executed,,,,,1.4171222669360395,1164383.5094325808,1,24,239.0859429793918
2016-02-29,complete,True,1.5,1,,,,,,
2016-02-29,executed,,,,,1.3935524276367695,1186050.8403078108,1,24,328.96609286493873
2016-03-31,complete,True,1.5,1,,,,,,
2016-03-31,executed,,,,,1.5111825594838724,1166770.0480140282,1,32,421.99421015561052
2016-04-30,complete,True,1.5,1,,,,,,
2016-04-30,executed,,,,,1.6647659716578274,1062925.752583117,1,16,158.64211963522817
2016-05-31,complete,True,1.5,1,,,,,,
2016-05-31,executed,,,,,1.5132461742338765,1107905.2399563938,1,36,428.26133010821604
2016-06-30,complete,True,1.5,1,,,,,,
2016-06-30,executed,,,,,1.5034097104495454,1176032.6308998761,1,36,398.43973347425379
2016-07-31,complete,True,1.5,1,,,,,,
2016-07-31,executed,,,,,1.4915156922776698,1211324.6696787765,1,30,335.88478014993444
2016-08-31,complete,True,1.5,1,,,,,,
2016-08-31,executed,,,,,1.4991872060501923,1147083.8188582871,1,32,389.81900065371582
2016-09-30,complete,True,1.5,1,,,,,,
2016-09-30,executed,,,,,1.4982523032973769,1188054.9626772134,1,32,395.09941218455373
2016-10-31,complete,True,1.5,1,,,,,,
2016-10-31,executed,,,,,1.4794276074614583,1073129.9990047875,1,22,250.44135178754911
2016-11-30,complete,True,1.5,1,,,,,,
2016-11-30,executed,,,,,1.4706931987667367,1229566.8595371624,1,40,491.38946799250516
2016-12-31,complete,True,1.5,1,,,,,,
2016-12-31,executed,,,,,1.4989230523718129,1270193.3851039112,1,40,510.5074396149036
2017-01-31,complete,True,1.5,1,,,,,,
2017-01-31,executed,,,,,1.5085924104473594,1258558.292688064,1,28,380.15268346700651
2017-02-28,complete,True,1.5,1,,,,,,
2017-02-28,executed,,,,,1.5249319539466815,1259456.2942757984,1,20,239.87735396296443
2017-03-31,complete,True,1.5,1,,,,,,
2017-03-31,executed,,,,,1.4781438653630765,1298098.2294530247,1,28,267.19197199723578
2017-04-30,complete,True,1.5,1,,,,,,
2017-04-30,executed,,,,,1.5121626947544176,1259421.0305822825,1,24,286.79757066782173
2017-05-31,complete,True,1.5,1,,,,,,
2017-05-31,executed,,,,,1.379799611193308,1361275.1676806021,1,14,167.95894341775647
2017-06-30,complete,True,1.5,1,,,,,,
2017-06-30,executed,,,,,1.4796826209172622,1338510.9367266316,1,44,567.57716972036349
2017-07-31,complete,True,1.5,1,,,,,,
2017-07-31,executed,,,,,1.464749508364986,1431029.8077319157,1,36,451.71104242069197
2017-08-31,complete,True,1.5,1,,,,,,
2017-08-31,executed,,,,,1.4172961075491413,1532995.5752411622,1,28,454.03710277899421
2017-09-30,complete,True,1.5,1,,,,,,
2017-09-30,executed,,,,,1.5090080726409405,1499083.1737349452,1,28,402.04032564699645
2017-10-31,complete,True,1.5,1,,,,,,
2017-10-31,executed,,,,,1.472383427588067,1631086.8188878708,1,28,398.53054211733502
2017-11-30,complete,True,1.5,1,,,,,,
2017-11-30,executed,,,,,1.5843111674322257,1571945.6386370626,1,10,136.76963615062081
2017-12-31,complete,True,1.5,1,,,,,,
2017-12-31,executed,,,,,1.5954869249374406,1520919.8980244906,1,40,531.17552785087696
2018-01-31,complete,True,1.5,1,,,,,,
2018-01-31,executed,,,,,1.5185303241999608,1615618.9381066449,1,24,355.37158333388305
2018-02-28,complete,True,1.5,1,,,,,,
2018-02-28,executed,,,,,1.499400099725358,1543704.0946465759,1,32,489.09669815960484
2018-03-31,complete,True,1.5,1,,,,,,
2018-03-31,executed,,,,,1.5028601737898362,1517720.7919682022,1,20,251.15951415358182
2018-04-30,complete,True,1.5,1,,,,,,
2018-04-30,executed,,,,,1.5023941601115944,1480714.9285339678,1,36,503.17264022185088
2018-05-31,complete,True,1.5,1,,,,,,
2018-05-31,executed,,,,,1.4546486994382479,1581047.2563580791,1,24,286.58969524065373
2018-06-30,complete,True,1.5,1,,,,,,
2018-06-30,executed,,,,,1.505368705014265,1649228.7436776385,1,42,665.66702192048683
2018-07-31,complete,True,1.5,1,,,,,,
2018-07-31,executed,,,,,1.5192256816106715,1532320.1377070232,1,20,313.41346311676142
2018-08-31,complete,True,1.5,1,,,,,,
2018-08-31,executed,,,,,1.4817659737795223,1616250.2820551656,1,28,335.41718605661151
2018-09-30,complete,True,1.5,1,,,,,,
2018-09-30,executed,,,,,1.4948689731910463,1616319.7883109644,1,40,703.41844072348238
2018-10-31,complete,True,1.5,1,,,,,,
2018-10-31,executed,,,,,1.4157792762780286,1377996.3725911167,1,24,311.41270301438072
2018-11-30,complete,True,1.5,1,,,,,,
2018-11-30,executed,,,,,1.4732903970629903,1319970.0758906764,1,32,466.49669371298734
2018-12-31,complete,True,1.5,1,,,,,,
2018-12-31,executed,,,,,1.3918178654997266,1233643.3944999562,1,32,368.18033835590546
2019-01-31,complete,True,1.5,1,,,,,,
2019-01-31,executed,,,,,1.5213038849561387,1230979.4996843445,1,32,371.00050563775994
2019-02-28,complete,True,1.5,1,,,,,,
2019-02-28,executed,,,,,1.5467090229457396,1231652.4410066495,1,32,423.09386958720648
2019-03-31,complete,True,1.5,1,,,,,,
2019-03-31,executed,,,,,1.540268749481214,1257035.1871724543,1,40,431.25360495249612
2019-04-30,complete,True,1.5,1,,,,,,
2019-04-30,executed,,,,,1.5336871728470072,1231337.4763670829,1,16,183.11991240448143
2019-05-31,complete,True,1.5,1,,,,,,
2019-05-31,executed,,,,,1.4246572121788978,1259107.884963803,1,44,527.99571724481871
2019-06-30,complete,True,1.5,1,,,,,,
2019-06-30,executed,,,,,1.4864060967736257,1326700.1573628173,1,36,475.88516928452947
2019-07-31,complete,True,1.5,1,,,,,,
2019-07-31,executed,,,,,1.5184837094785768,1310314.1680686704,1,20,207.9841638550815
2019-08-31,complete,True,1.5,1,,,,,,
2019-08-31,executed,,,,,1.4296929202684352,1352915.0364059156,1,28,400.12504857225196
2019-09-30,complete,True,1.5,1,,,,,,
2019-09-30,executed,,,,,1.5175855349163545,1287764.6063406013,1,44,624.98915063158245
2019-10-31,complete,True,1.5,1,,,,,,
2019-10-31,executed,,,,,1.4976625931209366,1299837.6753819089,1,40,508.89872608230604
2019-11-30,complete,True,1.5,1,,,,,,
2019-11-30,executed,,,,,1.5431796394604154,1335548.9961674998,1,44,690.0863417897574
2019-12-31,complete,True,1.5,1,,,,,,
2019-12-31,executed,,,,,1.618271614385373,1271478.9310852722,1,40,633.3561298353651
2020-01-31,complete,True,1.5,1,,,,,,
2020-01-31,executed,,,,,1.5176013968523072,1288916.4613536289,1,24,291.92743985030813
2020-02-29,complete,True,1.5,1,,,,,,
2020-02-29,executed,,,,,1.4219318406708068,1313154.9812905411,1,20,268.89929852033077
2020-03-31,complete,True,1.5,1,,,,,,
2020-03-31,executed,,,,,1.3564926935282065,1307524.3352642027,1,44,415.4436445836551
2020-04-30,complete,True,1.5,1,,,,,,
2020-04-30,executed,,,,,1.6482936095665495,1237064.2100664324,1,28,268.71642527468822
2020-05-31,complete,True,1.5,1,,,,,,
2020-05-31,executed,,,,,1.4993862919742593,1400733.6407381641,1,36,344.03469399954503
2020-06-30,complete,True,1.5,1,,,,,,
2020-06-30,executed,,,,,1.5844466531792503,1351226.5612806289,1,18,228.19133729877433
2020-07-31,complete,True,1.5,1,,,,,,
2020-07-31,executed,,,,,1.3910624893554391,1614559.7124570459,1,16,187.04261256723953
2020-08-31,complete,True,1.5,1,,,,,,
2020-08-31,executed,,,,,1.4640626539044053,1636943.0085343076,1,16,220.65259970228703
2020-09-30,complete,True,1.5,1,,,,,,
2020-09-30,executed,,,,,1.439233489916447,1595219.255457487,1,32,405.40636137760748
2020-10-31,complete,True,1.5,1,,,,,,
2020-10-31,executed,,,,,1.5008911417649424,1527058.0313188939,1,56,774.75894559493611
2020-11-30,complete,True,1.5,1,,,,,,
2020-11-30,executed,,,,,1.536725275895408,1709397.3274967566,1,40,598.39431392692939
2020-12-31,complete,True,1.5,1,,,,,,
2020-12-31,executed,,,,,1.6279753708442544,1654293.2551899822,1,28,355.68566673346083
2021-01-31,complete,True,1.5,1,,,,,,
2021-01-31,executed,,,,,1.5930098155217487,1685046.8918692877,1,28,435.16249059989792
2021-02-28,complete,True,1.5,1,,,,,,
2021-02-28,executed,,,,,1.4388380241645409,1918703.8760877885,1,42,921.48427731242543
2021-03-31,complete,True,1.5,1,,,,,,
2021-03-31,executed,,,,,1.4995773915938739,1819498.2041273303,1,44,660.21774981041642
2021-04-30,complete,True,1.5,1,,,,,,
2021-04-30,executed,,,,,1.5796930899887061,1799875.574203202,1,28,409.70783603814618
2021-05-31,complete,True,1.5,1,,,,,,
2021-05-31,executed,,,,,1.6202241468836258,1829495.0731013869,1,32,437.98963471655196
2021-06-30,complete,True,1.5,1,,,,,,
2021-06-30,executed,,,,,1.5797865420882462,1887706.8730310486,1,44,760.42063833986299
2021-07-31,complete,True,1.5,1,,,,,,
2021-07-31,executed,,,,,1.6115661164681054,1771524.1393302558,1,20,291.34209054661449
2021-08-31,complete,True,1.5,1,,,,,,
2021-08-31,executed,,,,,1.6176992953375779,1842022.8114015306,1,28,451.68795486341827
2021-09-30,complete,True,1.5,1,,,,,,
2021-09-30,executed,,,,,1.5065812971171992,1889850.4258934201,1,36,639.14231076073418
2021-10-31,complete,True,1.5,1,,,,,,
2021-10-31,executed,,,,,1.4549447099889992,2078668.9416691768,1,20,393.45597360994475
2021-11-30,complete,True,1.5,1,,,,,,
2021-11-30,executed,,,,,1.4442168742869597,2162280.2023168392,1,24,387.0368899852956
2021-12-31,complete,True,1.5,1,,,,,,
2021-12-31,executed,,,,,1.5373795729512738,1893993.9824461215,1,26,347.01692021023496
2022-01-31,complete,True,1.5,1,,,,,,
2022-01-31,executed,,,,,1.6546165296888233,1592123.2997056914,1,26,368.76437364341444
2022-02-28,complete,True,1.5,1,,,,,,
2022-02-28,executed,,,,,1.4954415382032489,1672579.0995801273,1,60,832.48032198422607
2022-03-31,complete,True,1.5,1,,,,,,
2022-03-31,executed,,,,,1.4472450226154214,1875271.0612064009,1,24,244.86282977166462
2022-04-30,complete,True,1.5,1,,,,,,
2022-04-30,executed,,,,,1.4286168051772337,1873468.0940455582,1,24,321.188420761656
2022-05-31,complete,True,1.5,1,,,,,,
2022-05-31,executed,,,,,1.4146450404084761,2108164.8519228292,1,16,231.83053602950238
2022-06-30,complete,True,1.5,1,,,,,,
2022-06-30,executed,,,,,1.3692662227061785,1832916.4718858111,1,20,307.86870495309768
2022-07-31,complete,True,1.5,1,,,,,,
2022-07-31,executed,,,,,1.5377048990194135,1842164.6974048151,1,20,250.87121946320704
2022-08-31,complete,True,1.5,1,,,,,,
2022-08-31,executed,,,,,1.5464238419744918,1921027.0039596313,1,36,655.61750125227366
2022-09-30,complete,True,1.5,1,,,,,,
2022-09-30,executed,,,,,1.4660663468074637,1889098.2021591417,1,20,296.30837056793405
2022-10-31,complete,True,1.5,1,,,,,,
2022-10-31,executed,,,,,1.496598559657246,2010081.5402955913,1,28,639.78537470058745
2022-11-30,complete,True,1.5,1,,,,,,
2022-11-30,executed,,,,,1.5205626900273443,2020499.780264575,1,40,608.34924924402435
2022-12-31,complete,True,1.5,1,,,,,,
2022-12-31,executed,,,,,1.5020276806256208,1924635.0540980236,1,32,475.86423374776336
2023-01-31,complete,True,1.5,1,,,,,,
2023-01-31,executed,,,,,1.7418740499332197,1777380.6403177623,1,20,347.06165632886666
2023-02-28,complete,True,1.5,1,,,,,,
2023-02-28,executed,,,,,1.6112667342869891,1709634.7454594402,1,32,594.09730609824351
2023-03-31,complete,True,1.5,1,,,,,,
2023-03-31,executed,,,,,1.3618929969094471,1998516.7498454445,1,32,469.27191202712987
2023-04-30,complete,True,1.5,1,,,,,,
2023-04-30,executed,,,,,1.4048990238959354,2018683.7054106267,1,36,596.67670529707732
2023-05-31,complete,True,1.5,1,,,,,,
2023-05-31,executed,,,,,1.393416371262997,2244159.5437927954,1,36,543.03831885120621
2023-06-30,complete,True,1.5,1,,,,,,
2023-06-30,executed,,,,,1.4946770014087412,2425960.2801157371,1,32,592.09342230802645
2023-07-31,complete,True,1.5,1,,,,,,
2023-07-31,executed,,,,,1.6447864325546957,2404981.3540617824,1,8,112.07434500487878
2023-08-31,complete,True,1.5,1,,,,,,
2023-08-31,executed,,,,,1.5311917847557202,2467262.5208272408,1,28,539.23579769505989
2023-09-30,complete,True,1.5,1,,,,,,
2023-09-30,executed,,,,,1.5186844002035238,2369286.6467304165,1,36,592.04221541077163
2023-10-31,complete,True,1.5,1,,,,,,
2023-10-31,executed,,,,,1.4056306372682659,2442991.8563436577,1,16,279.12461177235673
2023-11-30,complete,True,1.5,1,,,,,,
2023-11-30,executed,,,,,1.4872489015796768,2674460.2771395007,1,20,475.86935454998871
2023-12-31,complete,True,1.5,1,,,,,,
2023-12-31,executed,,,,,1.525702379893431,2643260.6823954284,1,40,917.80592306745871
2024-01-31,complete,True,1.5,1,,,,,,
2024-01-31,executed,,,,,1.436571594129084,2827655.4919173457,1,32,756.31479770314138
2024-02-29,complete,True,1.5,1,,,,,,
2024-02-29,executed,,,,,1.4842833779176681,2897394.8684150176,1,44,1073.9585093177541
2024-03-31,complete,True,1.5,1,,,,,,
2024-03-31,executed,,,,,1.5116939478144016,2963276.4433765262,1,44,934.79913446860905
2024-04-30,complete,True,1.5,1,,,,,,
2024-04-30,executed,,,,,1.4657344599572837,2832101.9566321289,1,20,429.02288214556802
2024-05-31,complete,True,1.5,1,,,,,,
2024-05-31,executed,,,,,1.5069712599210092,3060055.8349299617,1,28,593.54648600998985
2024-06-30,complete,True,1.5,1,,,,,,
2024-06-30,executed,,,,,1.5564460919323686,3007335.1160978796,1,32,550.34522222073645
2024-07-31,complete,True,1.5,1,,,,,,
2024-07-31,executed,,,,,1.6390217724389871,2690541.5465156417,1,24,394.97292318709418
2024-08-31,complete,True,1.5,1,,,,,,
2024-08-31,executed,,,,,1.5537367279938887,2844519.3129381849,1,44,1000.5894266147279
2024-09-30,complete,True,1.5,1,,,,,,
2024-09-30,executed,,,,,1.483065834114351,3140167.7881555986,1,28,822.69250940228596
2024-10-31,complete,True,1.5,1,,,,,,
2024-10-31,executed,,,,,1.4154984044182424,3185653.1423313594,1,20,586.95796906227542
2024-11-30,complete,True,1.5,1,,,,,,
2024-11-30,executed,,,,,1.4453611721580424,3704753.0155961751,1,24,633.67604477987732
2024-12-31,complete,True,1.5,1,,,,,,
2024-12-31,executed,,,,,1.450866589899573,3380141.417131383,1,34,956.50562175218397
2025-01-31,complete,True,1.5,1,,,,,,
2025-01-31,executed,,,,,1.4499372587874326,3735716.9091009484,1,28,788.63627499386905
2025-02-28,complete,True,1.5,1,,,,,,
2025-02-28,executed,,,,,1.4692676108001252,3537797.4249152066,1,16,460.83984408831788
2025-03-31,complete,True,1.5,1,,,,,,
2025-03-31,executed,,,,,1.5154986252876279,3135816.9897936219,1,32,677.24911920461966
2025-04-30,complete,True,1.5,1,,,,,,
2025-04-30,executed,,,,,1.4154278048584417,3584505.1995958751,1,42,1173.359758383353
2025-05-31,complete,True,1.5,1,,,,,,
2025-05-31,executed,,,,,1.4811762373156352,3723292.5414700652,1,32,918.78082634712098
2025-06-30,complete,True,1.5,1,,,,,,
2025-06-30,executed,,,,,1.4842512682923266,3906936.1171385567,1,40,1233.5615785529592
2025-07-31,complete,True,1.5,1,,,,,,
2025-07-31,executed,,,,,1.4322964905796975,4071079.094552557,1,36,1066.255761472938
2025-08-31,complete,True,1.5,1,,,,,,
2025-08-31,executed,,,,,1.505377820049614,3931232.6189347981,1,32,763.5177192024679
2025-09-30,complete,True,1.5,1,,,,,,
2025-09-30,executed,,,,,1.5322806482400451,4438145.9871675437,1,28,788.63322910351758
2025-10-31,complete,True,1.5,1,,,,,,
2025-10-31,executed,,,,,1.3944949210879514,5098143.7440949213,1,16,681.59847709800545
2025-11-30,complete,True,1.5,1,,,,,,
2025-11-30,executed,,,,,1.4382113250805006,4745114.5815570708,1,42,1272.1717653619235
2025-12-31,complete,True,1.5,1,,,,,,
2025-12-31,executed,,,,,1.4681272562900436,4860691.5711332504,1,12,425.38149554778943
