Rebalance_ID,Date,Next_Date,GICS_Sector_Code,Sector,Benchmark_Weight,Benchmark_Return,Benchmark_Contribution,Constituent_Count,Sector_Market_Cap
,2026-02-13,2026-03-02,10,Energy,0.030871400811537542,0.07002847601577307,0.002161877151304074,22,2013251534598.8215
,2026-02-13,2026-03-02,15,Materials,0.01964184120679976,0.017880273026883366,0.000351201483528268,26,1280925578769.243
,2026-02-13,2026-03-02,20,Industrials,0.08323175816914313,0.019274529212884674,0.001604252954270902,79,5427886667156.383
,2026-02-13,2026-03-02,25,Consumer Discretionary,0.09673966540963276,-0.011560222292421762,-0.0011183320366298592,48,6308793081061.994
,2026-02-13,2026-03-02,30,Consumer Staples,0.05712015952956955,-0.001620363523483827,-9.255542295729161e-05,36,3725041488446.4067
,2026-02-13,2026-03-02,35,Health Care,0.08915303583947837,0.015980553626887148,0.001424714870232576,60,5814037636766.189
,2026-02-13,2026-03-02,40,Financials,0.12347761944655158,-0.020945015870726273,-0.002586240698987522,76,8052485481853.27
,2026-02-13,2026-03-02,45,Information Technology,0.2968966180093767,-0.02654820983918216,-0.007882073715456442,71,19361854535644.836
,2026-02-13,2026-03-02,50,Communication Services,0.16377359726727647,-0.003607648464979727,-0.000590837566785498,23,10680352603302.951
,2026-02-13,2026-03-02,55,Utilities,0.021305034479215734,0.05020808492397635,0.0010696849804407078,31,1389389280447.9329
,2026-02-13,2026-03-02,60,Real Estate,0.017789269831418316,0.011432731585552572,0.00020337994708557365,31,1160111748933.356
R1,2026-03-02,2026-04-01,10,Energy,0.03304871246153014,0.04583518632166095,0.001514793893365232,22,2144316093174.973
R1,2026-03-02,2026-04-01,15,Materials,0.020025010243432565,-0.05464343800381588,-0.0010942354057627854,26,1299292726788.3655
R1,2026-03-02,2026-04-01,20,Industrials,0.08521687696494394,-0.07253094829359809,-0.006180860896886259,79,5529169128714.085
R1,2026-03-02,2026-04-01,25,Consumer Discretionary,0.0960350271235471,-0.026691384032482064,-0.002563307789524427,48,6231088560839.584
R1,2026-03-02,2026-04-01,30,Consumer Staples,0.05730312252169228,-0.06911628565396725,-0.003960578985073568,36,3718027077619.861
R1,2026-03-02,2026-04-01,35,Health Care,0.09172720944380276,-0.07273597812201049,-0.006671868299297512,60,5951582277867.381
R1,2026-03-02,2026-04-01,40,Financials,0.12135053611621299,-0.011315447094794002,-0.0013731355713478969,76,7873647356528.773
R1,2026-03-02,2026-04-01,45,Information Technology,0.2906613149696049,-0.017745418687849464,-0.0051579067304965255,71,18859123062002.223
R1,2026-03-02,2026-04-01,50,Communication Services,0.16398556401109754,-0.044560235770538865,-0.0073072353952993,23,10639957134992.436
R1,2026-03-02,2026-04-01,55,Utilities,0.022538167500201687,-0.029875742021940887,-0.000673344477883318,31,1462355162477.5767
R1,2026-03-02,2026-04-01,60,Real Estate,0.018108458643934074,-0.0535359643470778,-0.0009694537963421874,31,1174940153507.676
R2,2026-04-01,2026-05-01,10,Energy,0.03564869448315343,-0.021251452966665238,-0.0007575865541317536,22,2236400860943.1504
R2,2026-04-01,2026-05-01,15,Materials,0.019527650119491233,0.020301955015459394,0.00039644947428354126,26,1225056181512.1956
R2,2026-04-01,2026-05-01,20,Industrials,0.0829828517773603,0.07161976406603546,0.005943212265821335,79,5205882679549.672
R2,2026-04-01,2026-05-01,25,Consumer Discretionary,0.09664688175866784,0.11091588720065589,0.01071967463543953,48,6063087939298.812
R2,2026-04-01,2026-05-01,30,Consumer Staples,0.055007758305391494,0.04336021210502386,0.002385148067543663,35,3450880875619.8857
R2,2026-04-01,2026-05-01,35,Health Care,0.08710188447559644,-0.007152352872025975,-0.0006229834135879069,59,5464287886420.334
R2,2026-04-01,2026-05-01,40,Financials,0.12358375213570515,0.05521392748304211,0.0068235443285030745,76,7752957399477.465
R2,2026-04-01,2026-05-01,45,Information Technology,0.2967785697583673,0.17606907636043165,0.05225352866092566,73,18618237176420.1
R2,2026-04-01,2026-05-01,50,Communication Services,0.16242277895298637,0.21812742041686442,0.0354288617899535,23,10189501970651.291
R2,2026-04-01,2026-05-01,55,Utilities,0.02272469389207602,0.024143938530981728,0.0005486636124656594,31,1425620930071.5115
R2,2026-04-01,2026-05-01,60,Real Estate,0.017574484341204465,0.0908246800363196,0.0015961969170932048,31,1102525421509.4846
R3,2026-05-01,2026-05-06,10,Energy,0.031296564415662066,-0.0363166647455923,-0.001136586837572433,22,2185046598159.9756
R3,2026-05-01,2026-05-06,15,Materials,0.0178424162934392,0.015467002337567674,0.00027596869451847964,26,1245712165307.9282
R3,2026-05-01,2026-05-06,20,Industrials,0.07967722126245953,0.008338172195550147,0.0006643623909493371,79,5562861116578.373
R3,2026-05-01,2026-05-06,25,Consumer Discretionary,0.09811741639341232,0.019284343489468194,0.0018921299600297406,48,6850308681274.339
R3,2026-05-01,2026-05-06,30,Consumer Staples,0.0519843483255649,-0.007829492666570518,-0.0004070110739914578,36,3629415099936.486
R3,2026-05-01,2026-05-06,35,Health Care,0.07714905692767603,-0.004934218871606653,-0.00038067033261919504,58,5386351107174.801
R3,2026-05-01,2026-05-06,40,Financials,0.11497195881272777,-0.010935060112990707,-0.0012572252809254698,76,8027050003029.069
R3,2026-05-01,2026-05-06,45,Information Technology,0.31308988830016454,0.047828063569491035,0.014974483080585117,73,21859140391978.68
R3,2026-05-01,2026-05-06,50,Communication Services,0.17761706196383317,0.02956601529597708,0.0052514287708492,23,12400771914281.479
R3,2026-05-01,2026-05-06,55,Utilities,0.020941478588218047,-0.023575665866961415,-0.0004937093019559555,31,1462080819539.6238
R3,2026-05-01,2026-05-06,60,Real Estate,0.01731258871684242,0.0035698075592597136,6.180261007173849e-05,31,1208720950282.5889
