Attribution_Method,Date,Next_Date,Side,GICS_Sector_Code,Sector,Portfolio_Weight,Benchmark_Weight,Portfolio_Return,Benchmark_Return,Effective_Portfolio_Return,Effective_Benchmark_Return,Effective_Benchmark_Total_Return,Allocation_Effect,Selection_Effect,Interaction_Effect,Benchmark_Centering_Adjustment,Total_Effect,Active_Contribution,Residual,Side_Gross_Exposure,Scaled_Allocation_Effect,Scaled_Selection_Effect,Scaled_Interaction_Effect,Scaled_Benchmark_Centering_Adjustment,Scaled_Total_Effect,Scaled_Active_Contribution,Scaled_Residual,Missing_Portfolio_Sector,Missing_Benchmark_Sector
Brinson-Fachler,2026-03-02,2026-04-01,Long,10,Energy,0.0,0.03304871246153014,,0.04583518632166095,,0.04583518632166095,-0.034437133454548546,-0.002652896814903947,0.0,-0.0,0.0011381029215387151,-0.002652896814903947,-0.001514793893365232,-4.336808689942018e-19,1.0266557415563569,-0.0027236117467777086,0.0,-0.0,0.0011684398988797858,-0.0027236117467777086,-0.0015551718478979233,-4.452409541560475e-19,True,False
Brinson-Fachler,2026-03-02,2026-04-01,Long,15,Materials,0.09932638901609141,0.020025010243432565,0.055628334595468,-0.05464343800381588,0.055628334595468,-0.05464343800381588,-0.034437133454548546,-0.0016023878106571484,0.0022081933758621264,0.008744703606828315,-0.002730912163923756,0.009350509172033292,0.006619597008109536,0.0,1.0266557415563569,-0.001645100646011082,0.0022670544077955665,0.008977800166158872,-0.002803706652778419,0.009599753927943357,0.006796047275164937,0.0,False,False
Brinson-Fachler,2026-03-02,2026-04-01,Long,20,Industrials,0.0,0.08521687696494394,,-0.07253094829359809,,-0.07253094829359809,-0.034437133454548546,0.0032462359322646406,0.0,-0.0,0.0029346249646216185,0.0032462359322646406,0.006180860896886259,-4.336808689942018e-19,1.0266557415563569,0.003332766758306046,0.0,-0.0,0.003012849569243405,0.003332766758306046,0.006345616327549451,-4.452409541560475e-19,True,False
Brinson-Fachler,2026-03-02,2026-04-01,Long,25,Consumer Discretionary,0.0,0.0960350271235471,,-0.026691384032482064,,-0.026691384032482064,-0.034437133454548546,-0.0007438632558403539,0.0,-0.0,0.0033071710453647808,-0.0007438632558403539,0.002563307789524427,2.168404344971009e-19,1.0266557415563569,-0.0007636914825413045,0.0,-0.0,0.003395326142032691,-0.0007636914825413045,0.0026316346594913867,2.2262047707802374e-19,True,False
Brinson-Fachler,2026-03-02,2026-04-01,Long,30,Consumer Staples,0.0,0.05730312252169228,,-0.06911628565396725,,-0.06911628565396725,-0.034437133454548546,0.0019872237074317046,0.0,-0.0,0.0019733552776418635,0.0019872237074317046,0.003960578985073568,0.0,1.0266557415563569,0.0020401946289916695,0.0,-0.0,0.002025956525921558,0.0020401946289916695,0.004066151154913227,0.0,True,False
Brinson-Fachler,2026-03-02,2026-04-01,Long,35,Health Care,0.0,0.09172720944380276,,-0.07273597812201049,,-0.07273597812201049,-0.034437133454548546,0.0035130461462679506,0.0,-0.0,0.0031588221530295616,0.0035130461462679506,0.006671868299297512,0.0,1.0266557415563569,0.0036066889964184246,0.0,-0.0,0.0032430228999632124,0.0036066889964184246,0.006849711896381637,0.0,True,False
Brinson-Fachler,2026-03-02,2026-04-01,Long,40,Financials,0.0,0.12135053611621299,,-0.011315447094794002,,-0.011315447094794002,-0.034437133454548546,-0.002805829035667143,0.0,-0.0,0.00417896460701504,-0.002805829035667143,0.0013731355713478969,0.0,1.0266557415563569,-0.0028806204892932083,0.0,-0.0,0.004290358007552795,-0.0028806204892932083,0.0014097375182595868,0.0,True,False
Brinson-Fachler,2026-03-02,2026-04-01,Long,45,Information Technology,0.7989727258814863,0.2906613149696049,0.005231071292740189,-0.017745418687849464,0.005231071292740189,-0.017745418687849464,-0.034437133454548546,0.008484589083599496,0.00667837679114414,0.011679212039836233,-0.017504787894042324,0.02684217791457987,0.009337390020537545,0.0,1.0266557415563569,0.00871075209742381,0.0068563938769048505,0.011990530097551999,-0.01797139099614476,0.02755767607188066,0.0095862850757359,0.0,False,False
Brinson-Fachler,2026-03-02,2026-04-01,Long,50,Communication Services,0.10170088510242219,0.16398556401109754,-0.024991101650104996,-0.044560235770538865,-0.024991101650104996,-0.044560235770538865,-0.034437133454548546,0.0006305141773111249,0.003209055495948161,-0.0012188572352120266,0.002144905799751758,0.00262071243804726,0.004765618237799018,-4.336808689942018e-19,1.0266557415563569,0.0006473210002691491,0.003294595249888162,-0.001251346778667934,0.002202079854412672,0.0026905694714893773,0.004892649325902049,-4.452409541560475e-19,False,False
Brinson-Fachler,2026-03-02,2026-04-01,Long,55,Utilities,0.0,0.022538167500201687,,-0.029875742021940887,,-0.029875742021940887,-0.034437133454548546,-0.00010280540414209636,0.0,-0.0,0.0007761498820254143,-0.00010280540414209636,0.000673344477883318,8.131516293641283e-20,1.0266557415563569,-0.0001055457584255049,0.0,-0.0,0.0007968387326896805,-0.0001055457584255049,0.0006912929742641758,8.348267890425891e-20,True,False
Brinson-Fachler,2026-03-02,2026-04-01,Long,60,Real Estate,0.0,0.018108458643934074,,-0.0535359643470778,,-0.0535359643470778,-0.034437133454548546,0.0003458503893648565,0.0,-0.0,0.0006236034069773309,0.0003458503893648565,0.0009694537963421874,0.0,1.0266557415563569,0.00035506928796093153,0.0,-0.0,0.0006402260182273822,0.00035506928796093153,0.0009952953061883138,0.0,True,False
Brinson-Fachler,2026-03-02,2026-04-01,Short,10,Energy,0.0,0.03304871246153014,,0.04583518632166095,,-0.04583518632166095,0.034437133454548546,0.002652896814903947,0.0,-0.0,-0.0011381029215387151,0.002652896814903947,0.001514793893365232,4.336808689942018e-19,0.4412020031192161,0.0011704633888042096,0.0,-0.0,-0.0005021332887387132,0.0011704633888042096,0.0006683301000654965,1.9134086811472416e-19,True,False
Brinson-Fachler,2026-03-02,2026-04-01,Short,15,Materials,0.0,0.020025010243432565,,-0.05464343800381588,,0.05464343800381588,0.034437133454548546,-0.0004046314555809964,0.0,-0.0,-0.0006896039501817889,-0.0004046314555809964,-0.0010942354057627854,-5.421010862427522e-20,0.4412020031192161,-0.00017852420872737973,0.0,-0.0,-0.00030425464417912937,-0.00017852420872737973,-0.00048277885290650915,-2.391760851434052e-20,True,False
Brinson-Fachler,2026-03-02,2026-04-01,Short,20,Industrials,0.10047377915835959,0.08521687696494394,-0.0181233621296242,-0.07253094829359809,0.0181233621296242,0.07253094829359809,0.034437133454548546,0.0005811936071734645,-0.004636444576094949,-0.000830091220683584,0.0005254039769376491,-0.004885342189605069,-0.004359938212667419,0.0,0.4412020031192161,0.00025642378368501535,-0.002045608634324316,-0.0003662379093372725,0.0002318092870716932,-0.0021554227599765736,-0.00192361347290488,0.0,False,False
Brinson-Fachler,2026-03-02,2026-04-01,Short,25,Consumer Discretionary,0.0,0.0960350271235471,,-0.026691384032482064,,0.026691384032482064,0.034437133454548546,0.0007438632558403539,0.0,-0.0,-0.0033071710453647808,0.0007438632558403539,-0.002563307789524427,-2.168404344971009e-19,0.4412020031192161,0.000328193958523546,0.0,-0.0,-0.0014591304898728132,0.000328193958523546,-0.0011309365313492672,-9.567043405736208e-20,True,False
Brinson-Fachler,2026-03-02,2026-04-01,Short,30,Consumer Staples,0.0,0.05730312252169228,,-0.06911628565396725,,0.06911628565396725,0.034437133454548546,-0.0019872237074317046,0.0,-0.0,-0.0019733552776418635,-0.0019872237074317046,-0.003960578985073568,0.0,0.4412020031192161,-0.0008767670803648631,0.0,-0.0,-0.0008706483013614669,-0.0008767670803648631,-0.00174741538172633,0.0,True,False
Brinson-Fachler,2026-03-02,2026-04-01,Short,35,Health Care,0.0,0.09172720944380276,,-0.07273597812201049,,0.07273597812201049,0.034437133454548546,-0.0035130461462679506,0.0,-0.0,-0.0031588221530295616,-0.0035130461462679506,-0.006671868299297512,0.0,0.4412020031192161,-0.0015499629967836623,0.0,-0.0,-0.0013936786614139975,-0.0015499629967836623,-0.00294364165819766,0.0,True,False
Brinson-Fachler,2026-03-02,2026-04-01,Short,40,Financials,0.30081588076588966,0.12135053611621299,-0.012765395305925535,-0.011315447094794002,0.012765395305925535,0.011315447094794002,0.034437133454548546,-0.0041495414114350775,0.0001759519927615556,0.00026021545543490285,0.0061802720241674654,-0.003713373963238619,0.0024668980609288465,0.0,0.4412020031192161,-0.0018307859827512954,7.763037165921614e-05,0.00011480758018045824,0.002726748396884338,-0.001638348030911621,0.001088400365972717,0.0,False,False
Brinson-Fachler,2026-03-02,2026-04-01,Short,45,Information Technology,0.49987246359386894,0.2906613149696049,-0.06568090982226964,-0.017745418687849464,0.06568090982226964,0.017745418687849464,0.034437133454548546,-0.0034920928188497046,0.013932992886844405,0.01002863916010027,0.007204632245353172,0.02046953922809497,0.027674171473448143,3.469446951953614e-18,0.4412020031192161,-0.0015407183467547195,0.006147264371121541,0.004424655685996052,0.0031786981783871147,0.009031201710362872,0.012209899888749988,1.5307269449177932e-18,False,False
Brinson-Fachler,2026-03-02,2026-04-01,Short,50,Communication Services,0.09883787648188178,0.16398556401109754,-0.0188516298551835,-0.044560235770538865,0.0188516298551835,0.044560235770538865,0.034437133454548546,-0.0006594967065084177,-0.004215840240968588,0.0016748562249853194,-0.0022434996096988313,-0.0032004807224916866,-0.005443980332190518,-4.336808689942018e-19,0.4412020031192161,-0.00029097126796203966,-0.0018600371591459398,0.0007389499214002114,-0.0009898365217963039,-0.001412058505707768,-0.002401895027504072,-1.9134086811472416e-19,False,False
Brinson-Fachler,2026-03-02,2026-04-01,Short,55,Utilities,0.0,0.022538167500201687,,-0.029875742021940887,,0.029875742021940887,0.034437133454548546,0.00010280540414209636,0.0,-0.0,-0.0007761498820254143,0.00010280540414209636,-0.000673344477883318,-8.131516293641283e-20,0.4412020031192161,4.535795023897347e-05,0.0,-0.0,-0.000342438882670356,4.535795023897347e-05,-0.00029708093243138256,-3.587641277151078e-20,True,False
Brinson-Fachler,2026-03-02,2026-04-01,Short,60,Real Estate,0.0,0.018108458643934074,,-0.0535359643470778,,0.0535359643470778,0.034437133454548546,-0.0003458503893648565,0.0,-0.0,-0.0006236034069773309,-0.0003458503893648565,-0.0009694537963421874,0.0,0.4412020031192161,-0.00015258988456733552,0.0,-0.0,-0.0002751350723103661,-0.00015258988456733552,-0.0004277249568777016,0.0,True,False
Brinson-Fachler,2026-04-01,2026-05-01,Long,10,Energy,0.0,0.03564869448315343,,-0.021251452966665238,,-0.021251452966665238,0.1147147097843095,0.004847016195956214,0.0,-0.0,-0.004089429641824461,0.004847016195956214,0.0007575865541317536,8.673617379884035e-19,1.01526959151324,0.004921028153326523,0.0,-0.0,-0.004151873561977256,0.004921028153326523,0.0007691545913492685,8.806059974217003e-19,True,False
Brinson-Fachler,2026-04-01,2026-05-01,Long,15,Materials,0.10345098470899905,0.019527650119491233,0.08340639866597778,0.020301955015459394,0.08340639866597778,0.020301955015459394,0.1147147097843095,-0.007923433207983359,0.001232281496592473,0.005295935338567197,0.009627240971566893,-0.001395216372823689,0.008232024598743205,8.673617379884035e-19,1.01526959151324,-0.008044420796451705,0.001251097931674764,0.00537680210786765,0.009774245008602247,-0.001416520756909291,0.008357724251692957,8.806059974217003e-19,False,False
Brinson-Fachler,2026-04-01,2026-05-01,Long,20,Industrials,0.0,0.0829828517773603,,0.07161976406603546,,0.07161976406603546,0.1147147097843095,0.0035761414928929232,0.0,-0.0,-0.00951935375871426,0.0035761414928929232,-0.005943212265821335,8.673617379884035e-19,1.01526959151324,0.0036307477126829462,0.0,-0.0,-0.00966471040207985,0.0036307477126829462,-0.0060339626893969045,8.806059974217003e-19,True,False
Brinson-Fachler,2026-04-01,2026-05-01,Long,25,Consumer Discretionary,0.0,0.09664688175866784,,0.11091588720065589,,0.11091588720065589,0.1147147097843095,0.00036714435706452836,0.0,-0.0,-0.011086818992504058,0.00036714435706452836,-0.01071967463543953,4.336808689942018e-19,1.01526959151324,0.0003727505014232948,0.0,-0.0,-0.011256110189700826,0.0003727505014232948,-0.010883359688277531,4.4030299871085015e-19,True,False
Brinson-Fachler,2026-04-01,2026-05-01,Long,30,Consumer Staples,0.0,0.055007758305391494,,0.04336021210502386,,0.04336021210502386,0.1147147097843095,0.003925050962344763,0.0,-0.0,-0.006310199029888426,0.003925050962344763,-0.002385148067543663,-8.673617379884035e-19,1.01526959151324,0.0039849848872084166,0.0,-0.0,-0.006406553191442065,0.0039849848872084166,-0.0024215683042336485,-8.806059974217003e-19,True,False
Brinson-Fachler,2026-04-01,2026-05-01,Long,35,Health Care,0.0,0.08710188447559644,,-0.007152352872025975,,-0.007152352872025975,0.1147147097843095,0.010614850812872407,0.0,-0.0,-0.0099918673992845,0.010614850812872407,0.0006229834135879069,0.0,1.01526959151324,0.01077693524875895,0.0,-0.0,-0.010144439132926033,0.01077693524875895,0.000632496115832918,0.0,True,False
Brinson-Fachler,2026-04-01,2026-05-01,Long,40,Financials,0.0,0.12358375213570515,,0.05521392748304211,,0.05521392748304211,0.1147147097843095,0.007353329931800381,0.0,-0.0,-0.014176874260303457,0.007353329931800381,-0.0068235443285030745,8.673617379884035e-19,1.01526959151324,0.007465612276121053,0.0,-0.0,-0.014393349339192856,0.007465612276121053,-0.006927737063071802,8.806059974217003e-19,True,False
Brinson-Fachler,2026-04-01,2026-05-01,Long,45,Information Technology,0.7987144645904065,0.2967785697583673,0.386737021613412,0.17606907636043165,0.386737021613412,0.17606907636043165,0.1147147097843095,0.030795958889238823,0.06252173148611354,0.10574180361298173,0.05757943050598507,0.19905949398833409,0.2566389244943192,2.7755575615628914e-17,1.01526959151324,0.03126620060173603,0.06347641278660696,0.1073564377600252,0.058458644889376445,0.20209905114836818,0.26055769603774465,2.817939191749441e-17,False,False
Brinson-Fachler,2026-04-01,2026-05-01,Long,50,Communication Services,0.09783455070059435,0.16242277895298637,-0.010984959462729699,0.21812742041686442,-0.010984959462729699,0.21812742041686442,0.1147147097843095,-0.006679243758534024,-0.03721306943257596,0.014797962687111975,-0.007409219859455891,-0.029094350503998008,-0.0365035703634539,0.0,1.01526959151324,-0.006781233082344196,-0.03778129780176523,0.015023921532572341,-0.007522355620141567,-0.029538609351537085,-0.03706096497167865,0.0,False,False
Brinson-Fachler,2026-04-01,2026-05-01,Long,55,Utilities,0.0,0.02272469389207602,,0.024143938530981728,,0.024143938530981728,0.1147147097843095,0.002058193052301112,0.0,-0.0,-0.0026068566647667714,0.002058193052301112,-0.0005486636124656594,0.0,1.01526959151324,0.0020896208194651385,0.0,-0.0,-0.002646662301171327,0.0020896208194651385,-0.0005570414817061886,0.0,True,False
Brinson-Fachler,2026-04-01,2026-05-01,Long,60,Real Estate,0.0,0.017574484341204465,,0.0908246800363196,,0.0908246800363196,0.1147147097843095,0.00041985495371695735,0.0,-0.0,-0.002016051870810162,0.00041985495371695735,-0.0015961969170932048,-2.710505431213761e-19,1.01526959151324,0.00042626596735502556,0.0,-0.0,-0.002046836159346936,0.00042626596735502556,-0.0016205701919919109,-2.7518937419428136e-19,True,False
Brinson-Fachler,2026-04-01,2026-05-01,Short,10,Energy,0.0,0.03564869448315343,,-0.021251452966665238,,0.021251452966665238,-0.1147147097843095,-0.004847016195956214,0.0,-0.0,0.004089429641824461,-0.004847016195956214,-0.0007575865541317536,-8.673617379884035e-19,0.42779175224321087,-0.002073513551619331,0.0,-0.0,0.0017494242721514124,-0.002073513551619331,-0.000324089279467919,-3.710501977227759e-19,True,False
Brinson-Fachler,2026-04-01,2026-05-01,Short,15,Materials,0.0,0.019527650119491233,,0.020301955015459394,,-0.020301955015459394,-0.1147147097843095,-0.0018436592419434324,0.0,-0.0,0.0022401087162269738,-0.0018436592419434324,0.00039644947428354126,0.0,0.42779175224321087,-0.0007887022176503708,0.0,-0.0,0.0009583000329300267,-0.0007887022176503708,0.0001695978152796559,0.0,True,False
Brinson-Fachler,2026-04-01,2026-05-01,Short,20,Industrials,0.0,0.0829828517773603,,0.07161976406603546,,-0.07161976406603546,-0.1147147097843095,-0.0035761414928929232,0.0,-0.0,0.00951935375871426,-0.0035761414928929232,0.005943212265821335,-8.673617379884035e-19,0.42779175224321087,-0.0015298438355143156,0.0,-0.0,0.004072301024663368,-0.0015298438355143156,0.0025424571891490525,-3.710501977227759e-19,True,False
Brinson-Fachler,2026-04-01,2026-05-01,Short,25,Consumer Discretionary,0.0,0.09664688175866784,,0.11091588720065589,,-0.11091588720065589,-0.1147147097843095,-0.00036714435706452836,0.0,-0.0,0.011086818992504058,-0.00036714435706452836,0.01071967463543953,-4.336808689942018e-19,0.42779175224321087,-0.00015706132783484166,0.0,-0.0,0.00474284972360662,-0.00015706132783484166,0.0045857883957717786,-1.8552509886138795e-19,True,False
Brinson-Fachler,2026-04-01,2026-05-01,Short,30,Consumer Staples,0.0,0.055007758305391494,,0.04336021210502386,,-0.04336021210502386,-0.1147147097843095,-0.003925050962344763,0.0,-0.0,0.006310199029888426,-0.003925050962344763,0.002385148067543663,8.673617379884035e-19,0.42779175224321087,-0.0016791044288253672,0.0,-0.0,0.002699451099999379,-0.0016791044288253672,0.0010203466711740119,3.710501977227759e-19,True,False
Brinson-Fachler,2026-04-01,2026-05-01,Short,35,Health Care,0.0,0.08710188447559644,,-0.007152352872025975,,0.007152352872025975,-0.1147147097843095,-0.010614850812872407,0.0,-0.0,0.0099918673992845,-0.010614850812872407,-0.0006229834135879069,0.0,0.42779175224321087,-0.004540945629038958,0.0,-0.0,0.004274438462921731,-0.004540945629038958,-0.00026650716611722764,0.0,True,False
Brinson-Fachler,2026-04-01,2026-05-01,Short,40,Financials,0.29884203124504294,0.12358375213570515,0.09268496293199813,0.05521392748304211,-0.09268496293199813,-0.05521392748304211,-0.1147147097843095,0.010428004711779466,-0.004630811157192002,-0.006567109189229024,-0.020104702625325196,-0.0007699156346415593,-0.020874618259966754,1.734723475976807e-18,0.42779175224321087,0.004461014408052597,-0.0019810228192425777,-0.002809355147232776,-0.008600625964416547,-0.0003293635584227564,-0.008929989522839302,7.421003954455518e-19,False,False
Brinson-Fachler,2026-04-01,2026-05-01,Short,45,Information Technology,0.5004992315238838,0.2967785697583673,-0.0007908238027097819,0.17606907636043165,0.0007908238027097819,-0.17606907636043165,-0.1147147097843095,-0.012499152161091686,0.05248822821802475,0.03603001590101834,-0.023369756591498696,0.0760190919579514,0.0526493353664527,0.0,0.42779175224321087,-0.005347034204547929,0.02245403112153035,0.015413343635647387,-0.009997389121774555,0.032520340552629805,0.022522951430855254,0.0,False,False
Brinson-Fachler,2026-04-01,2026-05-01,Short,50,Communication Services,0.09758400598472457,0.16242277895298637,0.0737632562418488,0.21812742041686442,-0.0737632562418488,-0.21812742041686442,-0.1147147097843095,0.006705153266736782,0.0234480287265312,-0.009360395265696713,0.0074379610238248855,0.020792786727571268,0.028230747751396154,0.0,0.42779175224321087,0.0028684092650366174,0.010030873295571925,-0.0040042998924014524,0.0031818983794987543,0.008894982668207091,0.012076881047705846,0.0,False,False
Brinson-Fachler,2026-04-01,2026-05-01,Short,55,Utilities,0.0,0.02272469389207602,,0.024143938530981728,,-0.024143938530981728,-0.1147147097843095,-0.002058193052301112,0.0,-0.0,0.0026068566647667714,-0.002058193052301112,0.0005486636124656594,0.0,0.42779175224321087,-0.0008804780122986952,0.0,-0.0,0.0011151917804674697,-0.0008804780122986952,0.0002347137681687744,0.0,True,False
Brinson-Fachler,2026-04-01,2026-05-01,Short,60,Real Estate,0.10307473124634858,0.017574484341204465,-0.1254338461614113,0.0908246800363196,0.1254338461614113,-0.0908246800363196,-0.1147147097843095,0.002042603442024374,0.0038006320823139772,0.01849015738524857,-0.009808136010210414,0.024333392909586922,0.014525256899376506,0.0,0.42779175224321087,0.0008738089056016208,0.0016258790581248595,0.007909936827088232,-0.004195839690047648,0.010409624790814713,0.006213785100767063,0.0,False,False
Brinson-Fachler,2026-05-01,2026-05-06,Long,10,Energy,0.0,0.031296564415662066,,-0.0363166647455923,,-0.0363166647455923,0.019444972679939103,0.0017451476776109362,0.0,-0.0,-0.0006085608400385031,0.0017451476776109362,0.001136586837572433,0.0,1.074628363725502,0.0018753851932504003,0.0,-0.0,-0.0006539767397579936,0.0018753851932504003,0.0012214084534924068,0.0,True,False
Brinson-Fachler,2026-05-01,2026-05-06,Long,15,Materials,0.08072445192324414,0.0178424162934392,-0.0270256660132601,0.015467002337567674,-0.0270256660132601,0.015467002337567674,0.019444972679939103,-0.0002501428728033075,-0.0007581718781345177,-0.0026720254852422363,0.001222739464880514,-0.0036803402361800614,-0.002457600771299548,-8.673617379884035e-19,1.074628363725502,-0.00026881062609821475,-0.0008147530048223875,-0.002871434375038705,0.0013139905104071429,-0.003954998005959307,-0.002641007495552165,-9.320915252525858e-19,False,False
Brinson-Fachler,2026-05-01,2026-05-06,Long,20,Industrials,0.0,0.07967722126245953,,0.008338172195550147,,0.008338172195550147,0.019444972679939103,0.0008849589997126516,0.0,-0.0,-0.0015493213906619886,0.0008849589997126516,-0.0006643623909493371,0.0,1.074628363725502,0.0009510020418253639,0.0,-0.0,-0.0016649447109320123,0.0009510020418253639,-0.0007139426691066484,0.0,True,False
Brinson-Fachler,2026-05-01,2026-05-06,Long,25,Consumer Discretionary,0.0,0.09811741639341232,,0.019284343489468194,,0.019284343489468194,0.019444972679939103,1.5760521166370898e-05,0.0,-0.0,-0.0019078904811961116,1.5760521166370898e-05,-0.0018921299600297406,9.147955830346444e-20,1.074628363725502,1.69367030724783e-05,0.0,-0.0,-0.002050273225975238,1.69367030724783e-05,-0.00203333652290276,9.830652805398366e-20,True,False
Brinson-Fachler,2026-05-01,2026-05-06,Long,30,Consumer Staples,0.0,0.0519843483255649,,-0.007829492666570518,,-0.007829492666570518,0.019444972679939103,0.0014178453069665054,0.0,-0.0,-0.0010108342329750476,0.0014178453069665054,0.0004070110739914578,0.0,1.074628363725502,0.001523656782241298,0.0,-0.0,-0.0010862711377796984,0.001523656782241298,0.0004373856444615996,0.0,True,False
Brinson-Fachler,2026-05-01,2026-05-06,Long,35,Health Care,0.10164854815661009,0.07714905692767603,0.04620998545204389,-0.004934218871606653,0.04620998545204389,-0.004934218871606653,0.019444972679939103,-0.0005972777895855986,0.00394572713088601,0.001253006985238088,0.00047639193761903054,0.0046014563265385,0.00507784826415753,0.0,1.074628363725502,-0.0006418516537119566,0.004240190290371352,0.001346516846283031,0.0005119442884155603,0.004944855482942427,0.005456799771357988,0.0,False,False
Brinson-Fachler,2026-05-01,2026-05-06,Long,40,Financials,0.0,0.11497195881272777,,-0.010935060112990707,,-0.010935060112990707,0.019444972679939103,0.0034928518789980453,0.0,-0.0,-0.0022356265980725755,0.0034928518789980453,0.0012572252809254698,0.0,1.074628363725502,0.003753517699463215,0.0,-0.0,-0.0024024677529879425,0.003753517699463215,0.0013510499464752723,0.0,True,False
Brinson-Fachler,2026-05-01,2026-05-06,Long,45,Information Technology,0.8176269999201456,0.31308988830016454,0.17094140603500185,0.047828063569491035,0.17094140603500185,0.047828063569491035,0.019444972679939103,0.01432032269626193,0.03854554264078668,0.06211525020943038,0.009810710351465917,0.114981115546479,0.12479182589794492,1.3877787807814457e-17,1.074628363725502,0.015389024947105128,0.04142213341698016,0.06675080969496032,0.010542867611980665,0.12356196805904561,0.1341048356710263,1.4913464404041372e-17,False,False
Brinson-Fachler,2026-05-01,2026-05-06,Long,50,Communication Services,0.0,0.17761706196383317,,0.02956601529597708,,0.02956601529597708,0.019444972679939103,-0.0017976698534714138,0.0,-0.0,-0.003453758917377787,-0.0017976698534714138,-0.0052514287708492,4.336808689942018e-19,1.074628363725502,-0.0019318270131546485,0.0,-0.0,-0.003711507294084053,-0.0019318270131546485,-0.0056433343072387005,4.660457626262929e-19,True,False
Brinson-Fachler,2026-05-01,2026-05-06,Long,55,Utilities,0.0,0.020941478588218047,,-0.023575665866961415,,-0.023575665866961415,0.019444972679939103,0.0009009157809813851,0.0,-0.0,-0.00040720647902542964,0.0009009157809813851,0.0004937093019559555,1.0842021724855044e-19,1.074628363725502,0.0009681496515705087,0.0,-0.0,-0.0004375956322535204,0.0009681496515705087,0.0005305540193169883,1.1651144065657322e-19,True,False
Brinson-Fachler,2026-05-01,2026-05-06,Long,60,Real Estate,0.0,0.01731258871684242,,0.0035698075592597136,,0.0035698075592597136,0.019444972679939103,0.0002748402045462843,0.0,-0.0,-0.0003366428146180228,0.0002748402045462843,-6.180261007173849e-05,0.0,1.074628363725502,0.0002953510792975558,0.0,-0.0,-0.00036176591703291337,0.0002953510792975558,-6.641483773535757e-05,0.0,True,False
Brinson-Fachler,2026-05-01,2026-05-06,Short,10,Energy,0.0,0.031296564415662066,,-0.0363166647455923,,0.0363166647455923,-0.019444972679939103,-0.0017451476776109362,0.0,-0.0,0.0006085608400385031,-0.0017451476776109362,-0.001136586837572433,0.0,0.36973713720698964,-0.000645245906323294,0.0,-0.0,0.00022500754281211692,-0.000645245906323294,-0.00042023836351117713,0.0,True,False
Brinson-Fachler,2026-05-01,2026-05-06,Short,15,Materials,0.0,0.0178424162934392,,0.015467002337567674,,-0.015467002337567674,-0.019444972679939103,-7.09766028515459e-05,0.0,-0.0,0.00034694529737002556,-7.09766028515459e-05,0.00027596869451847964,-1.3552527156068805e-20,0.36973713720698964,-2.6242685947008037e-05,0.0,-0.0,0.00012827856101702096,-2.6242685947008037e-05,0.00010203587507001292,-5.010872592604865e-21,True,False
Brinson-Fachler,2026-05-01,2026-05-06,Short,20,Industrials,0.0,0.07967722126245953,,0.008338172195550147,,-0.008338172195550147,-0.019444972679939103,-0.0008849589997126516,0.0,-0.0,0.0015493213906619886,-0.0008849589997126516,0.0006643623909493371,0.0,0.36973713720698964,-0.00032720220709931693,0.0,-0.0,0.0005728416555969157,-0.00032720220709931693,0.00024563944849759873,0.0,True,False
Brinson-Fachler,2026-05-01,2026-05-06,Short,25,Consumer Discretionary,0.0,0.09811741639341232,,0.019284343489468194,,-0.019284343489468194,-0.019444972679939103,-1.5760521166370898e-05,0.0,-0.0,0.0019078904811961116,-1.5760521166370898e-05,0.0018921299600297406,-9.147955830346444e-20,0.36973713720698964,-5.827249976944141e-06,0.0,-0.0,0.0007054179646219162,-5.827249976944141e-06,0.000699590714644972,-3.382339000008284e-20,True,False
Brinson-Fachler,2026-05-01,2026-05-06,Short,30,Consumer Staples,0.0,0.0519843483255649,,-0.007829492666570518,,0.007829492666570518,-0.019444972679939103,-0.0014178453069665054,0.0,-0.0,0.0010108342329750476,-0.0014178453069665054,-0.0004070110739914578,0.0,0.36973713720698964,-0.0005242300648001612,0.0,-0.0,0.0003737429554910173,-0.0005242300648001612,-0.00015048710930914383,0.0,True,False
Brinson-Fachler,2026-05-01,2026-05-06,Short,35,Health Care,0.0,0.07714905692767603,,-0.004934218871606653,,0.004934218871606653,-0.019444972679939103,-0.001880831636860922,0.0,-0.0,0.001500161304241727,-0.001880831636860922,-0.00038067033261919504,0.0,0.36973713720698964,-0.0006954133049812937,0.0,-0.0,0.0005546653459790399,-0.0006954133049812937,-0.0001407479590022537,0.0,True,False
Brinson-Fachler,2026-05-01,2026-05-06,Short,40,Financials,0.3172870963957777,0.11497195881272777,0.004451669937094316,-0.010935060112990707,-0.004451669937094316,0.010935060112990707,-0.019444972679939103,0.006146340514279163,-0.001769042493580936,-0.0031129684070362,-0.003934012323040526,0.0012643296136620268,-0.0026696827093785,-4.336808689942018e-19,0.36973713720698964,0.002272530346048914,-0.0006540807071741296,-0.0011509800270333675,-0.0014545504540580232,0.00046746961184141703,-0.0009870808422166063,-1.6034792296335568e-19,False,False
Brinson-Fachler,2026-05-01,2026-05-06,Short,45,Information Technology,0.3794834778275461,0.31308988830016454,0.06744205876964603,0.047828063569491035,-0.06744205876964603,-0.047828063569491035,-0.019444972679939103,-0.001884455286039274,-0.00614094356633649,-0.0013022435463111227,-0.0012910215344830254,-0.009327642398686886,-0.010618663933169912,0.0,0.36973713720698964,-0.00069675310265474,-0.002270534893966935,-0.00048148780075935233,-0.00047733860623232866,-0.0034487757973810274,-0.003926114403613356,0.0,False,False
Brinson-Fachler,2026-05-01,2026-05-06,Short,50,Communication Services,0.22371604665629138,0.17761706196383317,0.001979039491205018,0.02956601529597708,-0.001979039491205018,-0.02956601529597708,-0.019444972679939103,-0.00046656978862845194,0.004899917590910965,0.0012717315753354023,-0.0008963934979177808,0.005705079377617916,0.004808685879700136,0.0,0.36973713720698964,-0.00017250817795475408,0.0018116815026135897,0.00047020639196024673,-0.0003314299657310799,0.0021093797166190824,0.0017779497508880028,0.0,False,False
Brinson-Fachler,2026-05-01,2026-05-06,Short,55,Utilities,0.0,0.020941478588218047,,-0.023575665866961415,,0.023575665866961415,-0.019444972679939103,-0.0009009157809813851,0.0,-0.0,0.00040720647902542964,-0.0009009157809813851,-0.0004937093019559555,-1.0842021724855044e-19,0.36973713720698964,-0.00033310202172465663,0.0,-0.0,0.00015055935780700042,-0.00033310202172465663,-0.0001825426639176562,-4.008698074083892e-20,True,False
Brinson-Fachler,2026-05-01,2026-05-06,Short,60,Real Estate,0.07951337912038507,0.01731258871684242,-0.0342970273905652,0.0035698075592597136,0.0342970273905652,-0.0035698075592597136,-0.019444972679939103,0.0009874478182930095,0.000655572939494873,0.002355347063959603,-0.0012094926700675051,0.003998367821747485,0.0027888751516799803,0.0,0.36973713720698964,0.00036509612947694504,0.00024238966187920536,0.000870859280557312,-0.0004471943573035974,0.0014783450719134622,0.001031150714609865,0.0,False,False
