Date,Next_Date,GICS_Sector_Code,Sector,Benchmark_Weight,Benchmark_Return,Benchmark_Contribution,Constituent_Count,Sector_Market_Cap
2024-01-31,2024-02-29,10,Energy,0.0374287737666176,0.0261834708854553,0.000980015208196525,23,1582140335817.0398
2024-01-31,2024-02-29,15,Materials,0.022353640653593528,0.06326913161261437,0.001414295432533296,28,944903959476.04
2024-01-31,2024-02-29,20,Industrials,0.08533191859662768,0.06906826503524485,0.00589372756959782,78,3607039631760.324
2024-01-31,2024-02-29,25,Consumer Discretionary,0.10659535339456927,0.08834485164631342,0.009417150681829575,53,4505859830402.358
2024-01-31,2024-02-29,30,Consumer Staples,0.06663417532142601,0.02423020002790494,0.0016145593967326391,38,2816673000758.5703
2024-01-31,2024-02-29,35,Health Care,0.12691289021803193,0.03383849552234598,0.0042945412673708605,64,5364696262856.32
2024-01-31,2024-02-29,40,Financials,0.1268176948127743,0.038267738963362725,0.004853026441030646,72,5360672286773.597
2024-01-31,2024-02-29,45,Information Technology,0.29257523653015816,0.060202179778385656,0.01761366698829229,64,12367359023351.879
2024-01-31,2024-02-29,50,Communication Services,0.09064653395349494,0.051731987402083256,0.004689325352524712,22,3831692124462.3896
2024-01-31,2024-02-29,55,Utilities,0.021563117047411456,0.005062578334653967,0.00010916496919183286,30,911487976052.3
2024-01-31,2024-02-29,60,Real Estate,0.023140665705295126,0.02473466520658493,0.0005723766188779764,31,978172056565.1877
2024-02-29,2024-03-31,10,Energy,0.03634280571921017,0.1025879778581582,0.0037283349484256777,23,1615056678081.7397
2024-02-29,2024-03-31,15,Materials,0.022556758424365785,0.061715502774285884,0.001392101687117843,28,1002411415635.2
2024-02-29,2024-03-31,20,Industrials,0.0867620277421337,0.04299250165792422,0.00373011662154855,78,3855662476680.448
2024-02-29,2024-03-31,25,Consumer Discretionary,0.11015191763787481,-0.0011353995833719298,-0.0001250664413936622,53,4895097851251.585
2024-02-29,2024-03-31,30,Consumer Staples,0.0648467028582487,0.030812761022231662,0.001998105958250884,38,2881756056809.83
2024-02-29,2024-03-31,35,Health Care,0.12472693397402794,0.0226416422366397,0.0028240226163129224,64,5542804515638.59
2024-02-29,2024-03-31,40,Financials,0.1250147764320624,0.047979624503998605,0.005998162030661689,72,5555596095014.044
2024-02-29,2024-03-31,45,Information Technology,0.29555837394106566,0.019945992130459014,0.005895205000719758,64,13134470939985.32
2024-02-29,2024-03-31,50,Communication Services,0.09066955332896103,0.043047501798579094,0.003903097760004813,22,4029311020563.92
2024-02-29,2024-03-31,55,Utilities,0.020630971457782598,0.06286634550120104,0.0012969937796903782,30,916830375883.5299
2024-02-29,2024-03-31,60,Real Estate,0.022739178484267212,0.01109924163041072,0.00025238763647391835,31,1010518074714.7473
2024-03-31,2024-04-30,10,Energy,0.038735096473072564,-0.007808026981149957,-0.00030244467837919713,23,1775423703294.9302
2024-03-31,2024-04-30,15,Materials,0.023193581411697983,-0.04634866770233644,-0.0010749915976778772,28,1063078137194.1401
2024-03-31,2024-04-30,20,Industrials,0.08759919615710834,-0.03554043408942534,-0.0031133134573083504,78,4015110414273.2393
2024-03-31,2024-04-30,25,Consumer Discretionary,0.10705543640342566,-0.04232771773920454,-0.0045314122945315635,53,4906887465463.129
2024-03-31,2024-04-30,30,Consumer Staples,0.06477199745565787,-0.011171658312342684,-0.0007236106237825395,38,2968825433866.59
2024-03-31,2024-04-30,35,Health Care,0.12369418621319121,-0.050701540383773024,-0.006271485777526054,64,5669524802018.819
2024-03-31,2024-04-30,40,Financials,0.12665837061621268,-0.04243365234756098,-0.005374577265636902,71,5805388236713.5
2024-03-31,2024-04-30,45,Information Technology,0.29324101499616934,-0.054631559342617306,-0.016020213912452556,65,13440706134923.059
2024-03-31,2024-04-30,50,Communication Services,0.09135028751141341,-0.01944846635546193,-0.0017766229932274977,22,4187041740384.37
2024-03-31,2024-04-30,55,Utilities,0.02127693590042932,0.015780521517403834,0.00033576114480114705,30,975228662651.4402
2024-03-31,2024-04-30,60,Real Estate,0.022423896861621613,-0.0852010251524183,-0.0019105390005222569,31,1027799634784.4341
2024-04-30,2024-05-31,10,Energy,0.040111081458036324,-0.009966163332611452,-0.0003997535892584727,23,1759769345136.19
2024-04-30,2024-05-31,15,Materials,0.023104166267527745,0.030300505073190296,0.0007000679072010565,28,1013635186701.7301
2024-04-30,2024-05-31,20,Industrials,0.08673888629764115,0.013451981467156761,0.0011668098909576863,78,3805442974593.762
2024-04-30,2024-05-31,25,Consumer Discretionary,0.10695142438894115,0.0018605829767771955,0.00019899199956013728,52,4692215497984.323
2024-04-30,2024-05-31,30,Consumer Staples,0.06681141725123754,0.027860782735470744,0.0018614183802856113,38,2931177113906.39
2024-04-30,2024-05-31,35,Health Care,0.12269917680427694,0.02347665308541623,0.0028805660077001597,64,5383107165522.5
2024-04-30,2024-05-31,40,Financials,0.12656157347946612,0.029732505431529988,0.003762992670901208,71,5552559771153.806
2024-04-30,2024-05-31,45,Information Technology,0.28955342924514704,0.09906617223305611,0.028684949892271765,65,12703403399824.86
2024-04-30,2024-05-31,50,Communication Services,0.09343079170988502,0.06563919996510033,0.006132722419942781,22,4099032914753.7593
2024-04-30,2024-05-31,55,Utilities,0.022592808823101804,0.07966315664123942,0.001799814468240335,30,991200709185.85
2024-04-30,2024-05-31,60,Real Estate,0.021445244274739116,0.04915029299496132,0.0010540400394519443,31,940854300154.5594
2024-05-31,2024-06-30,10,Energy,0.03792309858009889,-0.013968104365395482,-0.0005297137988260024,22,1743000414264.21
2024-05-31,2024-06-30,15,Materials,0.022713083378323173,-0.032185271594457804,-0.0007310267572788966,28,1043926135255.4698
2024-05-31,2024-06-30,20,Industrials,0.08391803408489483,-0.009945398917766801,-0.0008345983253690305,78,3856994118380.619
2024-05-31,2024-06-30,25,Consumer Discretionary,0.10221093367502941,0.05108748527582445,0.005221699569151334,52,4697762219023.913
2024-05-31,2024-06-30,30,Consumer Staples,0.06554931756875529,-0.0032880718379309204,-0.00021553086509341478,38,3012741362253.391
2024-05-31,2024-06-30,35,Health Care,0.11988623354565223,0.018722925096237807,0.002244620970745319,64,5510144544051.199
2024-05-31,2024-06-30,40,Financials,0.12435954968807009,-0.009205018221444011,-0.001144731920889257,71,5715744618446.513
2024-05-31,2024-06-30,45,Information Technology,0.3028930841209733,0.09409634472497602,0.028501132058258268,65,13921403863809.59
2024-05-31,2024-06-30,50,Communication Services,0.09503198219929464,0.04597581106242189,0.004369172458482211,22,4367807234734.8706
2024-05-31,2024-06-30,55,Utilities,0.024033195211865657,-0.057723150029508334,-0.0013872717329029827,31,1104600382848.39
2024-05-31,2024-06-30,60,Real Estate,0.021481487947042462,0.01349582511510923,0.0002899104045456119,31,987320229427.5452
2024-06-30,2024-07-31,10,Energy,0.03580817538887857,0.0202231686567646,0.0007241547701802987,22,1709510278915.95
2024-06-30,2024-07-31,15,Materials,0.021093501678955035,0.04460058573525185,0.0009407825300889129,28,1007020255762.7101
2024-06-30,2024-07-31,20,Industrials,0.0796849228939563,0.045508309172213615,0.0036263261074221662,77,3804220496645.344
2024-06-30,2024-07-31,25,Consumer Discretionary,0.10369857871202381,0.01608745518150736,0.0016682462374156964,52,4950651193253.418
2024-06-30,2024-07-31,30,Consumer Staples,0.0628747916495159,0.018148109983496436,0.0011410586340448378,38,3001691693091.105
2024-06-30,2024-07-31,35,Health Care,0.11703172054938227,0.022100213794634376,0.0025864260448952535,63,5587185805075.27
2024-06-30,2024-07-31,40,Financials,0.1206598241031808,0.06220593444715965,0.0075057571085682786,71,5760394304275.046
2024-06-30,2024-07-31,45,Information Technology,0.3208676589299947,-0.020117038982724128,-0.006454907202990133,67,15318472811180.607
2024-06-30,2024-07-31,50,Communication Services,0.09543553057346928,-0.03870694177805283,-0.0036940175254648565,22,4556166817140.149
2024-06-30,2024-07-31,55,Utilities,0.021814873318361846,0.06718502781735544,0.0014656328707262256,31,1041459101615.4199
2024-06-30,2024-07-31,60,Real Estate,0.02103042220228147,0.07059369352289069,0.0014846151796048539,31,1004008792246.5992
2024-07-31,2024-08-31,10,Energy,0.036145233629555774,-0.024299789423547803,-0.0008783215658631438,22,1743400391978.1602
2024-07-31,2024-08-31,15,Materials,0.02199863592538624,0.02246888233336495,0.0004942847621020384,28,1061064672824.3201
2024-07-31,2024-08-31,20,Industrials,0.08240770307434549,0.026176376830288724,0.00215713508939261,77,3974787473066.8716
2024-07-31,2024-08-31,25,Consumer Discretionary,0.10419124618694472,-0.013684002369918761,-0.0014257532597469406,52,5025477530583.189
2024-07-31,2024-08-31,30,Consumer Staples,0.06320661617216858,0.06280621625161326,0.003969768403841936,38,3048657550246.58
2024-07-31,2024-08-31,35,Health Care,0.11834914968195169,0.052595130769292536,0.006224589003956825,63,5708358564241.829
2024-07-31,2024-08-31,40,Financials,0.12659449770357564,0.04129637690682625,0.005227894091497209,71,6106058109366.397
2024-07-31,2024-08-31,45,Information Technology,0.31105192625255806,0.011932957080525592,0.0037117692857865873,67,15003030709721.158
2024-07-31,2024-08-31,50,Communication Services,0.09070285085889934,0.012438352469092914,0.001128194028934557,22,4374889020267.35
2024-07-31,2024-08-31,55,Utilities,0.023058096602998682,0.04295881587183913,0.0009905485263232998,31,1112165854782.78
2024-07-31,2024-08-31,60,Real Estate,0.022294043911615914,0.05693002328040437,0.0012692004389026513,31,1075313146198.8334
2024-08-31,2024-09-30,10,Energy,0.03449029088025328,-0.02782947900889746,-0.0009598468260627761,22,1701044280293.03
2024-08-31,2024-09-30,15,Materials,0.021986152906552068,0.023790243720946385,0.0005230559361328674,28,1084346310014.7601
2024-08-31,2024-09-30,20,Industrials,0.08268880231617527,0.03204051969949926,0.002649392199539414,77,4078171295004.692
2024-08-31,2024-09-30,25,Consumer Discretionary,0.10043183765506486,0.07252751971787874,0.007284072085830514,52,4953249121487.596
2024-08-31,2024-09-30,30,Consumer Staples,0.06567266570771253,0.009798023253708085,0.0006434623057371649,38,3238943758449.4
2024-08-31,2024-09-30,35,Health Care,0.12180441372470588,-0.019204290070391573,-0.0023391672930232364,63,6007334121947.98
2024-08-31,2024-09-30,40,Financials,0.12889671415304693,-0.004667965058648558,-0.0006016853578410341,71,6357122910904.135
2024-08-31,2024-09-30,45,Information Technology,0.30766600573041636,0.02667726461839496,0.008207687448954937,67,15173936952441.389
2024-08-31,2024-09-30,50,Communication Services,0.08980555384856442,0.04380177031210967,0.0039336422424266155,22,4429166000455.79
2024-08-31,2024-09-30,55,Utilities,0.023512581789753115,0.06424581172008531,0.001510584902717585,31,1159629036103.04
2024-08-31,2024-09-30,60,Real Estate,0.02304498128775521,0.02774602838834259,0.0006394067050188799,31,1136567208003.4377
2024-09-30,2024-10-31,10,Energy,0.03295032734617543,0.007416202649036525,0.00024436630495132687,22,1662579252761.0898
2024-09-30,2024-10-31,15,Materials,0.02196127896595973,-0.03578242906812921,-0.0007858279068448519,28,1108103309241.97
2024-09-30,2024-10-31,20,Industrials,0.08292864910457413,-0.012358164821854783,-0.0010248459140880873,76,4184342389447.394
2024-09-30,2024-10-31,25,Consumer Discretionary,0.10518260855321279,-0.015185938367702536,-0.0015972966108432711,51,5307213518537.641
2024-09-30,2024-10-31,30,Consumer Staples,0.06483374127915323,-0.026381152883213174,-0.0017103888406760303,38,3271325106945.0103
2024-09-30,2024-10-31,35,Health Care,0.11654298551034623,-0.04836444146643844,-0.005636536401039123,62,5880425639741.88
2024-09-30,2024-10-31,40,Financials,0.12582879715355377,0.027342981102301586,0.0034405344226949605,72,6348961130174.151
2024-09-30,2024-10-31,45,Information Technology,0.3106987348766596,-0.010108470237007505,-0.0031406889141765994,69,15676969307104.943
2024-09-30,2024-10-31,50,Communication Services,0.0913559668127834,0.020373448065622475,0.001861236045344973,22,4609560731920.74
2024-09-30,2024-10-31,55,Utilities,0.02451309785639067,-0.010725254294956995,-0.00026290920806695513,31,1236860790145.32
2024-09-30,2024-10-31,60,Real Estate,0.02320381254119114,-0.03365865341824166,-0.0007810090843058019,31,1170797998776.7793
2024-10-31,2024-11-30,10,Energy,0.033495691842820016,0.0630050127242688,0.0021103964907650615,22,1672685220774.4402
2024-10-31,2024-11-30,15,Materials,0.02136784170465041,0.014973222478829389,0.0003199454477361396,28,1067052837330.1199
2024-10-31,2024-11-30,20,Industrials,0.08260344168162302,0.0742529139078288,0.006133546243675911,76,4124994842152.262
2024-10-31,2024-11-30,25,Consumer Discretionary,0.10446847450364491,0.1362646076036551,0.014235355685191622,50,5216876073468.991
2024-10-31,2024-11-30,30,Consumer Staples,0.06372680756781957,0.05217729280553514,0.003325092298028114,38,3182346245780.79
2024-10-31,2024-11-30,35,Health Care,0.11186680763893225,5.520787384706126e-05,6.175928603803641e-06,62,5586329033325.189
2024-10-31,2024-11-30,40,Financials,0.13046776486794856,0.10310184008419249,0.01345146662955726,72,6515211063743.751
2024-10-31,2024-11-30,45,Information Technology,0.3107174464307017,0.04674106203002238,0.014523263437427585,69,15516397837676.432
2024-10-31,2024-11-30,50,Communication Services,0.09407402369567837,0.033347772960141873,0.003137159183650489,22,4697805014237.249
2024-10-31,2024-11-30,55,Utilities,0.024508846304956786,0.03155922313010023,0.0007734801491994637,31,1223906202173.9097
2024-10-31,2024-11-30,60,Real Estate,0.022702853761224343,0.04036664102448585,0.0009164379480107415,31,1133719767127.1108
2024-11-30,2024-12-31,10,Energy,0.034286778686613416,-0.09547533872213955,-0.003273541808795451,22,1814220707180.0598
2024-11-30,2024-12-31,15,Materials,0.020463908502750768,-0.10899534150744038,-0.002230470695834333,28,1082809408689.7601
2024-11-30,2024-12-31,20,Industrials,0.08372477033085832,-0.08338208137913877,-0.006981145613177332,76,4430139483982.5625
2024-11-30,2024-12-31,25,Consumer Discretionary,0.11195918083289351,0.02778131850675907,0.00311037366247445,50,5924110459092.382
2024-11-30,2024-12-31,30,Consumer Staples,0.06329259028086615,-0.04902530449610267,-0.0031029385108665313,38,3349008926972.8506
2024-11-30,2024-12-31,35,Health Care,0.1055724122888403,-0.062917850004739,-0.006642389201027718,62,5586166558019.181
2024-11-30,2024-12-31,40,Financials,0.13577382387100403,-0.05502954901562484,-0.007471572295748231,72,7184217712933.352
2024-11-30,2024-12-31,45,Information Technology,0.307045305566501,0.009989769954145125,0.0030673119681095405,69,16246727535785.191
2024-11-30,2024-12-31,50,Communication Services,0.09173822373510018,0.03114684689876604,0.00285735640944191,22,4854156369175.52
2024-11-30,2024-12-31,55,Utilities,0.023851957297740072,-0.0806206858878959,-0.0019229611571126085,31,1262081668034.6099
2024-11-30,2024-12-31,60,Real Estate,0.022291048606832335,-0.0912442256186885,-0.0020339294683589617,31,1179489106775.1943
2024-12-31,2025-01-31,10,Energy,0.03161579035768862,0.01972702943881415,0.0006236856271174999,22,1636389787438.1243
2024-12-31,2025-01-31,15,Materials,0.01860645730302129,0.05509262198080049,0.0010250785185972565,28,963044616838.53
2024-12-31,2025-01-31,20,Industrials,0.07900103853873458,0.0474437148462476,0.0037481027449891404,76,4088985003987.171
2024-12-31,2025-01-31,25,Consumer Discretionary,0.11782207152277772,0.044190536958332416,0.005206620606134594,50,6098308231215.548
2024-12-31,2025-01-31,30,Consumer Staples,0.06150730121410861,0.024429280253117705,0.0015025790989723863,38,3183533241488.96
2024-12-31,2025-01-31,35,Health Care,0.10076747116436105,0.06563191574617204,0.006613562177414165,61,5215585593583.791
2024-12-31,2025-01-31,40,Financials,0.1329611764245797,0.06517547207002103,0.008665807440457331,73,6881887460834.225
2024-12-31,2025-01-31,45,Information Technology,0.3177330059906044,-0.02827234912761914,-0.008983058474734271,69,16445423007070.219
2024-12-31,2025-01-31,50,Communication Services,0.09669491053042015,0.08810895828215902,0.008519687838021888,22,5004795461352.2
2024-12-31,2025-01-31,55,Utilities,0.02250713397044935,0.028410208731558313,0.0006394323740496129,31,1164938271574.42
2024-12-31,2025-01-31,60,Real Estate,0.02078364298325445,0.016840094199681074,0.00034999850565054554,31,1075732750590.1399
2025-01-31,2025-02-28,10,Energy,0.03121969225175399,0.03260505942209195,0.0010179199210078624,22,1659824916932.431
2025-01-31,2025-02-28,15,Materials,0.019284542441001615,-0.00105094488718335,-2.0266991280040967e-05,28,1025281216646.75
2025-01-31,2025-02-28,20,Industrials,0.08050344912243462,-0.015447051042737395,-0.0012435408877106606,76,4280043175150.5205
2025-01-31,2025-02-28,25,Consumer Discretionary,0.1196863222061769,-0.09961055988572066,-0.011922021565620044,50,6363238247572.883
2025-01-31,2025-02-28,30,Consumer Staples,0.06127702782878905,0.050396620690504684,0.0030881551285289817,38,3257852025113.15
2025-01-31,2025-02-28,35,Health Care,0.10445431120192826,0.015744218877086946,0.0016445515382185133,61,5553413756160.079
2025-01-31,2025-02-28,40,Financials,0.13767623206798416,0.007942248404450025,0.0010934588344726384,73,7319689079989.993
2025-01-31,2025-02-28,45,Information Technology,0.3005295634894721,-0.014460910980505323,-0.004345931264631378,69,15977942823143.219
2025-01-31,2025-02-28,50,Communication Services,0.102261671818179,-0.0586490944135791,-0.005997554445354821,22,5436839977865.069
2025-01-31,2025-02-28,55,Utilities,0.022531306420698016,0.011539084316147448,0.0002599906445413888,31,1197898541296.9001
2025-01-31,2025-02-28,60,Real Estate,0.02057588115158247,0.041264278746129555,0.0008490488952861323,31,1093936479188.6501
2025-02-28,2025-03-31,10,Energy,0.03278199235551443,0.03670362177502303,0.001203217848448498,22,1714050364359.3179
2025-02-28,2025-03-31,15,Materials,0.01953733050257433,-0.029874333200395328,-0.0005836647212801527,28,1021535485194.8999
2025-02-28,2025-03-31,20,Industrials,0.08055546816124526,-0.0357170060911169,-0.0028772001469879703,76,4211950514035.5303
2025-02-28,2025-03-31,25,Consumer Discretionary,0.10946886281941695,-0.09119459338437083,-0.0099829684330662,50,5723726067859.286
2025-02-28,2025-03-31,30,Consumer Staples,0.06538078368116773,-0.03524969026316399,-0.0023046523739240895,38,3418521817571.9595
2025-02-28,2025-03-31,35,Health Care,0.10774969228265564,-0.020308615562972712,-0.002188247077597061,61,5633836934429.73
2025-02-28,2025-03-31,40,Financials,0.14100441763569885,-0.04735940549859689,-0.006677885391902569,73,7372604776539.374
2025-02-28,2025-03-31,45,Information Technology,0.30063733888071686,-0.08944308063070631,-0.026889929742108937,68,15719225807269.33
2025-02-28,2025-03-31,50,Communication Services,0.09788177875780571,-0.08089591163646219,-0.007918235725211192,22,5117879862958.749
2025-02-28,2025-03-31,55,Utilities,0.023183731411993112,0.0007383435777290335,1.7117559195839972e-05,31,1212192439159.385
2025-02-28,2025-03-31,60,Real Estate,0.02181860351121107,-0.030384812174040068,-0.0006629541695879995,31,1140814899003.9
2025-03-31,2025-04-30,10,Energy,0.03643341132540108,-0.13792291816676985,-0.005025002408769559,23,1794240412675.1726
2025-03-31,2025-04-30,15,Materials,0.019867410842427408,-0.022869888688899203,-0.00045436547450294397,26,978412674847.4801
2025-03-31,2025-04-30,20,Industrials,0.08226499524158072,0.0028788868484583416,0.00023683161288947478,76,4051313715662.61
2025-03-31,2025-04-30,25,Consumer Discretionary,0.10739290568831107,-0.002884417044893502,-0.0003097659276680048,51,5288790821688.446
2025-03-31,2025-04-30,30,Consumer Staples,0.06687961535737318,0.019991723844883864,0.0013370388010766584,38,3293628136729.2197
2025-03-31,2025-04-30,35,Health Care,0.11186989143922876,-0.03470635623840568,-0.003882596304641643,60,5509269455696.209
2025-03-31,2025-04-30,40,Financials,0.14240228104102223,-0.022968403270913575,-0.0032707530176481693,73,7012901570454.764
2025-03-31,2025-04-30,45,Information Technology,0.29024120718410246,0.016290663837227142,0.004728221937947208,68,14293542229746.482
2025-03-31,2025-04-30,50,Communication Services,0.09545400792303536,0.003696128261173946,0.0003528102563266528,23,4700834545458.0
2025-03-31,2025-04-30,55,Utilities,0.024659459556575457,0.0005472556768737871,1.3495029230975481e-05,31,1214407250969.9202
2025-03-31,2025-04-30,60,Real Estate,0.022534814400942453,-0.013448153628094562,-0.0003030516460444718,31,1109774605764.57
2025-04-30,2025-05-31,10,Energy,0.031636657590477076,0.003514656318946168,0.0001111919785107065,23,1546577752670.245
2025-04-30,2025-05-31,15,Materials,0.019696278548444433,0.027819526011857335,0.0005479411334152375,26,962864870484.6001
2025-04-30,2025-05-31,20,Industrials,0.08302452802750222,0.08514217283312478,0.007068888714706206,76,4058705873275.72
2025-04-30,2025-05-31,25,Consumer Discretionary,0.10776580946572531,0.09777348527189059,0.010536638784610461,51,5268198858919.912
2025-04-30,2025-05-31,30,Consumer Staples,0.06870584085102102,0.01593827863697057,0.0010950528354709283,38,3358727913490.98
2025-04-30,2025-05-31,35,Health Care,0.10863210834869129,-0.05918384033131736,-0.0064292653553633125,60,5310548420523.46
2025-04-30,2025-05-31,40,Financials,0.13988810505164812,0.048484396352269976,0.006782390330292087,73,6838517328113.694
2025-04-30,2025-05-31,45,Information Technology,0.2970393175025869,0.1085938400388574,0.032256640130127294,68,14520952436395.691
2025-04-30,2025-05-31,50,Communication Services,0.09630074472706698,0.09082832088387631,0.008746834943426299,23,4707722013127.249
2025-04-30,2025-05-31,55,Utilities,0.02488617443728017,0.03305955269178278,0.0008227257951061615,31,1216576170339.62
2025-04-30,2025-05-31,60,Real Estate,0.02242443544955655,0.00863806004071729,0.00019370361979245871,31,1096232523403.9099
2025-05-31,2025-06-30,10,Energy,0.029891131464981374,0.0464948499418537,0.0013897836720565306,23,1552769110468.9492
2025-05-31,2025-06-30,15,Materials,0.019029399532540226,0.020081911328202966,0.0003821467140414198,26,988529451269.44
2025-05-31,2025-06-30,20,Industrials,0.08479116867792243,0.033181171346289326,0.0028134702965542644,76,4404687983052.311
2025-05-31,2025-06-30,25,Consumer Discretionary,0.11130514255650621,0.02142953782107126,0.0023852177620943783,51,5782022249661.72
2025-05-31,2025-06-30,30,Consumer Staples,0.06565007446843193,-0.021090738524170937,-0.0013846085547060483,38,3410356274201.04
2025-05-31,2025-06-30,35,Health Care,0.09615267935192413,0.019841317154955136,0.001907795806320233,60,4994889891050.381
2025-05-31,2025-06-30,40,Financials,0.13900121747662786,0.03385627630562116,0.004706063625706449,73,7220763692674.05
2025-05-31,2025-06-30,45,Information Technology,0.3098399829571119,0.09973441468178205,0.030901709345240884,68,16095407940233.648
2025-05-31,2025-06-30,50,Communication Services,0.09885564319064928,0.06780198130371046,0.0067026084713786745,23,5135302065156.401
2025-05-31,2025-06-30,55,Utilities,0.024197651181548752,0.0005589847853335547,1.3526118851294265e-05,31,1257007127503.02
2025-05-31,2025-06-30,60,Real Estate,0.021285909141755852,-0.0051059101674252325,-0.00010868393990978091,31,1105749450879.4
2025-06-30,2025-07-31,10,Energy,0.02965582403015999,0.02838736350159439,0.0008418506566834695,23,1615090630818.5088
2025-06-30,2025-07-31,15,Materials,0.0184816793196508,-0.005360057134658082,-9.906285709775699e-05,26,1006533727762.99
2025-06-30,2025-07-31,20,Industrials,0.08327868519591586,0.028788218998685004,0.0023974450273425724,76,4535453948945.02
2025-06-30,2025-07-31,25,Consumer Discretionary,0.10862759479465842,0.027182940284112857,0.0029528174225100083,51,5915985016055.4
2025-06-30,2025-07-31,30,Consumer Staples,0.0612423301909839,-0.022035219090412925,-0.0013494881633657402,38,3335328453539.4497
2025-06-30,2025-07-31,35,Health Care,0.0934692177774866,-0.03467561623372947,-0.0032411027253190098,60,5090442192697.989
2025-06-30,2025-07-31,40,Financials,0.13658181252441004,-0.0002461244343709772,-3.361612135293327e-05,73,7438404190827.49
2025-06-30,2025-07-31,45,Information Technology,0.3247053857661977,0.05333606037477351,0.01731850605924004,68,17683832551540.336
2025-06-30,2025-07-31,50,Communication Services,0.10056029632603836,0.02243483256229514,0.0022560534104894537,23,5476630568867.091
2025-06-30,2025-07-31,55,Utilities,0.023143132573168378,0.04893646470683294,0.00113254309037241,31,1260401887625.8901
2025-06-30,2025-07-31,60,Real Estate,0.02025404150133,-0.0015304209319216523,-3.099720906964528e-05,31,1103058631307.6
2025-07-31,2025-08-31,10,Energy,0.029767492326691996,0.02872377146058617,0.0008550346465466533,22,1658743825158.49
2025-07-31,2025-08-31,15,Materials,0.017946616707038433,0.05575645339131403,0.001000639697957766,26,1000045261407.29
2025-07-31,2025-08-31,20,Industrials,0.08364970628056788,-0.0023963192376212855,-0.00020045140038149487,76,4661240263251.72
2025-07-31,2025-08-31,25,Consumer Discretionary,0.10896257831637796,0.03240119978907173,0.0035305182695613375,51,6071757807881.35
2025-07-31,2025-08-31,30,Consumer Staples,0.0585788206325306,0.011567900041256431,0.0006776339416118038,38,3264207006182.6704
2025-07-31,2025-08-31,35,Health Care,0.0881270847562802,0.050990998980144676,0.004493688088930607,60,4910734705644.699
2025-07-31,2025-08-31,40,Financials,0.13427664357791336,0.029081749768300875,0.003904999748260201,74,7482341843022.92
2025-07-31,2025-08-31,45,Information Technology,0.3341184202235285,0.000652853267016364,0.00021813030221327697,67,18618191291865.418
2025-07-31,2025-08-31,50,Communication Services,0.10105341532376388,0.03842376367684401,0.003882852549138271,24,5631032901255.381
2025-07-31,2025-08-31,55,Utilities,0.02372918283810366,-0.020163842349556493,-0.00047847150183132374,31,1322269107413.77
2025-07-31,2025-08-31,60,Real Estate,0.019790039017203512,0.020815390532782713,0.0004119373908020985,31,1102766892795.9001
2025-08-31,2025-09-30,10,Energy,0.03006517095171585,-0.005370784045226658,-0.00016147354046448749,22,1706140897082.2407
2025-08-31,2025-09-30,15,Materials,0.01859983037774895,-0.02362706649807791,-0.00043945942918804405,26,1055504767866.92
2025-08-31,2025-09-30,20,Industrials,0.08192875823047754,0.017711373697873754,0.0014510708536227379,76,4649300191529.544
2025-08-31,2025-09-30,25,Consumer Discretionary,0.11042925709699336,0.03449919964667772,0.0038097209874234763,51,6266648943063.37
2025-08-31,2025-09-30,30,Consumer Staples,0.05797753807200308,-0.009572815916400218,-0.0005550082992493707,37,3290114297891.3203
2025-08-31,2025-09-30,35,Health Care,0.09091442960265142,0.016501240829984203,0.0015002008977939962,60,5159219840429.195
2025-08-31,2025-09-30,40,Financials,0.13612315574237868,-0.001749534397222846,-0.00023815214322981407,75,7724728504785.471
2025-08-31,2025-09-30,45,Information Technology,0.32814269918387,0.07355055610571005,0.024135078007002368,67,18621470007793.332
2025-08-31,2025-09-30,50,Communication Services,0.10315153622743853,0.0553008696336115,0.005704369657420332,24,5853652215619.59
2025-08-31,2025-09-30,55,Utilities,0.022829478779150994,0.03936367696631548,0.000898652227971854,31,1295529217736.17
2025-08-31,2025-09-30,60,Real Estate,0.019838145735571532,-0.0015357403625172437,-3.046624112361654e-05,31,1125776793888.63
2025-09-30,2025-10-31,10,Energy,0.028617474091480903,-0.0126589326521924,-0.00036226667719991765,22,1692614092077.1628
2025-09-30,2025-10-31,15,Materials,0.01739509799910863,-0.05008324830232728,-0.0008712030123326739,26,1028853486937.1799
2025-09-30,2025-10-31,20,Industrials,0.08030912181392529,0.0016432979997595594,0.00013197181923927021,77,4749977264592.23
2025-09-30,2025-10-31,25,Consumer Discretionary,0.11030870194666571,0.02608924843045674,0.0028778711291277685,50,6524337640590.279
2025-09-30,2025-10-31,30,Consumer Staples,0.055090954647847884,-0.024103426431746528,-0.001327880772409086,37,3258419170219.1504
2025-09-30,2025-10-31,35,Health Care,0.08851035736489173,0.03669049077164053,0.003247488450091165,60,5235048966645.149
2025-09-30,2025-10-31,40,Financials,0.1317623510415679,-0.027915437910810664,-0.003678203729483327,75,7793238895412.06
2025-09-30,2025-10-31,45,Information Technology,0.3417168654472291,0.0593842283222785,0.020292592359291574,67,20211245063329.94
2025-09-30,2025-10-31,50,Communication Services,0.10439467714629293,0.01692496340494525,0.001766876090372082,24,6174545702769.16
2025-09-30,2025-10-31,55,Utilities,0.022818322632794766,0.020008328649656397,0.00045655649847085053,31,1349616472871.35
2025-09-30,2025-10-31,60,Real Estate,0.01907607586819509,-0.027571272229966266,-0.0005259516808414969,31,1128276895886.21
2025-10-31,2025-11-30,10,Energy,0.027690210179522615,0.017445800201832742,0.0004830778743387067,22,1668386759118.3245
2025-10-31,2025-11-30,15,Materials,0.0163172708631782,0.04191912038159133,0.0006840056416125998,27,983145973850.5702
2025-10-31,2025-11-30,20,Industrials,0.07656462656327441,-0.008984673750966806,-0.0006879081905356275,76,4613161415057.5
2025-10-31,2025-11-30,25,Consumer Discretionary,0.11094581108146596,-0.025767633602498802,-0.0028588110096792662,49,6684691845526.18
2025-10-31,2025-11-30,30,Consumer Staples,0.05273700906709112,0.046110055681194556,0.0024317064245432335,37,3177503062367.68
2025-10-31,2025-11-30,35,Health Care,0.08996459043745578,0.09495188161211096,0.00854230714049935,60,5420534206936.159
2025-10-31,2025-11-30,40,Financials,0.12520150107435865,0.01577201315927317,0.0019746797225055385,75,7543623730551.25
2025-10-31,2025-11-30,45,Information Technology,0.35539877161877287,-0.04683890622096056,-0.016646489734896283,67,21413438212692.547
2025-10-31,2025-11-30,50,Communication Services,0.10410750462429433,0.06356462371197387,0.006617554357035848,24,6272671139508.73
2025-10-31,2025-11-30,55,Utilities,0.0228512761406821,0.013239401448477775,0.0003025372184365122,31,1376831966781.69
2025-10-31,2025-11-30,60,Real Estate,0.018221428349904076,0.018450039566273675,0.00033618607400975106,31,1097875010486.01
2025-11-30,2025-12-31,10,Energy,0.028129250701652765,0.0007905105991615865,2.2236470826130005e-05,22,1697493101177.2856
2025-11-30,2025-12-31,15,Materials,0.016466305653818118,0.018756465307420783,0.00030884969073722624,26,993678805940.9799
2025-11-30,2025-12-31,20,Industrials,0.07575701252032906,0.012945922358305663,0.00098074440218537,76,4571647054626.45
2025-11-30,2025-12-31,25,Consumer Discretionary,0.10788042469495214,0.008052993864723449,0.0008687603981922096,49,6510172582058.76
2025-11-30,2025-12-31,30,Consumer Staples,0.05507062802642833,-0.016483839911162847,-0.0009077754161948425,37,3323302570120.361
2025-11-30,2025-12-31,35,Health Care,0.09835128730532726,-0.015094401353666001,-0.0014845538042363255,60,5935125448716.2295
2025-11-30,2025-12-31,40,Financials,0.12694499949499963,0.03155899639314481,0.004006256781190463,75,7660647030994.489
2025-11-30,2025-12-31,45,Information Technology,0.33920876345021095,-0.003512280761287749,-0.001191396413926383,69,20469956413797.35
2025-11-30,2025-12-31,50,Communication Services,0.1105432236793452,-0.011201172646876811,-0.0012382137333746665,23,6670862354913.73
2025-11-30,2025-12-31,55,Utilities,0.023117987081123552,-0.05327493696846017,-0.0012316093045845336,31,1395082435701.25
2025-11-30,2025-12-31,60,Real Estate,0.01853011739181305,-0.027957785715593736,-0.000518061051325106,31,1118221980749.73
2025-12-31,2026-01-31,10,Energy,0.02800127495263654,0.14318478115818983,0.004009356426243565,22,1698617698642.1902
2025-12-31,2026-01-31,15,Materials,0.017886966756283446,0.08651974649071056,0.0015475758292414113,26,1085061960879.99
2025-12-31,2026-01-31,20,Industrials,0.07681749450231168,0.06600538200127586,0.005070368069005991,77,4659914805582.44
2025-12-31,2026-01-31,25,Consumer Discretionary,0.11213708309447101,0.013000103877274379,0.0014577937287226718,48,6802477185077.01
2025-12-31,2026-01-31,30,Consumer Staples,0.05335087702643082,0.07417181634224504,0.003957131452502127,36,3236379204463.5293
2025-12-31,2026-01-31,35,Health Care,0.09632070010076754,-0.002409532498059722,-0.00023208785712866374,60,5843021298620.01
2025-12-31,2026-01-31,40,Financials,0.13067349691187194,-0.02527369136044329,-0.003302601629940491,76,7926936004643.3
2025-12-31,2026-01-31,45,Information Technology,0.33610043727528155,-0.019589265677970355,-0.006583960760267501,69,20388577028826.23
2025-12-31,2026-01-31,50,Communication Services,0.10889059569639312,0.055643544250940806,0.006059058680143555,23,6605538261327.2295
2025-12-31,2026-01-31,55,Utilities,0.021876348505393932,0.013287593373514543,0.0002906840234369672,31,1327066457358.86
2025-12-31,2026-01-31,60,Real Estate,0.01794472517815837,0.02763233891591663,0.0004958547278758545,31,1088565711255.9401
