Date,Next_Date,PiT_Active_Count,Priced_Constituent_Count,Extinguished_Predecessor_Count,Extinguished_Predecessors,Unavailable_Member_Count,Unavailable_Members,Valid_Constituent_Count,Dropped_Constituent_Count,Missing_Price_Count,Missing_Shares_Count,Unknown_Sector_Count,Benchmark_Market_Cap,Sector_Weight_Sum,Reconstructed_Benchmark_Return,SP500TR_Return,Return_Diff,Abs_Return_Diff,Benchmark_Return_Correlation,Mean_Absolute_Return_Diff,Max_Absolute_Return_Diff,Cumulative_Reconstructed_Benchmark,Cumulative_SP500TR
2024-01-31,2024-02-29,503,503,0,,0,,503,0,0,0,0,42270696488276.01,1.0,0.05145184992617817,0.05339588463681255,-0.001944034710634382,0.001944034710634382,0.999617967059673,0.0010403237960558585,0.002528552510625906,0.05145184992617824,0.05339588463681255
2024-02-29,2024-03-31,503,503,0,,0,,503,0,0,0,0,44439515500258.95,1.0,0.030893461597812772,0.032174685531384695,-0.0012812239335719226,0.0012812239335719226,0.999617967059673,0.0010403237960558585,0.002528552510625906,0.08393483727382178,0.08728856596505685
2024-03-31,2024-04-30,503,503,0,,0,,503,0,0,0,0,45835014365567.66,1.0,-0.04076345045624365,-0.040845058737709494,8.160828146584753e-05,8.160828146584753e-05,0.999617967059673,0.0010403237960558585,0.002528552510625906,0.03974991323681376,0.04287820062337411
2024-04-30,2024-05-31,503,502,1,MMM,0,,502,0,0,0,0,43872398378917.734,1.0,0.047842620087254206,0.04958517990102096,-0.001742559813766753,0.001742559813766753,0.999617967059673,0.0010403237960558585,0.002528552510625906,0.08949427332155802,0.09458950381613707
2024-05-31,2024-06-30,503,502,1,MMM,0,,502,0,0,0,0,45961445122495.71,1.0,0.03578366206082315,0.035881770581602135,-9.810852077898197e-05,9.810852077898197e-05,0.999617967059673,0.0010403237960558585,0.002528552510625906,0.12848036821529885,0.13386531327309736
2024-06-30,2024-07-31,503,502,1,MMM,0,,502,0,0,0,0,47740781549201.625,1.0,0.010994074754491533,0.012172471865234513,-0.0011783971107429802,0.0011783971107429802,0.999617967059673,0.0010403237960558585,0.002528552510625906,0.14088696574243387,0.1476672568978794
2024-07-31,2024-08-31,503,502,1,MMM,0,,502,0,0,0,0,48233203023277.47,1.0000000000000002,0.022869308805127626,0.024256361140686522,-0.0013870523355588964,0.0013870523355588964,0.999617967059673,0.0010403237960558585,0.002528552510625906,0.16697826207374278,0.17550548835053537
2024-08-31,2024-09-30,503,502,1,MMM,0,,502,0,0,0,0,49319510995105.25,0.9999999999999999,0.02149060434943093,0.02135705185853687,0.0001335524908940601,0.0001335524908940601,0.999617967059673,0.0010403237960558585,0.002528552510625906,0.19205733018835613,0.20061082002523256
2024-09-30,2024-10-31,504,502,2,J;MMM,0,,502,0,0,0,0,50457139174796.914,1.0000000000000002,-0.009393366107049458,-0.009068007656306443,-0.0003253584507430154,0.0003253584507430154,0.999617967059673,0.0010403237960558585,0.002528552510625906,0.180859899265305,0.18972367191699946
2024-10-31,2024-11-30,503,501,2,J;MMM,0,,501,0,0,0,0,49937324137790.25,0.9999999999999999,0.058932319441846195,0.05870056801882817,0.00023175142301802565,0.00023175142301802565,0.999617967059673,0.0010403237960558585,0.002528552510625906,0.25045071206487446,0.2595611272439733
2024-11-30,2024-12-31,503,501,2,J;MMM,0,,501,0,0,0,0,52913127936640.66,1.0,-0.024623906710895267,-0.02383809436408557,-0.0007858123468096959,0.0007858123468096959,0.999617967059673,0.0010403237960558585,0.002528552510625906,0.21965973038441633,0.2295355902353975
2024-12-31,2025-01-31,503,501,2,J;MMM,0,,501,0,0,0,0,51758623425973.33,0.9999999999999999,0.027911496456670147,0.027847318318425573,6.417813824457358e-05,6.417813824457358e-05,0.999617967059673,0.0010403237960558585,0.002528552510625906,0.25370225862738427,0.2637748592005158
2025-01-31,2025-02-28,503,501,2,J;MMM,0,,501,0,0,0,0,53165960239059.64,1.0000000000000002,-0.015576190192541431,-0.013047637681915525,-0.002528552510625906,0.002528552510625906,0.999617967059673,0.0010403237960558585,0.002528552510625906,0.23417435380218543,0.24728558272615375
2025-02-28,2025-03-31,503,500,3,J;MMM;WDC.O,0,,500,0,0,0,0,52286338968381.47,1.0,-0.05886540237402183,-0.056344280446628536,-0.0025211219273932953,0.0025211219273932953,0.999617967059673,0.0010403237960558585,0.002528552510625906,0.16152418386592138,0.17700817405599478
2025-03-31,2025-04-30,503,500,3,J;MMM;WDC.O,0,,500,0,0,0,0,49247115419692.87,1.0000000000000002,-0.0065771371418038216,-0.006781463483622074,0.00020432634181825286,0.00020432634181825286,0.999617967059673,0.0010403237960558585,0.002528552510625906,0.15388468001511346,0.16902633610370943
2025-04-30,2025-05-31,503,500,3,J;MMM;WDC.O,0,,500,0,0,0,0,48885624160745.08,1.0,0.06173274291009453,0.06294523524457785,-0.0012124923344833186,0.0012124923344833186,0.999617967059673,0.0010403237960558585,0.002528552510625906,0.22511714631438307,0.24261097383686425
2025-05-31,2025-06-30,503,500,3,J;MMM;WDC.O,0,,500,0,0,0,0,51947485236150.36,1.0,0.0497090293176283,0.05085243875141643,-0.0011434094337881284,0.0011434094337881284,0.999617967059673,0.0010403237960558585,0.002528552510625906,0.286016530458054,0.3058007722757412
2025-06-30,2025-07-31,503,500,3,J;MMM;WDC.O,0,,500,0,0,0,0,54461161799987.766,1.0,0.02214494859043287,0.022442682801333103,-0.0002977342109002322,0.0002977342109002322,0.999617967059673,0.0010403237960558585,0.002528552510625906,0.3144953004114943,0.33510644480966145
2025-07-31,2025-08-31,503,500,3,J;MMM;WDC.O,0,,500,0,0,0,0,55723330905879.61,1.0,0.0182965117328092,0.020271783333383198,-0.0019752716005739974,0.0019752716005739974,0.999617967059673,0.0010403237960558585,0.002528552510625906,0.3385459790981957,0.36217143338584634
2025-08-31,2025-09-30,503,500,3,J;MMM;WDC.O,0,,500,0,0,0,0,56748085677685.78,1.0,0.03607453297797944,0.03649995166573006,-0.0004254186877506172,0.0004254186877506172,0.999617967059673,0.0010403237960558585,0.002528552510625906,0.3868334001637155,0.41189062486486794
2025-09-30,2025-10-31,503,500,3,J;MMM;WDC.O,0,,500,0,0,0,0,59146173651329.875,0.9999999999999999,0.02200785047432621,0.023413709984486886,-0.0014058595101606765,0.0014058595101606765,0.999617967059673,0.0010403237960558585,0.002528552510625906,0.4173546222673199,0.4449482224852699
2025-10-31,2025-11-30,503,499,4,HON.O;J;MMM;WDC.O,0,,499,0,0,0,0,60251863322876.64,1.0,0.0011788455178703633,0.0024508748642451117,-0.0012720293463747484,0.0012720293463747484,0.999617967059673,0.0010403237960558585,0.002528552510625906,0.4190254644110125,0.4484896097638946
2025-11-30,2025-12-31,503,499,4,HON.O;J;MMM;WDC.O,0,,499,0,0,0,0,60346189778796.625,1.0,-0.00038476198051045827,0.0006120873971435792,-0.0009968493776540376,0.0009968493776540376,0.999617967059673,0.0010403237960558585,0.002528552510625906,0.418479477362931,0.44937621199892464
2025-12-31,2026-01-31,503,499,4,HON.O;J;MMM;WDC.O,0,,499,0,0,0,0,60662155616676.73,1.0,0.01276917268983549,0.014500240957423749,-0.0017310682675882594,0.0017310682675882594,0.999617967059673,0.0010403237960558585,0.002528552510625906,0.4365922867663661,0.4703925163108671
