Attribution_Method,Date,Next_Date,Side,Side_Gross_Exposure,Portfolio_Return,Benchmark_Return,Active_Return,Allocation_Effect,Selection_Effect,Interaction_Effect,Total_Effect,Residual,Scaled_Portfolio_Return,Scaled_Benchmark_Return,Scaled_Active_Return,Scaled_Allocation_Effect,Scaled_Selection_Effect,Scaled_Interaction_Effect,Scaled_Total_Effect,Scaled_Residual
Brinson-Fachler,2024-01-31,2024-02-29,Combined,1.50088028163016,,,,,,,,,0.01853642000688003,0.030890738752578993,-0.012354318745698967,0.0031206318808032238,-0.013054464683492062,-0.002420485943010112,-0.01235431874569895,-1.734723475976807e-17
Brinson-Fachler,2024-01-31,2024-02-29,Long,1.05063089,0.03347476295885419,0.05145184992617817,-0.01797708696732398,0.0027774017559491623,-0.016783421885738392,-0.003971066837534737,-0.017977086967323967,-1.3877787807814457e-17,0.03516962000000001,0.05405690288008701,-0.018887282880086998,0.0029180240787404312,-0.017633181473058805,-0.004172125485768607,-0.01888728288008698,-1.4580432555755253e-17
Brinson-Fachler,2024-01-31,2024-02-29,Short,0.45024939163016,-0.03694219315410577,-0.05145184992617817,0.014509656772072402,0.00044999017395500854,0.01016929034149091,0.003890376256626489,0.014509656772072407,-5.204170427930421e-18,-0.016633199993119983,-0.023166164127508014,0.00653296413438803,0.00020260780206279245,0.004578716789566744,0.0017516395427584956,0.006532964134388032,-2.3431745691153415e-18
Brinson-Fachler,2024-02-29,2024-03-31,Combined,1.5132616235243341,,,,,,,,,0.032903855045348276,0.0187771154544655,0.014126739590882773,0.0026835660161131343,0.0047828633689111655,0.0066603102058584805,0.01412673959088278,-6.938893903907228e-18
Brinson-Fachler,2024-02-29,2024-03-31,Long,1.060531936519823,0.03685897562651494,0.030893461597812776,0.005965514028702164,0.00189569183425529,-0.004439435515903287,0.008509257710350169,0.005965514028702171,-6.938893903907228e-18,0.03909012079932484,0.03276350265412917,0.006326618145195677,0.002010441732027578,-0.004708163144735792,0.0090243395579039,0.006326618145195684,-7.358918589216327e-18
Brinson-Fachler,2024-02-29,2024-03-31,Short,0.45272968700451127,-0.013664369559920035,-0.030893461597812776,0.01722909203789274,0.0014868127790322026,0.02096400299358408,-0.005221723734723547,0.017229092037892735,3.469446951953614e-18,-0.0061862657539765685,-0.013986387199663667,0.007800121445687097,0.0006731242840855566,0.009491026513646958,-0.002364029352045419,0.007800121445687095,1.5707216326367154e-18
Brinson-Fachler,2024-03-31,2024-04-30,Combined,1.5348818250981826,,,,,,,,,-0.04588097427890618,-0.025302518072992487,-0.020578456205913705,0.00544471003745498,-0.04471052844947099,0.0186873622061023,-0.020578456205913705,0.0
Brinson-Fachler,2024-03-31,2024-04-30,Long,1.077798816379543,-0.06673506944751159,-0.040763450456243654,-0.025971618991267938,0.010105103867461163,-0.0436816408452091,0.007604917986479989,-0.025971618991267945,6.938893903907228e-18,-0.07192697886153458,-0.04393479865328555,-0.02799218020824904,0.010891268987741983,-0.04708002080048266,0.008196571604491628,-0.02799218020824905,7.478731636614436e-18
Brinson-Fachler,2024-03-31,2024-04-30,Short,0.4570830087186398,0.05698309516173937,0.040763450456243654,0.016219644705495716,-0.011915907715658852,0.005183943191531374,0.022951609229623193,0.016219644705495716,0.0,0.026046004582628398,0.01863228058029306,0.0074137240023353385,-0.0054465589502870025,0.0023694923510116685,0.010490790601610673,0.0074137240023353385,0.0
Brinson-Fachler,2024-04-30,2024-05-31,Combined,1.484126163965258,,,,,,,,,0.08582046815263344,0.028038588638388002,0.05778187951424544,0.025941434917981048,0.03663369341891237,-0.004793248822647972,0.05778187951424545,-1.3877787807814457e-17
Brinson-Fachler,2024-04-30,2024-05-31,Long,1.0350924832492392,0.09292382074413101,0.04784262008725422,0.04508120065687679,0.017856891924601707,0.02921911086088496,-0.0019948021286098714,0.0450812006568768,-6.938893903907228e-18,0.09618474836704974,0.0495215364312659,0.04666321193578383,0.018483534605349267,0.03024448201932823,-0.00206480468889366,0.046663211935783835,-7.18239692199834e-18
Brinson-Fachler,2024-04-30,2024-05-31,Short,0.44903368071601885,-0.02308129803958056,-0.04784262008725422,0.02476132204767366,0.016608777098278203,0.014228802145522915,-0.006076257196127465,0.024761322047673652,6.938893903907228e-18,-0.010364280214416289,-0.0214829477928779,0.011118667578461612,0.007457900312631781,0.006389211399584141,-0.002728444133754312,0.011118667578461609,3.115797069769408e-18
Brinson-Fachler,2024-05-31,2024-06-30,Combined,1.5094981459647538,,,,,,,,,-0.017782051500019047,0.023041236004601888,-0.04082328750462093,-0.016012161843746042,-0.004560195679361043,-0.02025092998151385,-0.040823287504620935,6.938893903907228e-18
Brinson-Fachler,2024-05-31,2024-06-30,Long,1.0767009733417872,-0.023499979782629476,0.03578366206082315,-0.059283641843452625,-0.019293724197596014,-0.025777325902659073,-0.014212591743197552,-0.05928364184345264,1.3877787807814457e-17,-0.025302451105469477,0.03852830377062187,-0.06383075487609134,-0.02077357162293962,-0.027754471889541485,-0.015302711363610251,-0.06383075487609136,1.4942227640504612e-17
Brinson-Fachler,2024-05-31,2024-06-30,Short,0.43279717262296674,0.017376267871328867,-0.03578366206082315,0.05315992993215202,0.011001480786801498,0.05359156130713969,-0.011433112161789154,0.05315992993215204,-2.0816681711721685e-17,0.007520399605450431,-0.015487067766019984,0.023007467371470414,0.00476140977919358,0.023194276210180442,-0.004948218617903601,0.02300746737147042,-9.009400988225365e-18
Brinson-Fachler,2024-06-30,2024-07-31,Combined,1.5580843257639878,,,,,,,,,-0.1044493332460096,0.007183245535948044,-0.11163257878195765,0.010414875611463868,-0.05790872418059788,-0.06413873021282365,-0.11163257878195766,1.3877787807814457e-17
Brinson-Fachler,2024-06-30,2024-07-31,Long,1.1057292964679009,-0.059273092962318905,0.010994074754491533,-0.07026716771681044,0.006290565261470429,-0.028352784858518276,-0.04820494811976259,-0.07026716771681044,0.0,-0.06553999538070136,0.012156470543599432,-0.0776964659243008,0.006955662300951114,-0.03135050485451517,-0.05330162337073675,-0.0776964659243008,0.0
Brinson-Fachler,2024-06-30,2024-07-31,Short,0.45235502929608695,-0.08601504425816897,-0.010994074754491533,-0.07502096950367744,0.007647120262806986,-0.05871100707647742,-0.023957082690007007,-0.07502096950367744,0.0,-0.038909337865308244,-0.004973225007651388,-0.03393611285765685,0.003459213310512754,-0.02655821932608271,-0.010837106842086898,-0.03393611285765685,0.0
Brinson-Fachler,2024-07-31,2024-08-31,Combined,1.6408522374985726,,,,,,,,,0.05917906347321359,0.014720523010773055,0.044458540462440535,0.004172951129489866,0.040932945145684234,-0.0006473558127335587,0.04445854046244054,-6.938893903907228e-18
Brinson-Fachler,2024-07-31,2024-08-31,Long,1.1422662569058122,0.02892662396745244,0.022869308805127626,0.006057315162324814,0.004283782154981949,0.0013641925019095488,0.0004093405054333161,0.006057315162324814,0.0,0.03304190648422385,0.026122839766856264,0.006919066717367587,0.004893219807571144,0.0015582710628551954,0.00046757584694124725,0.006919066717367587,0.0
Brinson-Fachler,2024-07-31,2024-08-31,Short,0.4985859805927605,0.052422567032301456,-0.022869308805127626,0.07529187583742908,-0.0014446228055288739,0.07897268598691273,-0.0022361873439547624,0.07529187583742909,-1.3877787807814457e-17,0.02613715698898974,-0.011402316756083209,0.037539473745072945,-0.0007202686780812783,0.03937467408282904,-0.0011149316596748059,0.03753947374507295,-6.919270442617427e-18
Brinson-Fachler,2024-08-31,2024-09-30,Combined,1.5528744996274404,,,,,,,,,0.10480701719060234,0.0141909099857265,0.09061610720487585,0.010900373854442362,0.018088653414192458,0.06162707993624103,0.09061610720487585,0.0
Brinson-Fachler,2024-08-31,2024-09-30,Long,1.106602696885065,0.10708947350903589,0.02149060434943093,0.08559886915960496,0.012801528107036874,0.016501080587010507,0.05629626046555757,0.08559886915960496,0.0,0.11850550019310084,0.023781560730770174,0.09472393946233068,0.014166205527496966,0.01826014027910362,0.06229759365573008,0.09472393946233068,0.0
Brinson-Fachler,2024-08-31,2024-09-30,Short,0.4462718027423754,-0.030695380972582714,-0.02149060434943093,-0.009204776623151785,-0.007318032761617048,-0.00038426551679348925,-0.0015024783447412367,-0.009204776623151775,-1.0408340855860843e-17,-0.013698483002498495,-0.009590650745043674,-0.004107832257454822,-0.003265831673054604,-0.00017148686491116097,-0.0006705137194890519,-0.004107832257454817,-4.644949037302137e-18
Brinson-Fachler,2024-09-30,2024-10-31,Combined,1.4823597663957213,,,,,,,,,0.015301951875501303,-0.006239732403419892,0.021541684278921194,-0.0021116801460784014,0.01464077502185521,0.009012589403144386,0.021541684278921197,-3.469446951953614e-18
Brinson-Fachler,2024-09-30,2024-10-31,Long,1.073314941722682,0.00396009840062046,-0.00939336610704946,0.013353464507669919,-0.006493386475927094,0.004027842279234645,0.01581900870436237,0.01335346450766992,-1.734723475976807e-18,0.004250432784078035,-0.010082040195767607,0.014332472979845641,-0.00696944872699254,0.004323143301204887,0.016978778405633294,0.014332472979845643,-1.861904626523015e-18
Brinson-Fachler,2024-09-30,2024-10-31,Short,0.40904482467303926,0.027017868030128605,0.00939336610704946,0.017624501923079145,0.011875883247751847,0.025223719011473838,-0.01947510033614654,0.017624501923079145,0.0,0.011051519091423267,0.0038423077923477158,0.007209211299075553,0.004857768580914138,0.010317631720650323,-0.007966189002488909,0.007209211299075553,0.0
Brinson-Fachler,2024-10-31,2024-11-30,Combined,1.4156853143270183,,,,,,,,,0.16339667345227188,0.03684672059834901,0.12654995285392284,0.0006019181883991603,0.10341221232821282,0.02253582233731087,0.12654995285392284,0.0
Brinson-Fachler,2024-10-31,2024-11-30,Long,1.020461615210027,0.17878937697368597,0.058932319441846195,0.11985705753183977,-0.0034765684161149374,0.11258394978367725,0.010749676164277458,0.11985705753183977,0.0,0.182447696408962,0.060138169885699644,0.12230952652326234,-0.0035477046212968144,0.11488759924297585,0.010969631901583302,0.12230952652326234,0.0
Brinson-Fachler,2024-10-31,2024-11-30,Short,0.3952236991169913,-0.04820313913172192,-0.058932319441846195,0.010729180310124278,0.010499428093424207,-0.02903516904578685,0.029264921262486917,0.010729180310124275,3.469446951953614e-18,-0.01905102295669013,-0.023291449287350635,0.004240426330660505,0.004149622809695975,-0.01147538691476304,0.01156619043572757,0.004240426330660504,1.3712076582412777e-18
Brinson-Fachler,2024-11-30,2024-12-31,Combined,1.4460261501549554,,,,,,,,,-0.0865591101943285,-0.01779611165630337,-0.06876299853802514,-0.02997313795006955,-0.008039237388384789,-0.030750623199570816,-0.06876299853802516,1.3877787807814457e-17
Brinson-Fachler,2024-11-30,2024-12-31,Long,1.084371487153275,-0.08484685820221713,-0.024623906710895267,-0.06022295149132186,-0.032445391560732666,-0.010260431014777941,-0.017517128915811267,-0.060222951491321876,1.3877787807814457e-17,-0.09200551380902124,-0.02670146233961701,-0.06530405146940423,-0.035182857497982,-0.011126118838328343,-0.0189950751330939,-0.06530405146940424,1.504867740355735e-17
Brinson-Fachler,2024-11-30,2024-12-31,Short,0.36165466300168025,0.015059680330092758,0.024623906710895267,-0.00956422638080251,0.014405232617969159,0.008535439372806352,-0.03250489837157802,-0.00956422638080251,0.0,0.005446403614692729,0.008905350683313641,-0.0034589470686209114,0.005209719547912449,0.0030868814499435543,-0.011755548066476915,-0.0034589470686209114,0.0
Brinson-Fachler,2024-12-31,2025-01-31,Combined,1.4510739952950638,,,,,,,,,0.10591414965234705,0.018074453296615195,0.08783969635573186,-0.0025530716753159677,0.03935732479514485,0.05103544323590297,0.08783969635573186,0.0
Brinson-Fachler,2024-12-31,2025-01-31,Long,1.0493185140680865,0.0981761464306803,0.027911496456670147,0.07026464997401016,-0.0031356631124058944,0.02868578429438769,0.04471452879202836,0.07026464997401016,0.0,0.10301804808957234,0.02928804998732978,0.07372999810224255,-0.0032903093577278646,0.030100524550664545,0.046919782909305874,0.07372999810224255,0.0
Brinson-Fachler,2024-12-31,2025-01-31,Short,0.4017554812269773,0.007208617425529336,-0.027911496456670147,0.03512011388219948,0.0018350407570304798,0.023040881025965517,0.010244192099203497,0.035120113882199495,-1.3877787807814457e-17,0.0028961015627747126,-0.011213596690714587,0.0141096982534893,0.0007372376824118971,0.009256800244480307,0.004115660326597099,0.014109698253489305,-5.575477319094375e-18
Brinson-Fachler,2025-01-31,2025-02-28,Combined,1.4496638715828645,,,,,,,,,-0.05230922388599923,-0.010525154575408816,-0.041784069310590415,-0.02389856347058556,0.013156632163075978,-0.031042138003080838,-0.04178406931059042,6.938893903907228e-18
Brinson-Fachler,2025-01-31,2025-02-28,Long,1.0626922997605601,-0.042612965278724046,-0.015576190192541431,-0.027036775086182616,-0.016330138321932766,0.022305123893058748,-0.03301176065730861,-0.02703677508618263,1.3877787807814457e-17,-0.045284470071664154,-0.016552697377219736,-0.02873177269444442,-0.017353912248742786,0.02370348340635882,-0.035081343852060465,-0.028731772694444435,1.4747818241075407e-17
Brinson-Fachler,2025-01-31,2025-02-28,Short,0.38697157182230435,-0.01815315213273809,0.015576190192541431,-0.03372934232527952,-0.016912485821692483,-0.027254847671668008,0.010437991168080984,-0.03372934232527951,-1.3877787807814457e-17,-0.007024753814335075,0.006027542801810919,-0.013052296616145995,-0.006544651221842776,-0.010546851243282841,0.0040392058489796285,-0.013052296616145988,-5.370309361406372e-18
Brinson-Fachler,2025-02-28,2025-03-31,Combined,1.4685624027007766,,,,,,,,,-0.11279241380664311,-0.038052482613809946,-0.07473993119283315,-0.009367359305063574,-0.01834749937074303,-0.047025072517026534,-0.07473993119283313,-1.3877787807814457e-17
Brinson-Fachler,2025-02-28,2025-03-31,Long,1.0574972253574124,-0.1157140585202577,-0.058865402374021825,-0.05684865614623588,-0.005855788332455648,-0.011227714918400324,-0.03976515289537989,-0.05684865614623587,-1.3877787807814457e-17,-0.12236729582001778,-0.06224999968007572,-0.06011729613994205,-0.006192479913852156,-0.011873277373312369,-0.042051538852777515,-0.06011729613994204,-1.4675722100862715e-17
Brinson-Fachler,2025-02-28,2025-03-31,Short,0.4110651773433641,0.02329285607517355,0.058865402374021825,-0.035572546298848276,-0.007723542557727849,-0.01574986730637784,-0.012099136434742594,-0.03557254629884828,6.938893903907228e-18,0.009574882013374671,0.02419751706626577,-0.014622635052891098,-0.0031748793912114185,-0.006474221997430659,-0.004973533664249023,-0.0146226350528911,2.852337653176413e-18
Brinson-Fachler,2025-03-31,2025-04-30,Combined,1.5148776632418381,,,,,,,,,0.1440861584343868,-0.00412426203263515,0.14821042046702193,-0.007572693711690908,0.15372825332693427,0.0020548608517785907,0.14821042046702193,0.0
Brinson-Fachler,2025-03-31,2025-04-30,Long,1.0709690153251352,0.10550587293101629,-0.006577137141803821,0.11208301007282011,-0.0053664164714128425,0.13345432167214188,-0.01600489512790891,0.11208301007282014,-2.7755575615628914e-17,0.11299352084394935,-0.007043910088416012,0.12003743093236537,-0.005747265764213598,0.14292544347209765,-0.01714074677551866,0.1200374309323654,-2.972536148685243e-17
Brinson-Fachler,2025-03-31,2025-04-30,Short,0.4439086479167029,0.0700428742182824,0.006577137141803821,0.06346573707647858,-0.0041121702765742054,0.02433565983797574,0.043242247515077034,0.06346573707647857,1.3877787807814457e-17,0.03109263759043743,0.002919648055780862,0.028172989534656568,-0.0018254279474773098,0.01080280985483662,0.019195607627297252,0.028172989534656565,6.16047002184182e-18
Brinson-Fachler,2025-04-30,2025-05-31,Combined,1.4650260469877954,,,,,,,,,0.0451306910754089,0.043232774751160385,0.0018979163242485173,-0.01374605437407174,0.01978427874884378,-0.004140308050523539,0.0018979163242485025,1.474514954580286e-17
Brinson-Fachler,2025-04-30,2025-05-31,Long,1.0826738353512546,0.05863945269231333,0.06173274291009452,-0.0030932902177811875,-0.01538262553412733,0.015885608756386324,-0.0035962734400401984,-0.003093290217781204,1.6479873021779667e-17,0.06348740114928533,0.06683642553322501,-0.003349024383939676,-0.01665436618480578,0.017198932959166257,-0.0038935911583001716,-0.0033490243839396938,1.7842327330591862e-17
Brinson-Fachler,2025-04-30,2025-05-31,Short,0.3823522116365408,-0.04800994872059505,-0.06173274291009452,0.013722794189499468,0.007606368479695479,0.006761686505255838,-0.0006452607954518482,0.013722794189499468,0.0,-0.01835671007387643,-0.023603650782064625,0.005246940708188193,0.002908311810734039,0.0025853457896775223,-0.00024671689222336774,0.005246940708188193,0.0
Brinson-Fachler,2025-05-31,2025-06-30,Combined,1.4691488773805461,,,,,,,,,0.049972408123380614,0.033217783299555895,0.01675462482382473,0.01401734527515278,-0.0041922182934475485,0.006929497842119493,0.016754624823824723,6.938893903907228e-18
Brinson-Fachler,2025-05-31,2025-06-30,Long,1.068696667141995,0.08147860674432447,0.0497090293176283,0.03176957742669617,0.011941800713318018,0.008495446670176321,0.01133233004320183,0.03176957742669617,0.0,0.08707591547103284,0.05312387395861309,0.03395204151241976,0.012762162621996866,0.009079055542299994,0.012110823348122898,0.03395204151241976,0.0
Brinson-Fachler,2025-05-31,2025-06-30,Short,0.40045221023855115,-0.09265402062720418,-0.0497090293176283,-0.04294499130957588,0.0031344130986521368,-0.03314071815920753,-0.012938686249020493,-0.04294499130957588,0.0,-0.03710350734765223,-0.019906090659057192,-0.017197416688595032,0.001255182653155914,-0.013271273835747542,-0.0051813255060034055,-0.017197416688595032,0.0
Brinson-Fachler,2025-06-30,2025-07-31,Combined,1.4751097883691564,,,,,,,,,0.04165057764181324,0.014897564068994285,0.026753013572818955,0.01802983153328217,0.00742277678072509,0.001300405258811697,0.026753013572818958,-3.469446951953614e-18
Brinson-Fachler,2025-06-30,2025-07-31,Long,1.073919731704011,0.03992279307234719,0.022144948590432867,0.017777844481914322,0.014099241951927367,-0.0012379617527069665,0.004916564282693924,0.017777844481914322,0.0,0.042873875225129844,0.02378189724883678,0.01909197797629306,0.015141454134243774,-0.0013294715533268926,0.005279995395376182,0.01909197797629306,0.0
Brinson-Fachler,2025-06-30,2025-07-31,Short,0.4011900566651455,-0.003049172238926227,-0.022144948590432867,0.019095776351506638,0.007199523894105853,0.021815715989584143,-0.009919463532183356,0.019095776351506638,0.0,-0.0012232975833166015,-0.008884333179842496,0.007661035596525894,0.002888377399038396,0.008752248334051983,-0.003979590136564485,0.007661035596525894,0.0
Brinson-Fachler,2025-07-31,2025-08-31,Combined,1.4241586034955258,,,,,,,,,-0.03337513823145921,0.012325696436678173,-0.04570083466813739,-0.015339082810086273,-0.03529208046965871,0.004930328611607603,-0.04570083466813738,-6.938893903907228e-18
Brinson-Fachler,2025-07-31,2025-08-31,Long,1.048911169392124,-0.02421616139142435,0.018296511732809197,-0.04251267312423355,-0.011841167309447283,-0.02616649292249987,-0.0045050128922863916,-0.04251267312423355,0.0,-0.02540060216326732,0.01919141551745761,-0.04459201768072493,-0.012420332649520142,-0.027446326690230078,-0.0047253583409747136,-0.04459201768072493,0.0
Brinson-Fachler,2025-07-31,2025-08-31,Short,0.3752474341034019,-0.021251407320734557,-0.018296511732809197,-0.0029548955879253602,-0.007778201515328282,-0.020908214331098355,0.025731520258501298,-0.0029548955879253394,-2.0816681711721685e-17,-0.007974536068191894,-0.006865719080779439,-0.0011088169874124546,-0.00291875016056613,-0.007845753779428633,0.009655686952582317,-0.0011088169874124468,-7.811406398870774e-18
Brinson-Fachler,2025-08-31,2025-09-30,Combined,1.496806151848121,,,,,,,,,0.12833326738117637,0.023167590354421848,0.10516567702675451,0.005005662292804288,0.061117786610513106,0.03904222812343713,0.10516567702675453,-1.3877787807814457e-17
Brinson-Fachler,2025-08-31,2025-09-30,Long,1.0695103563504458,0.11137557131449316,0.03607453297797943,0.07530103833651372,0.0030287209531661935,0.03480508662304501,0.037467230760302526,0.07530103833651372,0.0,0.11911732696529807,0.03858208662045469,0.08053524034484337,0.0032392484259068373,0.037224400597021,0.04007159132191554,0.08053524034484337,0.0
Brinson-Fachler,2025-08-31,2025-09-30,Short,0.4272957954976752,0.02156805780207694,-0.03607453297797943,0.057642590780056374,0.004133936924982126,0.05591767170482749,-0.00240901784975325,0.05764259078005636,1.3877787807814457e-17,0.009215940415878306,-0.01541449626603284,0.024630436681911148,0.0017664138668974508,0.023893386013492106,-0.001029363198478414,0.02463043668191114,5.9299203810880165e-18
Brinson-Fachler,2025-09-30,2025-10-31,Combined,1.5247152485039857,,,,,,,,,0.1487843606799895,0.014851862730106661,0.13393249794988285,-0.002511912384589604,0.1169435461730649,0.01950086416140756,0.13393249794988288,-2.7755575615628914e-17
Brinson-Fachler,2025-09-30,2025-10-31,Long,1.099779553472942,0.09510041221357697,0.022007850474326213,0.07309256173925076,-0.006788017391928147,0.06099538049240181,0.018885198638777117,0.07309256173925077,-1.3877787807814457e-17,0.1045894888793404,0.024203783967553755,0.08038570491178665,-0.007465322736261302,0.06708147232184586,0.02076955532620211,0.08038570491178666,-1.5262507278470422e-17
Brinson-Fachler,2025-09-30,2025-10-31,Short,0.42493569503104367,0.1040036700080478,-0.022007850474326213,0.12601152048237402,0.01165684692906259,0.11734028097492816,-0.002985607421616734,0.12601152048237402,0.0,0.044194871800649106,-0.009351921237447094,0.053546793038096195,0.004953410351671698,0.049862073851219046,-0.001268691164794549,0.053546793038096195,0.0
Brinson-Fachler,2025-10-31,2025-11-30,Combined,1.3875025346816048,,,,,,,,,-0.06707280092231117,0.0008538096360833868,-0.06792661055839455,-0.04565307478090224,-0.01891695411156584,-0.003356581665926478,-0.06792661055839455,0.0
Brinson-Fachler,2025-10-31,2025-11-30,Long,1.0558893181457256,-0.06356513130709864,0.0011788455178703625,-0.06474397682496899,-0.029610994926375735,-0.022768887221100785,-0.012364094677492478,-0.06474397682496899,0.0,-0.0671177431536959,0.001244730390063282,-0.06836247354375917,-0.031265933242427414,-0.024041424802825034,-0.013055115498506728,-0.06836247354375917,0.0
Brinson-Fachler,2025-10-31,2025-11-30,Short,0.33161321653587916,0.0001355260560908936,-0.0011788455178703625,0.001314371573961256,-0.04338530800661921,0.015453155772230047,0.02924652380835041,0.0013143715739612483,7.806255641895632e-18,4.494223138472321e-05,-0.0003909207539798951,0.0004358629853646183,-0.014387141538474828,0.005124470691259194,0.00969853383258025,0.0004358629853646157,2.5886575425103644e-18
Brinson-Fachler,2025-11-30,2025-12-31,Combined,1.4374363095742884,,,,,,,,,0.0249861121358602,-0.00025627404313138737,0.025242386178991584,-0.0007471315286850053,-0.0004835937353427841,0.026473111443019375,0.025242386178991584,0.0
Brinson-Fachler,2025-11-30,2025-12-31,Long,1.0517474769558681,0.04708123055842689,-0.00038476198051045827,0.047465992538937345,-0.0009597749863322978,0.020814679855238084,0.027611087670031557,0.047465992538937345,0.0,0.049517565451803,-0.0004046724422304174,0.04992223789403341,-0.001009440920320347,0.021891787021390788,0.02903989179296297,0.04992223789403341,0.0
Brinson-Fachler,2025-11-30,2025-12-31,Short,0.38568883261842024,-0.0636042613663458,0.00038476198051045827,-0.06398902334685626,0.0006801062655989742,-0.058014074726582945,-0.006655054885872286,-0.06398902334685626,0.0,-0.024531453315942798,0.00014839839909903,-0.024679851715041827,0.00026230939163534163,-0.022375380756733572,-0.0025667803499435956,-0.024679851715041827,0.0
Brinson-Fachler,2025-12-31,2026-01-31,Combined,1.46760016400445,,,,,,,,,0.39411237448752295,0.008479985502559031,0.38563238898496394,-0.012851988566054488,0.18849854741223984,0.20998583013877858,0.38563238898496394,0.0
Brinson-Fachler,2025-12-31,2026-01-31,Long,1.0658492173901921,0.350260830237697,0.012769172689835486,0.33749165754786153,-0.013622686895707307,0.14690331403628723,0.2042110304072816,0.33749165754786153,0.0,0.3733252317912883,0.013610012718181368,0.35971521907310694,-0.01451973016654126,0.15657678229760236,0.21765816694204584,0.35971521907310694,0.0
Brinson-Fachler,2025-12-31,2026-01-31,Short,0.40175094661425786,0.05174136581734927,-0.012769172689835486,0.06451053850718476,0.00415118275275169,0.07945660211545749,-0.01909724636102443,0.06451053850718474,1.3877787807814457e-17,0.020787142696234672,-0.005130027215622336,0.02591716991185701,0.0016677416004867722,0.03192176511463749,-0.007672336803267257,0.025917169911857003,5.5754143887012645e-18
