Date,Next_Date,Asset_ID,Ticker,GICS_Sector_Code,Sector,Sector_As_Of_Date,Sector_Source_Type,Sector_Source_Reference,Weight,Stock_Return
2024-01-31,2024-02-29,AAL.O,AAL,20,Industrials,2024-01-31,Wikipedia,1197645693,-0.04499526000000001,0.1018973998594519
2024-01-31,2024-02-29,ALB,ALB,15,Materials,2024-01-31,Wikipedia,1197645693,-0.04497808,0.20141188774620877
2024-01-31,2024-02-29,ANET.K,ANET,45,Information Technology,2024-01-31,Wikipedia,1197645693,0.10502408000000002,0.07290861295809492
2024-01-31,2024-02-29,BX,BX,40,Financials,2024-01-31,Wikipedia,1197645693,0.10503580000000001,0.02707914825231006
2024-01-31,2024-02-29,EL,EL,30,Consumer Staples,2024-01-31,Wikipedia,1197645693,-0.04500859000000001,0.1256913402530495
2024-01-31,2024-02-29,EXPE.O,EXPE,25,Consumer Discretionary,2024-01-31,Wikipedia,1197645693,0.10501764000000002,-0.07759724937639056
2024-01-31,2024-02-29,FICO.K,FICO,45,Information Technology,2024-01-31,Wikipedia,1197645693,0.10549704,0.05929114219697551
2024-01-31,2024-02-29,FMC,FMC,15,Materials,2024-01-31,Wikipedia,1197645693,-0.045016200000000006,0.003380782918149361
2024-01-31,2024-02-29,FTNT.O,FTNT,45,Information Technology,2024-01-31,Wikipedia,1197645693,-0.04501402,0.07163901380058935
2024-01-31,2024-02-29,HSY,HSY,30,Consumer Staples,2024-01-31,Wikipedia,1197645693,-0.04509482000000001,-0.029037924976749063
2024-01-31,2024-02-29,ILMN.O,ILMN,35,Health Care,2024-01-31,Wikipedia,1197645693,-0.04503016163016001,-0.02223620725823372
2024-01-31,2024-02-29,INTC.O,INTC,45,Information Technology,2024-01-31,Wikipedia,1197645693,0.10498596,-0.0006963788300835549
2024-01-31,2024-02-29,KEY,KEY,40,Financials,2024-01-31,Wikipedia,1197645693,0.10499378000000001,-0.01789401238816246
2024-01-31,2024-02-29,PAYC.K,PAYC,20,Industrials,2024-01-31,Wikipedia,1197645693,-0.04508688000000001,-0.041263666947014443
2024-01-31,2024-02-29,PODD.O,PODD,35,Health Care,2024-01-31,Wikipedia,1197645693,-0.04504532000000001,-0.1407764447005816
2024-01-31,2024-02-29,PSX,PSX,10,Energy,2024-01-31,Wikipedia,1197645693,0.10505768000000001,-0.012473148083985919
2024-01-31,2024-02-29,UAL.O,UAL,20,Industrials,2024-01-31,Wikipedia,1197645693,-0.04498006000000001,0.09932334461092318
2024-01-31,2024-02-29,UBER.K,UBER,20,Industrials,2024-01-31,Wikipedia,1197645693,0.10501943000000001,0.21801746591083204
2024-01-31,2024-02-29,WRK^G24,WRK,15,Materials,2024-01-31,Wikipedia,1197645693,0.10499808000000001,0.1249379036264282
2024-01-31,2024-02-29,ZION.O,ZION,40,Financials,2024-01-31,Wikipedia,1197645693,0.10500140000000001,-0.05894988066825768
2024-02-29,2024-03-31,ADM,ADM,30,Consumer Staples,2024-02-29,Wikipedia,1205523539,-0.04501406133875849,0.18263980418000392
2024-02-29,2024-03-31,ALB,ALB,15,Materials,2024-02-29,Wikipedia,1205523539,-0.053070592798277604,-0.044323540079796775
2024-02-29,2024-03-31,ALL,ALL,40,Financials,2024-02-29,Wikipedia,1205523539,0.10496657941809409,0.08456619859578729
2024-02-29,2024-03-31,AMD.O,AMD,45,Information Technology,2024-02-29,Wikipedia,1205523539,0.10494276319750237,-0.06253570872071879
2024-02-29,2024-03-31,ANET.K,ANET,45,Information Technology,2024-02-29,Wikipedia,1205523539,0.11066561931493474,0.044822367946962594
2024-02-29,2024-03-31,EL,EL,30,Consumer Staples,2024-02-29,Wikipedia,1205523539,-0.04975948012086337,0.03748822183335565
2024-02-29,2024-03-31,ENPH.O,ENPH,45,Information Technology,2024-02-29,Wikipedia,1205523539,-0.04503044297007682,-0.04747657664750804
2024-02-29,2024-03-31,ETSY.K,ETSY,25,Consumer Discretionary,2024-02-29,Wikipedia,1205523539,-0.04499047100397033,-0.04142837215790207
2024-02-29,2024-03-31,FICO.K,FICO,45,Information Technology,2024-02-29,Wikipedia,1205523539,0.10975307995307942,-0.015985384791048274
2024-02-29,2024-03-31,FMC,FMC,15,Materials,2024-02-29,Wikipedia,1205523539,-0.0443604263922593,0.12963291363716967
2024-02-29,2024-03-31,LLY,LLY,35,Health Care,2024-02-29,Wikipedia,1205523539,0.1051081607113106,0.03221526377242334
2024-02-29,2024-03-31,NRG,NRG,55,Utilities,2024-02-29,Wikipedia,1205523539,0.10502075272645855,0.2236080983369486
2024-02-29,2024-03-31,ON.O,ON,45,Information Technology,2024-02-29,Wikipedia,1205523539,-0.045032318804358484,-0.06804358844399394
2024-02-29,2024-03-31,PANW.O,PANW,45,Information Technology,2024-02-29,Wikipedia,1205523539,0.10507075696857926,-0.08507486717114798
2024-02-29,2024-03-31,PAYC.K,PAYC,20,Industrials,2024-02-29,Wikipedia,1205523539,-0.04245320380503156,0.09112341685399428
2024-02-29,2024-03-31,PGR,PGR,40,Financials,2024-02-29,Wikipedia,1205523539,0.1049994212497059,0.09105296476049785
2024-02-29,2024-03-31,PODD.O,PODD,35,Health Care,2024-02-29,Wikipedia,1205523539,-0.038011670176554976,0.045121951219512235
2024-02-29,2024-03-31,STX.O,STX,45,Information Technology,2024-02-29,Wikipedia,1205523539,0.1050019845625201,0.0
2024-02-29,2024-03-31,TSLA.O,TSLA,25,Consumer Discretionary,2024-02-29,Wikipedia,1205523539,-0.045007019594360854,-0.1292351892213196
2024-02-29,2024-03-31,WRB,WRB,40,Financials,2024-02-29,Wikipedia,1205523539,0.10500281841763827,0.05789473685921065
2024-03-31,2024-04-30,ADM,ADM,30,Consumer Staples,2024-03-31,Wikipedia,1216084649,-0.05155793940464033,-0.06607228148384026
2024-03-31,2024-04-30,ALB,ALB,15,Materials,2024-03-31,Wikipedia,1216084649,-0.04912015049838712,-0.08676180355245189
2024-03-31,2024-04-30,ALL,ALL,40,Financials,2024-03-31,Wikipedia,1216084649,0.11025593371290215,-0.01705103751228243
2024-03-31,2024-04-30,AMD.O,AMD,45,Information Technology,2024-03-31,Wikipedia,1216084649,0.09528007508057208,-0.12249986148817116
2024-03-31,2024-04-30,ANET.K,ANET,45,Information Technology,2024-03-31,Wikipedia,1216084649,0.1119824698009463,-0.11524932753983042
2024-03-31,2024-04-30,APA.O,APA,10,Energy,2024-03-31,Wikipedia,1216084649,-0.044996659027079076,-0.08551483420593375
2024-03-31,2024-04-30,CEG.O,CEG,55,Utilities,2024-03-31,Wikipedia,1216084649,0.10496626612090827,0.005896672978090267
2024-03-31,2024-04-30,CHTR.O,CHTR,50,Communication Services,2024-03-31,Wikipedia,1216084649,-0.04505925521035246,-0.11936138733097068
2024-03-31,2024-04-30,DECK.K,DECK,25,Consumer Discretionary,2024-03-31,Wikipedia,1216084649,0.10504801326991287,-0.1304527973142383
2024-03-31,2024-04-30,FMC,FMC,15,Materials,2024-03-31,Wikipedia,1216084649,-0.04853196894827929,-0.0736263736263737
2024-03-31,2024-04-30,HAS.O,HAS,25,Consumer Discretionary,2024-03-31,Wikipedia,1216084649,-0.04499700144655907,0.08457183297947624
2024-03-31,2024-04-30,META.O,META,50,Communication Services,2024-03-31,Wikipedia,1216084649,0.10484376555194035,-0.11411096008896571
2024-03-31,2024-04-30,NRG,NRG,55,Utilities,2024-03-31,Wikipedia,1216084649,0.12445499473156091,0.07357068990988336
2024-03-31,2024-04-30,PAYC.K,PAYC,20,Industrials,2024-03-31,Wikipedia,1216084649,-0.04486205963648467,-0.05542435053514905
2024-03-31,2024-04-30,PGR,PGR,40,Financials,2024-03-31,Wikipedia,1216084649,0.11095007506876374,0.0069142249298908
2024-03-31,2024-04-30,PSKY.O,PSKY,50,Communication Services,2024-03-31,Wikipedia,1216084649,-0.04500476295477227,-0.03228547153780792
2024-03-31,2024-04-30,SMCI.O,SMCI,45,Information Technology,2024-03-31,Wikipedia,1216084649,0.10500510124576572,-0.14972822589428036
2024-03-31,2024-04-30,TSLA.O,TSLA,25,Consumer Discretionary,2024-03-31,Wikipedia,1216084649,-0.03795561091143703,0.04260765686330292
2024-03-31,2024-04-30,UBER.K,UBER,20,Industrials,2024-03-31,Wikipedia,1216084649,0.10501212179627081,-0.13923886218989479
2024-03-31,2024-04-30,WBD.O,WBD,50,Communication Services,2024-03-31,Wikipedia,1216084649,-0.04499760068064906,-0.15693012600229095
2024-04-30,2024-05-31,ADM,ADM,30,Consumer Staples,2024-04-30,Wikipedia,1219339331,-0.05048830294089429,0.06443914081145596
2024-04-30,2024-05-31,ALB,ALB,15,Materials,2024-04-30,Wikipedia,1219339331,-0.04703549430745604,0.018951043138558665
2024-04-30,2024-05-31,AMD.O,AMD,45,Information Technology,2024-04-30,Wikipedia,1219339331,0.08766600994985449,0.05379467104432378
2024-04-30,2024-05-31,APA.O,APA,10,Energy,2024-04-30,Wikipedia,1219339331,-0.04314583615736624,-0.028944020356234113
2024-04-30,2024-05-31,BLDR.K,BLDR,20,Industrials,2024-04-30,Wikipedia,1219339331,0.10502292428044152,-0.12050103927360245
2024-04-30,2024-05-31,CEG.O,CEG,55,Utilities,2024-04-30,Wikipedia,1219339331,0.11070954768808214,0.16838765193073035
2024-04-30,2024-05-31,CHTR.O,CHTR,50,Communication Services,2024-04-30,Wikipedia,1219339331,-0.041606739972061935,0.12182542783464867
2024-04-30,2024-05-31,DECK.K,DECK,25,Consumer Discretionary,2024-04-30,Wikipedia,1219339331,0.09577738194950156,0.3365425733380576
2024-04-30,2024-05-31,HAS.O,HAS,25,Consumer Discretionary,2024-04-30,Wikipedia,1219339331,-0.05117099375669794,-0.024796084828711207
2024-04-30,2024-05-31,HUM,HUM,35,Health Care,2024-04-30,Wikipedia,1219339331,-0.04489112986234475,0.1854745274587044
2024-04-30,2024-05-31,META.O,META,50,Communication Services,2024-04-30,Wikipedia,1219339331,0.09738765203233712,0.08522212148685404
2024-04-30,2024-05-31,MU.O,MU,45,Information Technology,2024-04-30,Wikipedia,1219339331,0.10499739268912998,0.10658640226628902
2024-04-30,2024-05-31,NRG,NRG,55,Utilities,2024-04-30,Wikipedia,1219339331,0.1400957410780448,0.11462776936837749
2024-04-30,2024-05-31,NVDA.O,NVDA,45,Information Technology,2024-04-30,Wikipedia,1219339331,0.10504258958971813,0.2688710909469687
2024-04-30,2024-05-31,ON.O,ON,45,Information Technology,2024-04-30,Wikipedia,1219339331,-0.04499232871275029,0.041049030786773244
2024-04-30,2024-05-31,PAYC.K,PAYC,20,Industrials,2024-04-30,Wikipedia,1219339331,-0.044432209481797734,-0.22693903606766674
2024-04-30,2024-05-31,SMCI.O,SMCI,45,Information Technology,2024-04-30,Wikipedia,1219339331,0.0936160076791182,-0.08650442477876108
2024-04-30,2024-05-31,TSLA.O,TSLA,25,Consumer Discretionary,2024-04-30,Wikipedia,1219339331,-0.041493383695949855,-0.028371890004364797
2024-04-30,2024-05-31,UBER.K,UBER,20,Industrials,2024-04-30,Wikipedia,1219339331,0.09477723631301174,-0.025803531009506497
2024-04-30,2024-05-31,WBD.O,WBD,50,Communication Services,2024-04-30,Wikipedia,1219339331,-0.03977726182870033,0.11956521739130443
2024-05-31,2024-06-30,ADM,ADM,30,Consumer Staples,2024-05-31,Wikipedia,1225357006,-0.04950840619883064,-0.03187059577194096
2024-05-31,2024-06-30,APA.O,APA,10,Energy,2024-05-31,Wikipedia,1225357006,-0.03859672837925172,-0.03570258761873568
2024-05-31,2024-06-30,APTV.K,APTV,25,Consumer Discretionary,2024-05-31,Wikipedia,1225357006,-0.04497995204049251,-0.15421570982464572
2024-05-31,2024-06-30,BLDR.K,BLDR,20,Industrials,2024-05-31,Wikipedia,1225357006,0.08509161648839335,-0.13918776043286274
2024-05-31,2024-06-30,CEG.O,CEG,55,Utilities,2024-05-31,Wikipedia,1225357006,0.11916243569312028,-0.07815880322209434
2024-05-31,2024-06-30,CHTR.O,CHTR,50,Communication Services,2024-05-31,Wikipedia,1225357006,-0.04299879698763875,0.04123711340206171
2024-05-31,2024-06-30,DVA,DVA,35,Health Care,2024-05-31,Wikipedia,1225357006,0.10502628175736013,-0.05811582381729208
2024-05-31,2024-06-30,GE,GE,20,Industrials,2024-05-31,Wikipedia,1225357006,0.1049937941661543,-0.03736223810100514
2024-05-31,2024-06-30,GILD.O,GILD,35,Health Care,2024-05-31,Wikipedia,1225357006,-0.04499544244738531,0.06752761786214423
2024-05-31,2024-06-30,GL,GL,40,Financials,2024-05-31,Wikipedia,1225357006,-0.04501398315978728,-0.005799903334944512
2024-05-31,2024-06-30,HUM,HUM,35,Health Care,2024-05-31,Wikipedia,1225357006,-0.049025281906984984,0.043365352395844825
2024-05-31,2024-06-30,INTC.O,INTC,45,Information Technology,2024-05-31,Wikipedia,1225357006,-0.04501019784090244,0.0038897893030793718
2024-05-31,2024-06-30,MU.O,MU,45,Information Technology,2024-05-31,Wikipedia,1225357006,0.10703632283587877,0.052240000000000064
2024-05-31,2024-06-30,NRG,NRG,55,Utilities,2024-05-31,Wikipedia,1225357006,0.1438540615912622,-0.038765432098765484
2024-05-31,2024-06-30,NVDA.O,NVDA,45,Information Technology,2024-05-31,Wikipedia,1225357006,0.12278639801035991,0.12685049209635801
2024-05-31,2024-06-30,PAYC.K,PAYC,20,Industrials,2024-05-31,Wikipedia,1225357006,-0.03164309758780126,-0.01568951279933939
2024-05-31,2024-06-30,SMCI.O,SMCI,45,Information Technology,2024-05-31,Wikipedia,1225357006,0.07878143753766262,0.04440988642592214
2024-05-31,2024-06-30,VST,VST,55,Utilities,2024-05-31,Wikipedia,1225357006,0.10495921178682778,-0.13221639079531688
2024-05-31,2024-06-30,WBD.O,WBD,50,Communication Services,2024-05-31,Wikipedia,1225357006,-0.04102528607389225,-0.09708737864077666
2024-05-31,2024-06-30,WDC.O,WDC,45,Information Technology,2024-05-31,Wikipedia,1225357006,0.10500941347476837,0.006375348651879387
2024-06-30,2024-07-31,ADBE.O,ADBE,45,Information Technology,2024-06-30,Wikipedia,1231032496,-0.04523380988988451,-0.007002196061489663
2024-06-30,2024-07-31,CEG.O,CEG,55,Utilities,2024-06-30,Wikipedia,1231032496,0.11189709460833927,-0.05227942277924802
2024-06-30,2024-07-31,CHTR.O,CHTR,50,Communication Services,2024-06-30,Wikipedia,1231032496,-0.04560676529624525,0.27013647310677036
2024-06-30,2024-07-31,DAY^B26,DAY,20,Industrials,2024-06-30,Wikipedia,1231032496,-0.04498151047094668,0.19516129032258056
2024-06-30,2024-07-31,EPAM.K,EPAM,45,Information Technology,2024-06-30,Wikipedia,1231032496,-0.045069260279981524,0.14363935994896582
2024-06-30,2024-07-31,FSLR.O,FSLR,45,Information Technology,2024-06-30,Wikipedia,1231032496,0.10508178144845576,-0.04200301605606316
2024-06-30,2024-07-31,GE,GE,20,Industrials,2024-06-30,Wikipedia,1231032496,0.10295557063192734,0.07064225954582626
2024-06-30,2024-07-31,GL,GL,40,Financials,2024-06-30,Wikipedia,1231032496,-0.04558737348691076,0.1271268838113757
2024-06-30,2024-07-31,HUM,HUM,35,Health Care,2024-06-30,Wikipedia,1231032496,-0.052105052322250135,-0.03222266827244735
2024-06-30,2024-07-31,INTC.O,INTC,45,Information Technology,2024-06-30,Wikipedia,1231032496,-0.04602780714872597,-0.007426541814659404
2024-06-30,2024-07-31,LULU.O,LULU,25,Consumer Discretionary,2024-06-30,Wikipedia,1231032496,-0.04500799638813616,-0.13404753933712743
2024-06-30,2024-07-31,MRNA.O,MRNA,35,Health Care,2024-06-30,Wikipedia,1231032496,0.10502531871403734,0.00395789473684216
2024-06-30,2024-07-31,MU.O,MU,45,Information Technology,2024-06-30,Wikipedia,1231032496,0.11472797120682802,-0.1650574013533035
2024-06-30,2024-07-31,NRG,NRG,55,Utilities,2024-06-30,Wikipedia,1231032496,0.14085583248824168,-0.03454919085538144
2024-06-30,2024-07-31,NVDA.O,NVDA,45,Information Technology,2024-06-30,Wikipedia,1231032496,0.14094182280878478,-0.052776428687065
2024-06-30,2024-07-31,SMCI.O,SMCI,45,Information Technology,2024-06-30,Wikipedia,1231032496,0.08381431526635497,-0.143650454628669
2024-06-30,2024-07-31,TSLA.O,TSLA,25,Consumer Discretionary,2024-06-30,Wikipedia,1231032496,-0.04500251202507148,0.17278148372751168
2024-06-30,2024-07-31,VST,VST,55,Utilities,2024-06-30,Wikipedia,1231032496,0.09278020535068308,-0.07862293556641087
2024-06-30,2024-07-31,WBD.O,WBD,50,Communication Services,2024-06-30,Wikipedia,1231032496,-0.037732941987935,0.1626344086021505
2024-06-30,2024-07-31,WDC.O,WDC,45,Information Technology,2024-06-30,Wikipedia,1231032496,0.10764938394424928,-0.11508512603932952
2024-07-31,2024-08-31,ALB,ALB,15,Materials,2024-07-31,Wikipedia,1237530658,-0.04496618118514269,-0.0365111561866126
2024-07-31,2024-08-31,CEG.O,CEG,55,Utilities,2024-07-31,Wikipedia,1237530658,0.11850681865337821,0.036354056902002
2024-07-31,2024-08-31,CRWD.O,CRWD,45,Information Technology,2024-07-31,Wikipedia,1237530658,0.10504461574243439,0.19537851353681646
2024-07-31,2024-08-31,DAY^B26,DAY,20,Industrials,2024-07-31,Wikipedia,1237530658,-0.060076520636809974,-0.0355937921727395
2024-07-31,2024-08-31,EPAM.K,EPAM,45,Information Technology,2024-07-31,Wikipedia,1237530658,-0.057598840758117255,-0.0667968205271231
2024-07-31,2024-08-31,GE,GE,20,Industrials,2024-07-31,Wikipedia,1237530658,0.12317950386005404,0.02596944770857834
2024-07-31,2024-08-31,GL,GL,40,Financials,2024-07-31,Wikipedia,1237530658,-0.05741978983654893,0.13273668320034515
2024-07-31,2024-08-31,INTC.O,INTC,45,Information Technology,2024-07-31,Wikipedia,1237530658,-0.05105369288824607,-0.28301886792452824
2024-07-31,2024-08-31,LLY,LLY,35,Health Care,2024-07-31,Wikipedia,1237530658,0.10514404548024688,0.19365387245576726
2024-07-31,2024-08-31,LULU.O,LULU,25,Consumer Discretionary,2024-07-31,Wikipedia,1237530658,-0.0435539902513457,0.0031315240083507057
2024-07-31,2024-08-31,MKTX.O,MKTX,40,Financials,2024-07-31,Wikipedia,1237530658,-0.04488589065214737,0.08437346217509956
2024-07-31,2024-08-31,MU.O,MU,45,Information Technology,2024-07-31,Wikipedia,1237530658,0.10704592813423494,-0.12365689309779637
2024-07-31,2024-08-31,NRG,NRG,55,Utilities,2024-07-31,Wikipedia,1237530658,0.15196697008003834,0.13090328588532674
2024-07-31,2024-08-31,NVDA.O,NVDA,45,Information Technology,2024-07-31,Wikipedia,1237530658,0.14918893018869842,0.02008203725858837
2024-07-31,2024-08-31,PAYC.K,PAYC,20,Industrials,2024-07-31,Wikipedia,1237530658,-0.04500518123692588,-0.02404220876551344
2024-07-31,2024-08-31,SMCI.O,SMCI,45,Information Technology,2024-07-31,Wikipedia,1237530658,0.08020722516145895,-0.3761847074752369
2024-07-31,2024-08-31,VST,VST,55,Utilities,2024-07-31,Wikipedia,1237530658,0.09552937704239389,0.07838929563241614
2024-07-31,2024-08-31,WBA.O^H25,WBA,30,Consumer Staples,2024-07-31,Wikipedia,1237530658,-0.045001970452292615,-0.22072451558550965
2024-07-31,2024-08-31,WBD.O,WBD,50,Communication Services,2024-07-31,Wikipedia,1237530658,-0.04902392269518455,-0.09364161849710984
2024-07-31,2024-08-31,WDC.O,WDC,45,Information Technology,2024-07-31,Wikipedia,1237530658,0.10645284256287461,-0.02177479492915746
2024-08-31,2024-09-30,AAL.O,AAL,20,Industrials,2024-08-31,Wikipedia,1242985834,-0.04500245570109935,0.05838041431261787
2024-08-31,2024-09-30,CEG.O,CEG,55,Utilities,2024-08-31,Wikipedia,1242985834,0.11604745237298954,0.3219115404168784
2024-08-31,2024-09-30,DXCM.O,DXCM,35,Health Care,2024-08-31,Wikipedia,1242985834,-0.04502006591452274,-0.033169887510816176
2024-08-31,2024-09-30,EPAM.K,EPAM,45,Information Technology,2024-08-31,Wikipedia,1242985834,-0.05078951573518119,-0.008617254433153976
2024-08-31,2024-09-30,FSLR.O,FSLR,45,Information Technology,2024-08-31,Wikipedia,1242985834,0.10493176114348882,0.09706645555702154
2024-08-31,2024-09-30,GE,GE,20,Industrials,2024-08-31,Wikipedia,1242985834,0.11941448169753217,0.07994502347955557
2024-08-31,2024-09-30,GL,GL,40,Financials,2024-08-31,Wikipedia,1242985834,-0.06145747074718849,0.008186577820085583
2024-08-31,2024-09-30,HWM,HWM,20,Industrials,2024-08-31,Wikipedia,1242985834,0.10497875135944178,0.03714049244775497
2024-08-31,2024-09-30,INTC.O,INTC,45,Information Technology,2024-08-31,Wikipedia,1242985834,-0.03458748692009015,0.06442831215970979
2024-08-31,2024-09-30,IRM,IRM,60,Real Estate,2024-08-31,Wikipedia,1242985834,0.1049871908219915,0.049178880452057205
2024-08-31,2024-09-30,LULU.O,LULU,25,Consumer Discretionary,2024-08-31,Wikipedia,1242985834,-0.04128287622847636,0.0457856399583767
2024-08-31,2024-09-30,LW,LW,30,Consumer Staples,2024-08-31,Wikipedia,1242985834,-0.044975417797661434,0.04554263565891459
2024-08-31,2024-09-30,MHK,MHK,25,Consumer Discretionary,2024-08-31,Wikipedia,1242985834,0.10501982209288038,0.03570968157792964
2024-08-31,2024-09-30,NKE,NKE,25,Consumer Discretionary,2024-08-31,Wikipedia,1242985834,-0.04503949446648141,0.06096975516082592
2024-08-31,2024-09-30,NVDA.O,NVDA,45,Information Technology,2024-08-31,Wikipedia,1242985834,0.14379898451009518,0.01734104046242768
2024-08-31,2024-09-30,TRGP.K,TRGP,10,Energy,2024-08-31,Wikipedia,1242985834,0.10495835434456756,0.007556160653505728
2024-08-31,2024-09-30,ULTA.O,ULTA,25,Consumer Discretionary,2024-08-31,Wikipedia,1242985834,-0.044980517051379974,0.10282280920530562
2024-08-31,2024-09-30,VST,VST,55,Utilities,2024-08-31,Wikipedia,1242985834,0.09734118598608059,0.38756876975301413
2024-08-31,2024-09-30,WBA.O^H25,WBA,30,Consumer Staples,2024-08-31,Wikipedia,1242985834,-0.03313650218029485,-0.03135135135135125
2024-08-31,2024-09-30,ZBRA.O,ZBRA,45,Information Technology,2024-08-31,Wikipedia,1242985834,0.1051247125559981,0.07221031906885167
2024-09-30,2024-10-31,DG,DG,30,Consumer Staples,2024-09-30,Wikipedia,1248180345,-0.04496597957783932,-0.05356509400496612
2024-09-30,2024-10-31,DLTR.O,DLTR,30,Consumer Staples,2024-09-30,Wikipedia,1248180345,-0.045005561786288804,-0.08077360637087594
2024-09-30,2024-10-31,DXCM.O,DXCM,35,Health Care,2024-09-30,Wikipedia,1248180345,-0.03942581307498172,0.051312649164677815
2024-09-30,2024-10-31,EPAM.K,EPAM,45,Information Technology,2024-09-30,Wikipedia,1248180345,-0.04560787016307501,-0.05215294176757268
2024-09-30,2024-10-31,FSLR.O,FSLR,45,Information Technology,2024-09-30,Wikipedia,1248180345,0.10427117361653157,-0.22033354714560616
2024-09-30,2024-10-31,GDDY.K,GDDY,45,Information Technology,2024-09-30,Wikipedia,1248180345,0.1049720168080197,0.06391121316494464
2024-09-30,2024-10-31,HWM,HWM,20,Industrials,2024-09-30,Wikipedia,1248180345,0.09861962732630697,-0.00528678304239405
2024-09-30,2024-10-31,INTC.O,INTC,45,Information Technology,2024-09-30,Wikipedia,1248180345,-0.03334723186424618,-0.08269394714407508
2024-09-30,2024-10-31,IRM,IRM,60,Real Estate,2024-09-30,Wikipedia,1248180345,0.09977235397079261,0.04123537827148027
2024-09-30,2024-10-31,LULU.O,LULU,25,Consumer Discretionary,2024-09-30,Wikipedia,1248180345,-0.039105422756792615,0.09784411276948579
2024-09-30,2024-10-31,LW,LW,30,Consumer Staples,2024-09-30,Wikipedia,1248180345,-0.04259330277338735,0.20003089280197717
2024-09-30,2024-10-31,NEM,NEM,15,Materials,2024-09-30,Wikipedia,1248180345,0.10501794541759778,-0.14985968194574373
2024-09-30,2024-10-31,NRG,NRG,55,Utilities,2024-09-30,Wikipedia,1248180345,0.10503052185424895,-0.007683863885839637
2024-09-30,2024-10-31,NVDA.O,NVDA,45,Information Technology,2024-09-30,Wikipedia,1248180345,0.13250941830424565,0.09321475625823439
2024-09-30,2024-10-31,SMCI.O,SMCI,45,Information Technology,2024-09-30,Wikipedia,1248180345,-0.04498826806699338,-0.3009125840537944
2024-09-30,2024-10-31,TRGP.K,TRGP,10,Energy,2024-09-30,Wikipedia,1248180345,0.09578789715728622,0.12803188973717994
2024-09-30,2024-10-31,ULTA.O,ULTA,25,Consumer Discretionary,2024-09-30,Wikipedia,1248180345,-0.044931875504073494,-0.0517578125
2024-09-30,2024-10-31,VST,VST,55,Utilities,2024-09-30,Wikipedia,1248180345,0.12234198242899823,0.05415893369326796
2024-09-30,2024-10-31,VTR,VTR,60,Real Estate,2024-09-30,Wikipedia,1248180345,0.10499200483865462,0.02120692343676911
2024-09-30,2024-10-31,WBA.O^H25,WBA,30,Consumer Staples,2024-09-30,Wikipedia,1248180345,-0.029073499105361715,0.0558035714285714
2024-10-31,2024-11-30,DG,DG,30,Consumer Staples,2024-10-31,Wikipedia,1253625479,-0.041941323052672626,-0.03460769615192416
2024-10-31,2024-11-30,DLTR.O,DLTR,30,Consumer Staples,2024-10-31,Wikipedia,1253625479,-0.040771434407358656,0.10256806930693063
2024-10-31,2024-11-30,DXCM.O,DXCM,35,Health Care,2024-10-31,Wikipedia,1253625479,-0.04084885298996766,0.10655505107831997
2024-10-31,2024-11-30,EPAM.K,EPAM,45,Information Technology,2024-10-31,Wikipedia,1253625479,-0.04260350952543494,0.29297641134375807
2024-10-31,2024-11-30,FICO.K,FICO,45,Information Technology,2024-10-31,Wikipedia,1253625479,0.10549481621501411,0.19162013135250966
2024-10-31,2024-11-30,FSLR.O,FSLR,45,Information Technology,2024-10-31,Wikipedia,1253625479,0.08011990538614365,0.024629781982723253
2024-10-31,2024-11-30,GEV,GEV,20,Industrials,2024-10-31,Wikipedia,1253625479,0.10511469238586396,0.10760458794669492
2024-10-31,2024-11-30,HWM,HWM,20,Industrials,2024-10-31,Wikipedia,1253625479,0.09667820171477713,0.18712394705174495
2024-10-31,2024-11-30,INTC.O,INTC,45,Information Technology,2024-10-31,Wikipedia,1253625479,-0.030146810182545548,0.11756505576208176
2024-10-31,2024-11-30,IRM,IRM,60,Real Estate,2024-10-31,Wikipedia,1253625479,0.10238267035308395,-0.00048492685686574166
2024-10-31,2024-11-30,LULU.O,LULU,25,Consumer Discretionary,2024-10-31,Wikipedia,1253625479,-0.042310190488088845,0.07640147700570687
2024-10-31,2024-11-30,LW,LW,30,Consumer Staples,2024-10-31,Wikipedia,1253625479,-0.050373376446292216,-0.005792251254987835
2024-10-31,2024-11-30,MRNA.O,MRNA,35,Health Care,2024-10-31,Wikipedia,1253625479,-0.044981184517850506,-0.20787343635025746
2024-10-31,2024-11-30,NEM,NEM,15,Materials,2024-10-31,Wikipedia,1253625479,0.08798759530865899,-0.077024647887324
2024-10-31,2024-11-30,PLTR.O,PLTR,45,Information Technology,2024-10-31,Wikipedia,1253625479,0.10500189908626976,0.6140519730510106
2024-10-31,2024-11-30,SMCI.O,SMCI,45,Information Technology,2024-10-31,Wikipedia,1253625479,-0.03099545934680814,0.12126417038818271
2024-10-31,2024-11-30,TSLA.O,TSLA,25,Consumer Discretionary,2024-10-31,Wikipedia,1253625479,0.10491435327795026,0.3814688813287974
2024-10-31,2024-11-30,VST,VST,55,Utilities,2024-10-31,Wikipedia,1253625479,0.12710098761955832,0.2791293213828425
2024-10-31,2024-11-30,VTR,VTR,60,Real Estate,2024-10-31,Wikipedia,1253625479,0.10566649386270711,-0.021682699648801318
2024-10-31,2024-11-30,WBA.O^H25,WBA,30,Consumer Staples,2024-10-31,Wikipedia,1253625479,-0.030251558159972537,-0.04651162790697683
2024-11-30,2024-12-31,DG,DG,30,Consumer Staples,2024-11-30,Wikipedia,1259811770,-0.0348129155570545,-0.018765368189465503
2024-11-30,2024-12-31,DLTR.O,DLTR,30,Consumer Staples,2024-11-30,Wikipedia,1259811770,-0.03865056439033711,0.05149431738459387
2024-11-30,2024-12-31,DXCM.O,DXCM,35,Health Care,2024-11-30,Wikipedia,1259811770,-0.03886398495505952,-0.0028208744710860323
2024-11-30,2024-12-31,EL,EL,30,Consumer Staples,2024-11-30,Wikipedia,1259811770,-0.04501928494620586,0.03965612867443147
2024-11-30,2024-12-31,FICO.K,FICO,45,Information Technology,2024-11-30,Wikipedia,1259811770,0.10808449296311264,-0.16172427295655212
2024-11-30,2024-12-31,GEV,GEV,20,Industrials,2024-11-30,Wikipedia,1259811770,0.10010196616176005,-0.015533341314497795
2024-11-30,2024-12-31,HII,HII,20,Industrials,2024-11-30,Wikipedia,1259811770,-0.045035395020819206,-0.04522029102667735
2024-11-30,2024-12-31,HWM,HWM,20,Industrials,2024-11-30,Wikipedia,1259811770,0.09867771117553341,-0.07611082953201542
2024-11-30,2024-12-31,INTC.O,INTC,45,Information Technology,2024-11-30,Wikipedia,1259811770,-0.028967340093608778,-0.16632016632016633
2024-11-30,2024-12-31,IP,IP,15,Materials,2024-11-30,Wikipedia,1259811770,0.10499383886070113,-0.08516063233044358
2024-11-30,2024-12-31,IRM,IRM,60,Real Estate,2024-11-30,Wikipedia,1259811770,0.08798532419642247,-0.15007681733645994
2024-11-30,2024-12-31,MRNA.O,MRNA,35,Health Care,2024-11-30,Wikipedia,1259811770,-0.03063514239425852,-0.03437064561077574
2024-11-30,2024-12-31,NVDA.O,NVDA,45,Information Technology,2024-11-30,Wikipedia,1259811770,0.10496445541952783,-0.0286437613019892
2024-11-30,2024-12-31,PLTR.O,PLTR,45,Information Technology,2024-11-30,Wikipedia,1259811770,0.14571662606881783,0.12745974955277273
2024-11-30,2024-12-31,QRVO.O,QRVO,45,Information Technology,2024-11-30,Wikipedia,1259811770,-0.044988331455388025,0.012744388124547479
2024-11-30,2024-12-31,SMCI.O,SMCI,45,Information Technology,2024-11-30,Wikipedia,1259811770,-0.029881366869270475,-0.06617647058823528
2024-11-30,2024-12-31,TPL,TPL,10,Energy,2024-11-30,Wikipedia,1259811770,0.10518143930839688,-0.3088138792192938
2024-11-30,2024-12-31,VST,VST,55,Utilities,2024-11-30,Wikipedia,1259811770,0.1397841138467948,-0.13744994994994997
2024-11-30,2024-12-31,VTR,VTR,60,Real Estate,2024-11-30,Wikipedia,1259811770,0.08888151915220845,-0.0808490713282346
2024-11-30,2024-12-31,WBA.O^H25,WBA,30,Consumer Staples,2024-11-30,Wikipedia,1259811770,-0.024800337319678595,0.03436807095343686
2024-12-31,2025-01-31,AES,AES,55,Utilities,2024-12-31,Wikipedia,1265285344,-0.044997355275486865,-0.14529914529914523
2024-12-31,2025-01-31,AXON.O,AXON,20,Industrials,2024-12-31,Wikipedia,1265285344,0.10520487838840263,0.09735496029075219
2024-12-31,2025-01-31,CCL,CCL,25,Consumer Discretionary,2024-12-31,Wikipedia,1265285344,0.10500063541317664,0.1103531300160514
2024-12-31,2025-01-31,CE,CE,15,Materials,2024-12-31,Wikipedia,1265285344,-0.04497917984470808,0.0264412657130475
2024-12-31,2025-01-31,DG,DG,30,Consumer Staples,2024-12-31,Wikipedia,1265285344,-0.037428821674360464,-0.06278026905829581
2024-12-31,2025-01-31,DLTR.O,DLTR,30,Consumer Staples,2024-12-31,Wikipedia,1265285344,-0.04453030404808105,-0.021216973578863096
2024-12-31,2025-01-31,DXCM.O,DXCM,35,Health Care,2024-12-31,Wikipedia,1265285344,-0.04246326640805896,0.11649736402211652
2024-12-31,2025-01-31,EL,EL,30,Consumer Staples,2024-12-31,Wikipedia,1265285344,-0.051283918483284,0.11269671912510004
2024-12-31,2025-01-31,ENPH.O,ENPH,45,Information Technology,2024-12-31,Wikipedia,1265285344,-0.04497720190573903,-0.09318578916715203
2024-12-31,2025-01-31,FICO.K,FICO,45,Information Technology,2024-12-31,Wikipedia,1265285344,0.09927574869791891,-0.058952348902271856
2024-12-31,2025-01-31,GEV,GEV,20,Industrials,2024-12-31,Wikipedia,1265285344,0.10797830618175555,0.13361505487489733
2024-12-31,2025-01-31,MRNA.O,MRNA,35,Health Care,2024-12-31,Wikipedia,1265285344,-0.032413300331555116,-0.051948051948051854
2024-12-31,2025-01-31,PLTR.O,PLTR,45,Information Technology,2024-12-31,Wikipedia,1265285344,0.1050283348694115,0.09070474679360041
2024-12-31,2025-01-31,SMCI.O,SMCI,45,Information Technology,2024-12-31,Wikipedia,1265285344,-0.03057441545841449,-0.06430446194225725
2024-12-31,2025-01-31,TPL,TPL,10,Energy,2024-12-31,Wikipedia,1265285344,0.07965756171204545,0.17289052045281905
2024-12-31,2025-01-31,TRGP.K,TRGP,10,Energy,2024-12-31,Wikipedia,1265285344,0.10502855925744581,0.10252100840336142
2024-12-31,2025-01-31,TSLA.O,TSLA,25,Consumer Discretionary,2024-12-31,Wikipedia,1265285344,0.10504843837515172,0.0018819334389859055
2024-12-31,2025-01-31,UAL.O,UAL,20,Industrials,2024-12-31,Wikipedia,1265285344,0.10498625795764517,0.09001029866117416
2024-12-31,2025-01-31,VST,VST,55,Utilities,2024-12-31,Wikipedia,1265285344,0.13210979321513347,0.21875679988394858
2024-12-31,2025-01-31,WBA.O^H25,WBA,30,Consumer Staples,2024-12-31,Wikipedia,1265285344,-0.02810771779728979,0.10182207931404075
2025-01-31,2025-02-28,AXON.O,AXON,20,Industrials,2025-01-31,Wikipedia,1267185833,0.10443773475940453,-0.18971756263608197
2025-01-31,2025-02-28,BIIB.O,BIIB,35,Health Care,2025-01-31,Wikipedia,1267185833,-0.045014768354305075,-0.02383102897241718
2025-01-31,2025-02-28,CE,CE,15,Materials,2025-01-31,Wikipedia,1267185833,-0.041765729309551004,-0.28293918918918926
2025-01-31,2025-02-28,DG,DG,30,Consumer Staples,2025-01-31,Wikipedia,1267185833,-0.031733794989127484,0.04390655783844655
2025-01-31,2025-02-28,DXCM.O,DXCM,35,Health Care,2025-01-31,Wikipedia,1267185833,-0.04288896186324267,0.01773580559714394
2025-01-31,2025-02-28,ENPH.O,ENPH,45,Information Technology,2025-01-31,Wikipedia,1267185833,-0.03689650119060986,-0.07947976878612717
2025-01-31,2025-02-28,EXPE.O,EXPE,25,Consumer Discretionary,2025-01-31,Wikipedia,1267185833,0.10500295598400573,0.15799941503363568
2025-01-31,2025-02-28,FTNT.O,FTNT,45,Information Technology,2025-01-31,Wikipedia,1267185833,0.10496669599855392,0.07067803330689948
2025-01-31,2025-02-28,GEV,GEV,20,Industrials,2025-01-31,Wikipedia,1267185833,0.11073286819884305,-0.1011049131087749
2025-01-31,2025-02-28,INTC.O,INTC,45,Information Technology,2025-01-31,Wikipedia,1267185833,-0.045006460810468406,0.22130725681935148
2025-01-31,2025-02-28,MCHP.O,MCHP,45,Information Technology,2025-01-31,Wikipedia,1267185833,-0.04498749254521962,0.08397790055248633
2025-01-31,2025-02-28,MRNA.O,MRNA,35,Health Care,2025-01-31,Wikipedia,1267185833,-0.02779904150251408,-0.21461187214611877
2025-01-31,2025-02-28,MU.O,MU,45,Information Technology,2025-01-31,Wikipedia,1267185833,-0.04499864946382017,0.026194651468654184
2025-01-31,2025-02-28,PLTR.O,PLTR,45,Information Technology,2025-01-31,Wikipedia,1267185833,0.1036306249235808,0.029458116135289147
2025-01-31,2025-02-28,SMCI.O,SMCI,45,Information Technology,2025-01-31,Wikipedia,1267185833,-0.025880171793446437,0.4537166900420757
2025-01-31,2025-02-28,TPL,TPL,10,Energy,2025-01-31,Wikipedia,1267185833,0.08451988911616011,0.10081947624443988
2025-01-31,2025-02-28,TPR,TPR,25,Consumer Discretionary,2025-01-31,Wikipedia,1267185833,0.10501344378821582,0.17109953386344956
2025-01-31,2025-02-28,TSLA.O,TSLA,25,Consumer Discretionary,2025-01-31,Wikipedia,1267185833,0.09520956470285241,-0.27587740978744435
2025-01-31,2025-02-28,UAL.O,UAL,20,Industrials,2025-01-31,Wikipedia,1267185833,0.10352315312344948,-0.1136621315192744
2025-01-31,2025-02-28,VST,VST,55,Utilities,2025-01-31,Wikipedia,1267185833,0.1456553691654945,-0.20454680711777662
2025-02-28,2025-03-31,AES,AES,55,Utilities,2025-02-28,Wikipedia,1277835390,-0.04500431004675366,0.0716134598792062
2025-02-28,2025-03-31,AXON.O,AXON,20,Industrials,2025-02-28,Wikipedia,1277835390,0.08934448078876617,-0.00473081653893459
2025-02-28,2025-03-31,BIIB.O,BIIB,35,Health Care,2025-02-28,Wikipedia,1277835390,-0.04639315184892131,-0.026049822064056927
2025-02-28,2025-03-31,CE,CE,15,Materials,2025-02-28,Wikipedia,1277835390,-0.031619130087495353,0.11444837063211644
2025-02-28,2025-03-31,CRWD.O,CRWD,45,Information Technology,2025-02-28,Wikipedia,1277835390,0.10485031705556701,-0.0951598829749013
2025-02-28,2025-03-31,DG,DG,30,Consumer Staples,2025-02-28,Wikipedia,1277835390,-0.034974981837990554,0.1853599352925317
2025-02-28,2025-03-31,ENPH.O,ENPH,45,Information Technology,2025-02-28,Wikipedia,1277835390,-0.0358585218254336,0.08233036804465366
2025-02-28,2025-03-31,FTNT.O,FTNT,45,Information Technology,2025-02-28,Wikipedia,1277835390,0.11865451810812268,-0.1087862234978243
2025-02-28,2025-03-31,GEV,GEV,20,Industrials,2025-02-28,Wikipedia,1277835390,0.1050895218229019,-0.08920579986872734
2025-02-28,2025-03-31,INTC.O,INTC,45,Information Technology,2025-02-28,Wikipedia,1277835390,-0.05803281804489589,-0.04298356510745893
2025-02-28,2025-03-31,MCHP.O,MCHP,45,Information Technology,2025-02-28,Wikipedia,1277835390,-0.05148563529027365,-0.17753992524634732
2025-02-28,2025-03-31,MRNA.O,MRNA,35,Health Care,2025-02-28,Wikipedia,1277835390,-0.023050906761661,-0.08430232558139528
2025-02-28,2025-03-31,PLTR.O,PLTR,45,Information Technology,2025-02-28,Wikipedia,1277835390,0.11263429862993386,-0.00612341026848795
2025-02-28,2025-03-31,RCL,RCL,25,Consumer Discretionary,2025-02-28,Wikipedia,1277835390,0.10509404620295833,-0.16521739130434787
2025-02-28,2025-03-31,REGN.O,REGN,35,Health Care,2025-02-28,Wikipedia,1277835390,-0.044924665082742565,-0.09232332484185823
2025-02-28,2025-03-31,SMCI.O,SMCI,45,Information Technology,2025-02-28,Wikipedia,1277835390,-0.03972105651719694,-0.1741437530149541
2025-02-28,2025-03-31,TPR,TPR,25,Consumer Discretionary,2025-02-28,Wikipedia,1277835390,0.12984121448535885,-0.1757199719035355
2025-02-28,2025-03-31,TSLA.O,TSLA,25,Consumer Discretionary,2025-02-28,Wikipedia,1277835390,0.07278913122403076,-0.11543450064850835
2025-02-28,2025-03-31,UAL.O,UAL,20,Industrials,2025-02-28,Wikipedia,1277835390,0.09687476370459977,-0.263937746508901
2025-02-28,2025-03-31,VST,VST,55,Utilities,2025-02-28,Wikipedia,1277835390,0.1223249333351736,-0.12135268591949722
2025-03-31,2025-04-30,AES,AES,55,Utilities,2025-03-31,Wikipedia,1282988712,-0.0543939937446818,-0.19484702093397743
2025-03-31,2025-04-30,AXON.O,AXON,20,Industrials,2025-03-31,Wikipedia,1282988712,0.10029215557052099,0.16608042589599759
2025-03-31,2025-04-30,BIIB.O,BIIB,35,Health Care,2025-03-31,Wikipedia,1282988712,-0.050962332719647105,-0.1151710026308097
2025-03-31,2025-04-30,DASH.O,DASH,25,Consumer Discretionary,2025-03-31,Wikipedia,1282988712,0.10504680374628772,0.05537013733107177
2025-03-31,2025-04-30,EIX,EIX,55,Utilities,2025-03-31,Wikipedia,1282988712,-0.04499400705900369,-0.09181941615750178
2025-03-31,2025-04-30,ENPH.O,ENPH,45,Information Technology,2025-03-31,Wikipedia,1282988712,-0.04377346302918752,-0.28138597904915386
2025-03-31,2025-04-30,FSLR.O,FSLR,45,Information Technology,2025-03-31,Wikipedia,1282988712,-0.0450480620764021,-0.004824804239500269
2025-03-31,2025-04-30,GEV,GEV,20,Industrials,2025-03-31,Wikipedia,1282988712,0.10795390370980491,0.2146881551362685
2025-03-31,2025-04-30,HII,HII,20,Industrials,2025-03-31,Wikipedia,1282988712,-0.04493588761995922,0.12889629484414833
2025-03-31,2025-04-30,MRNA.O,MRNA,35,Health Care,2025-03-31,Wikipedia,1282988712,-0.02380667835647246,0.006701940035273246
2025-03-31,2025-04-30,ON.O,ON,45,Information Technology,2025-03-31,Wikipedia,1282988712,-0.04498808947594632,-0.024330302285573757
2025-03-31,2025-04-30,PLTR.O,PLTR,45,Information Technology,2025-03-31,Wikipedia,1282988712,0.1262588412676364,0.4033175355450236
2025-03-31,2025-04-30,RCL,RCL,25,Consumer Discretionary,2025-03-31,Wikipedia,1282988712,0.09894872097697047,0.04609618380062308
2025-03-31,2025-04-30,REGN.O,REGN,35,Health Care,2025-03-31,Wikipedia,1282988712,-0.04599119590016914,-0.05592608359743312
2025-03-31,2025-04-30,RL,RL,25,Consumer Discretionary,2025-03-31,Wikipedia,1282988712,0.10493453976513897,0.019072211651716797
2025-03-31,2025-04-30,SWKS.O,SWKS,45,Information Technology,2025-03-31,Wikipedia,1282988712,-0.04501493793523381,-0.005415441745319383
2025-03-31,2025-04-30,TPL,TPL,10,Energy,2025-03-31,Wikipedia,1282988712,0.10517570963993124,-0.027260583098740354
2025-03-31,2025-04-30,TPR,TPR,25,Consumer Discretionary,2025-03-31,Wikipedia,1282988712,0.12071077143371267,0.003408606731998498
2025-03-31,2025-04-30,UAL.O,UAL,20,Industrials,2025-03-31,Wikipedia,1282988712,0.08042366902484045,-0.003330919623461326
2025-03-31,2025-04-30,VST,VST,55,Utilities,2025-03-31,Wikipedia,1282988712,0.12122390019029182,0.10379768392370581
2025-04-30,2025-05-31,AES,AES,55,Utilities,2025-04-30,Wikipedia,1286498810,-0.038302226571462504,0.008999999999999897
2025-04-30,2025-05-31,ALGN.O,ALGN,35,Health Care,2025-04-30,Wikipedia,1286498810,-0.04504786564033194,0.0440854010386611
2025-04-30,2025-05-31,AXON.O,AXON,20,Industrials,2025-04-30,Wikipedia,1286498810,0.10227986372623067,0.22347953693135514
2025-04-30,2025-05-31,CZR.O,CZR,25,Consumer Discretionary,2025-04-30,Wikipedia,1286498810,-0.04500076298394315,-0.006651884700665134
2025-04-30,2025-05-31,ENPH.O,ENPH,45,Information Technology,2025-04-30,Wikipedia,1286498810,-0.027510676019283576,-0.07176496972415347
2025-04-30,2025-05-31,EQT,EQT,10,Energy,2025-04-30,Wikipedia,1286498810,0.10501850424434582,0.11508899676375406
2025-04-30,2025-05-31,EXE.O,EXE,10,Energy,2025-04-30,Wikipedia,1286498810,0.10502177700205367,0.11770933589990373
2025-04-30,2025-05-31,FOX.O,FOX,50,Communication Services,2025-04-30,Wikipedia,1286498810,0.10499131999850442,0.08737024221453282
2025-04-30,2025-05-31,FSLR.O,FSLR,45,Information Technology,2025-04-30,Wikipedia,1286498810,-0.03920760602195671,0.2563980289302179
2025-04-30,2025-05-31,MCHP.O,MCHP,45,Information Technology,2025-04-30,Wikipedia,1286498810,-0.04499005214053559,0.25954861111111116
2025-04-30,2025-05-31,MCK,MCK,35,Health Care,2025-04-30,Wikipedia,1286498810,0.10491969514799833,0.009427741691101277
2025-04-30,2025-05-31,MRNA.O,MRNA,35,Health Care,2025-04-30,Wikipedia,1286498810,-0.02096014968266289,-0.06937631394533994
2025-04-30,2025-05-31,ON.O,ON,45,Information Technology,2025-04-30,Wikipedia,1286498810,-0.03838796029610632,0.0584382871536524
2025-04-30,2025-05-31,PLTR.O,PLTR,45,Information Technology,2025-04-30,Wikipedia,1286498810,0.15495743581300564,0.11263086795001698
2025-04-30,2025-05-31,REGN.O,REGN,35,Health Care,2025-04-30,Wikipedia,1286498810,-0.037973040387085856,-0.1811744271494422
2025-04-30,2025-05-31,TER.O,TER,45,Information Technology,2025-04-30,Wikipedia,1286498810,-0.04497187189317277,0.0591564479180704
2025-04-30,2025-05-31,TPL,TPL,10,Energy,2025-04-30,Wikipedia,1286498810,0.08947601533766457,-0.13565371216647137
2025-04-30,2025-05-31,TPR,TPR,25,Consumer Discretionary,2025-04-30,Wikipedia,1286498810,0.10592988897034704,0.11181882519462127
2025-04-30,2025-05-31,TRGP.K,TRGP,10,Energy,2025-04-30,Wikipedia,1286498810,0.10503868886006561,-0.0758923346986542
2025-04-30,2025-05-31,TTWO.O,TTWO,50,Communication Services,2025-04-30,Wikipedia,1286498810,0.10504064625103922,-0.03017315275158572
2025-05-31,2025-06-30,AES,AES,55,Utilities,2025-05-31,Wikipedia,1292523673,-0.037009499553247824,0.042616451932606436
2025-05-31,2025-06-30,ALB,ALB,15,Materials,2025-05-31,Wikipedia,1292523673,-0.04498530137827156,0.12392395982783366
2025-05-31,2025-06-30,AXON.O,AXON,20,Industrials,2025-05-31,Wikipedia,1292523673,0.11983532998712898,0.10339037262114181
2025-05-31,2025-06-30,CRWD.O,CRWD,45,Information Technology,2025-05-31,Wikipedia,1292523673,0.10496729025668179,0.08048878800093351
2025-05-31,2025-06-30,DOW,DOW,15,Materials,2025-05-31,Wikipedia,1292523673,-0.04500899452154146,-0.045421773612112415
2025-05-31,2025-06-30,ENPH.O,ENPH,45,Information Technology,2025-05-31,Wikipedia,1292523673,-0.02445441296056333,-0.0420391398888621
2025-05-31,2025-06-30,EQT,EQT,10,Energy,2025-05-31,Wikipedia,1292523673,0.11214331353540355,0.05786323235987667
2025-05-31,2025-06-30,FSLR.O,FSLR,45,Information Technology,2025-05-31,Wikipedia,1292523673,-0.04717322819830463,0.04719129554655854
2025-05-31,2025-06-30,MCHP.O,MCHP,45,Information Technology,2025-05-31,Wikipedia,1292523673,-0.05426620551029934,0.2124396967608546
2025-05-31,2025-06-30,MCK,MCK,35,Health Care,2025-05-31,Wikipedia,1292523673,0.10142155888152946,0.018443107114564095
2025-05-31,2025-06-30,MRNA.O,MRNA,35,Health Care,2025-05-31,Wikipedia,1292523673,-0.0186795541887108,0.038780120481927804
2025-05-31,2025-06-30,NCLH.K,NCLH,25,Consumer Discretionary,2025-05-31,Wikipedia,1292523673,-0.04499447872237357,0.14900849858356957
2025-05-31,2025-06-30,NFLX.O,NFLX,50,Communication Services,2025-05-31,Wikipedia,1292523673,0.10499862368887322,0.10925838489765827
2025-05-31,2025-06-30,ON.O,ON,45,Information Technology,2025-05-31,Wikipedia,1292523673,-0.038909764621795705,0.24726320799619206
2025-05-31,2025-06-30,PLTR.O,PLTR,45,Information Technology,2025-05-31,Wikipedia,1292523673,0.1050312092586995,0.0344513583244801
2025-05-31,2025-06-30,TGT,TGT,30,Consumer Staples,2025-05-31,Wikipedia,1292523673,-0.04497077058344338,0.04935645144133605
2025-05-31,2025-06-30,TKO,TKO,50,Communication Services,2025-05-31,Wikipedia,1292523673,0.10495272947053301,0.1529687599011469
2025-05-31,2025-06-30,TPR,TPR,25,Consumer Discretionary,2025-05-31,Wikipedia,1292523673,0.11278479789160609,0.11788669637173776
2025-05-31,2025-06-30,TTWO.O,TTWO,50,Communication Services,2025-05-31,Wikipedia,1292523673,0.0975550178478045,0.07322785928937603
2025-05-31,2025-06-30,VRSN.O,VRSN,45,Information Technology,2025-05-31,Wikipedia,1292523673,0.10500679632373532,0.0599332036554483
2025-06-30,2025-07-31,ALB,ALB,15,Materials,2025-06-30,Wikipedia,1295035732,-0.04818034254140107,0.08265517791606825
2025-06-30,2025-07-31,AVGO.O,AVGO,45,Information Technology,2025-06-30,Wikipedia,1295035732,0.10497433282852543,0.0654815889715219
2025-06-30,2025-07-31,BLDR.K,BLDR,20,Industrials,2025-06-30,Wikipedia,1295035732,-0.04502205528730313,0.08946782072157
2025-06-30,2025-07-31,CRWD.O,CRWD,45,Information Technology,2025-06-30,Wikipedia,1295035732,0.10807781847722167,-0.10747874575405947
2025-06-30,2025-07-31,DECK.K,DECK,25,Consumer Discretionary,2025-06-30,Wikipedia,1295035732,-0.04499574051380971,0.030076646938973495
2025-06-30,2025-07-31,DOW,DOW,15,Materials,2025-06-30,Wikipedia,1295035732,-0.04094238656955674,-0.12046827794561943
2025-06-30,2025-07-31,ENPH.O,ENPH,45,Information Technology,2025-06-30,Wikipedia,1295035732,-0.022323759054658217,-0.18385876418663305
2025-06-30,2025-07-31,GEV,GEV,20,Industrials,2025-06-30,Wikipedia,1295035732,0.10510454915948322,0.24783142776150435
2025-06-30,2025-07-31,HAL,HAL,10,Energy,2025-06-30,Wikipedia,1295035732,-0.04499461875995729,0.09911678115799805
2025-06-30,2025-07-31,HWM,HWM,20,Industrials,2025-06-30,Wikipedia,1295035732,0.10506096509260572,-0.03416966636221985
2025-06-30,2025-07-31,LEN,LEN,25,Consumer Discretionary,2025-06-30,Wikipedia,1295035732,-0.04496810392845198,0.01419401500768469
2025-06-30,2025-07-31,MOS,MOS,15,Materials,2025-06-30,Wikipedia,1295035732,0.10498861554158906,-0.012883771929824483
2025-06-30,2025-07-31,MRNA.O,MRNA,35,Health Care,2025-06-30,Wikipedia,1295035732,-0.01849066183657456,0.07140268213120682
2025-06-30,2025-07-31,NFLX.O,NFLX,50,Communication Services,2025-06-30,Wikipedia,1295035732,0.11098866969524833,-0.1342140046149366
2025-06-30,2025-07-31,NRG,NRG,55,Utilities,2025-06-30,Wikipedia,1295035732,0.10498094188784704,0.04122555735458944
2025-06-30,2025-07-31,ON.O,ON,45,Information Technology,2025-06-30,Wikipedia,1295035732,-0.04624651749404616,0.07536729631749672
2025-06-30,2025-07-31,PLTR.O,PLTR,45,Information Technology,2025-06-30,Wikipedia,1295035732,0.10353585141862688,0.16160504694835676
2025-06-30,2025-07-31,TPR,TPR,25,Consumer Discretionary,2025-06-30,Wikipedia,1295035732,0.12014637520432482,0.23026990092244626
2025-06-30,2025-07-31,UNH,UNH,35,Health Care,2025-06-30,Wikipedia,1295035732,-0.04502587067938717,-0.2000512869827228
2025-06-30,2025-07-31,VRSN.O,VRSN,45,Information Technology,2025-06-30,Wikipedia,1295035732,0.10606161239853928,-0.06900969529085876
2025-07-31,2025-08-31,CRWD.O,CRWD,45,Information Technology,2025-07-31,Wikipedia,1302049498,0.0926620158875275,-0.06791033284202652
2025-07-31,2025-08-31,DECK.K,DECK,25,Consumer Discretionary,2025-07-31,Wikipedia,1302049498,-0.044523321107784945,0.1267778091739662
2025-07-31,2025-08-31,DOW,DOW,15,Materials,2025-07-31,Wikipedia,1302049498,-0.034591649306081135,0.05753542292829539
2025-07-31,2025-08-31,EIX,EIX,55,Utilities,2025-07-31,Wikipedia,1302049498,-0.045001767602452274,0.07693783576362256
2025-07-31,2025-08-31,ENPH.O,ENPH,45,Information Technology,2025-07-31,Wikipedia,1302049498,-0.017501660490236246,0.16501854140914718
2025-07-31,2025-08-31,GEV,GEV,20,Industrials,2025-07-31,Wikipedia,1302049498,0.1259865084823523,-0.07166548031925357
2025-07-31,2025-08-31,HWM,HWM,20,Industrials,2025-07-31,Wikipedia,1302049498,0.0974740102621099,-0.03154030149635656
2025-07-31,2025-08-31,LULU.O,LULU,25,Consumer Discretionary,2025-07-31,Wikipedia,1302049498,-0.045006125913776694,0.008327930982895193
2025-07-31,2025-08-31,MRNA.O,MRNA,35,Health Care,2025-07-31,Wikipedia,1302049498,-0.019030569829806398,-0.18504736129905275
2025-07-31,2025-08-31,NEM,NEM,15,Materials,2025-07-31,Wikipedia,1302049498,0.10502116414469534,0.19806763285024154
2025-07-31,2025-08-31,NFLX.O,NFLX,50,Communication Services,2025-07-31,Wikipedia,1302049498,0.09230724934571997,0.04213386234259109
2025-07-31,2025-08-31,NRG,NRG,55,Utilities,2025-07-31,Wikipedia,1302049498,0.10500304455115761,-0.1294258373205741
2025-07-31,2025-08-31,PCG,PCG,55,Utilities,2025-07-31,Wikipedia,1302049498,-0.044995288475066064,0.08987161198288152
2025-07-31,2025-08-31,PLTR.O,PLTR,45,Information Technology,2025-07-31,Wikipedia,1302049498,0.11553028817469595,-0.010356804546889697
2025-07-31,2025-08-31,SMCI.O,SMCI,45,Information Technology,2025-07-31,Wikipedia,1302049498,0.1049894411290395,-0.2955740206884857
2025-07-31,2025-08-31,STX.O,STX,45,Information Technology,2025-07-31,Wikipedia,1302049498,0.10496168520621126,0.0661741290363671
2025-07-31,2025-08-31,TTD.O,TTD,50,Communication Services,2025-07-31,Wikipedia,1302049498,-0.045002371588903536,-0.3714351425942962
2025-07-31,2025-08-31,UBER.K,UBER,20,Industrials,2025-07-31,Wikipedia,1302049498,0.104975762208615,0.06837606837606836
2025-07-31,2025-08-31,UNH,UNH,35,Health Care,2025-07-31,Wikipedia,1302049498,-0.0345995834917363,0.24166533098252918
2025-07-31,2025-08-31,WST,WST,35,Health Care,2025-07-31,Wikipedia,1302049498,-0.04499509629755884,0.03214076736604521
2025-08-31,2025-09-30,ALGN.O,ALGN,35,Health Care,2025-08-31,Wikipedia,1308482549,-0.044987218996679124,-0.11792054099746418
2025-08-31,2025-09-30,AMD.O,AMD,45,Information Technology,2025-08-31,Wikipedia,1308482549,0.10503954764172503,-0.005165098690278591
2025-08-31,2025-09-30,APH,APH,45,Information Technology,2025-08-31,Wikipedia,1308482549,0.10496305805195566,0.13678118684548957
2025-08-31,2025-09-30,CNC,CNC,35,Health Care,2025-08-31,Wikipedia,1308482549,-0.04500290771142234,0.2286501377410468
2025-08-31,2025-09-30,DECK.K,DECK,25,Consumer Discretionary,2025-08-31,Wikipedia,1308482549,-0.051936133026765786,-0.1526372983365376
2025-08-31,2025-09-30,DLTR.O,DLTR,30,Consumer Staples,2025-08-31,Wikipedia,1308482549,0.1050292519226748,-0.13556837959146284
2025-08-31,2025-09-30,DOW,DOW,15,Materials,2025-08-31,Wikipedia,1308482549,-0.03787127841882573,-0.06902151847340643
2025-08-31,2025-09-30,ENPH.O,ENPH,45,Information Technology,2025-08-31,Wikipedia,1308482549,-0.021108426725802643,-0.06127320954907167
2025-08-31,2025-09-30,EPAM.K,EPAM,45,Information Technology,2025-08-31,Wikipedia,1308482549,-0.04498656530023149,-0.14498752551599015
2025-08-31,2025-09-30,GEV,GEV,20,Industrials,2025-08-31,Wikipedia,1308482549,0.12107997238996211,0.0031486043362642935
2025-08-31,2025-09-30,HWM,HWM,20,Industrials,2025-08-31,Wikipedia,1308482549,0.09772690838169928,0.12711085582998272
2025-08-31,2025-09-30,IT,IT,45,Information Technology,2025-08-31,Wikipedia,1308482549,-0.04497707249094845,0.04649866634818278
2025-08-31,2025-09-30,LULU.O,LULU,25,Consumer Discretionary,2025-08-31,Wikipedia,1308482549,-0.046980453151854576,-0.12002967359050432
2025-08-31,2025-09-30,MOH,MOH,35,Health Care,2025-08-31,Wikipedia,1308482549,-0.044970407629341055,0.05823148813803014
2025-08-31,2025-09-30,NEM,NEM,15,Materials,2025-08-31,Wikipedia,1308482549,0.13025725945067598,0.13319892473118267
2025-08-31,2025-09-30,NRG,NRG,55,Utilities,2025-08-31,Wikipedia,1308482549,0.0946349241843894,0.1125996152789226
2025-08-31,2025-09-30,PLTR.O,PLTR,45,Information Technology,2025-08-31,Wikipedia,1308482549,0.11836362917196831,0.16406100440303728
2025-08-31,2025-09-30,SMCI.O,SMCI,45,Information Technology,2025-08-31,Wikipedia,1308482549,0.07656402589965024,0.1540683678382282
2025-08-31,2025-09-30,STX.O,STX,45,Information Technology,2025-08-31,Wikipedia,1308482549,0.1158517792557453,0.4101553166069294
2025-08-31,2025-09-30,UNH,UNH,35,Health Care,2025-08-31,Wikipedia,1308482549,-0.0444753320458045,0.11433827088779158
2025-09-30,2025-10-31,AMD.O,AMD,45,Information Technology,2025-09-30,Wikipedia,1312973701,0.09265752665217403,0.5830397428765686
2025-09-30,2025-10-31,APH,APH,45,Information Technology,2025-09-30,Wikipedia,1312973701,0.10580110419516145,0.12597979797979808
2025-09-30,2025-10-31,BAX,BAX,35,Health Care,2025-09-30,Wikipedia,1312973701,-0.045003127303080884,-0.1888449714536672
2025-09-30,2025-10-31,CNC,CNC,35,Health Care,2025-09-30,Wikipedia,1312973701,-0.0490281669478717,-0.008688340807174955
2025-09-30,2025-10-31,DLTR.O,DLTR,30,Consumer Staples,2025-09-30,Wikipedia,1312973701,0.08050405648063874,0.050333792518808984
2025-09-30,2025-10-31,DOW,DOW,15,Materials,2025-09-30,Wikipedia,1312973701,-0.03126269805937395,0.04012211077191452
2025-09-30,2025-10-31,EME,EME,20,Industrials,2025-09-30,Wikipedia,1312973701,0.10517297752328751,0.040397819995689366
2025-09-30,2025-10-31,EMN,EMN,15,Materials,2025-09-30,Wikipedia,1312973701,-0.04500700832286958,-0.05598731165741466
2025-09-30,2025-10-31,FISV.O,FISV,40,Financials,2025-09-30,Wikipedia,1312973701,-0.04500169712208731,-0.48274257348949046
2025-09-30,2025-10-31,GEV,GEV,20,Industrials,2025-09-30,Wikipedia,1312973701,0.1076996852150101,-0.048398113514392604
2025-09-30,2025-10-31,HII,HII,20,Industrials,2025-09-30,Wikipedia,1312973701,0.10502687854945597,0.11847452328852759
2025-09-30,2025-10-31,HOOD.O,HOOD,40,Financials,2025-09-30,Wikipedia,1312973701,0.10500270408041498,0.02514317642128794
2025-09-30,2025-10-31,IT,IT,45,Information Technology,2025-09-30,Wikipedia,1312973701,-0.04173560475776237,-0.05527447027047594
2025-09-30,2025-10-31,LULU.O,LULU,25,Consumer Discretionary,2025-09-30,Wikipedia,1312973701,-0.03665743527245061,-0.04153318720845289
2025-09-30,2025-10-31,MOH,MOH,35,Health Care,2025-09-30,Wikipedia,1312973701,-0.04219726970262765,-0.2001463210702341
2025-09-30,2025-10-31,NEM,NEM,15,Materials,2025-09-30,Wikipedia,1312973701,0.13088351135422713,-0.03961570394970948
2025-09-30,2025-10-31,PLTR.O,PLTR,45,Information Technology,2025-09-30,Wikipedia,1312973701,0.12217176859352598,0.09894748382852758
2025-09-30,2025-10-31,STX.O,STX,45,Information Technology,2025-09-30,Wikipedia,1312973701,0.14485934082904658,0.08396170465135988
2025-09-30,2025-10-31,TPL,TPL,10,Energy,2025-09-30,Wikipedia,1312973701,-0.04509732084260806,0.010432286534424406
2025-09-30,2025-10-31,UNH,UNH,35,Health Care,2025-09-30,Wikipedia,1312973701,-0.043945366700312065,-0.010831161309006632
2025-10-31,2025-11-30,APH,APH,45,Information Technology,2025-10-31,Wikipedia,1319149625,0.10375838071453243,0.011195636572412848
2025-10-31,2025-11-30,APP.O,APP,45,Information Technology,2025-10-31,Wikipedia,1319149625,0.10491875973170225,-0.05938838592252049
2025-10-31,2025-11-30,AVGO.O,AVGO,45,Information Technology,2025-10-31,Wikipedia,1319149625,0.10506655767387839,0.09017125233341439
2025-10-31,2025-11-30,BAX,BAX,35,Health Care,2025-10-31,Wikipedia,1319149625,-0.031794276419704726,0.01461829994585817
2025-10-31,2025-11-30,CNC,CNC,35,Health Care,2025-10-31,Wikipedia,1319149625,-0.042330973570260215,0.11224201300537207
2025-10-31,2025-11-30,COIN.O,COIN,40,Financials,2025-10-31,Wikipedia,1319149625,0.10507595212241948,-0.20641107685147475
2025-10-31,2025-11-30,DOW,DOW,15,Materials,2025-10-31,Wikipedia,1319149625,-0.028321299149141877,0.0
2025-10-31,2025-11-30,EME,EME,20,Industrials,2025-10-31,Wikipedia,1319149625,0.09530287218569587,-0.0898369291781348
2025-10-31,2025-11-30,EMN,EMN,15,Materials,2025-10-31,Wikipedia,1319149625,-0.03700499619908384,0.043010752688172005
2025-10-31,2025-11-30,FISV.O,FISV,40,Financials,2025-10-31,Wikipedia,1319149625,-0.02027393331515856,-0.07827260458839402
2025-10-31,2025-11-30,GEV,GEV,20,Industrials,2025-10-31,Wikipedia,1319149625,0.08926313073444679,0.025002563489079588
2025-10-31,2025-11-30,HOOD.O,HOOD,40,Financials,2025-10-31,Wikipedia,1319149625,0.0937534795902699,-0.12460825725575686
2025-10-31,2025-11-30,IT,IT,45,Information Technology,2025-10-31,Wikipedia,1319149625,-0.03434114324617951,-0.06281710558105824
2025-10-31,2025-11-30,LULU.O,LULU,25,Consumer Discretionary,2025-10-31,Wikipedia,1319149625,-0.03060141741368287,0.07998123607364849
2025-10-31,2025-11-30,MOH,MOH,35,Health Care,2025-10-31,Wikipedia,1319149625,-0.029396612312758023,-0.03136025088200711
2025-10-31,2025-11-30,ORCL.K,ORCL,45,Information Technology,2025-10-31,Wikipedia,1319149625,0.10505248246330136,-0.2309889189292107
2025-10-31,2025-11-30,PLTR.O,PLTR,45,Information Technology,2025-10-31,Wikipedia,1319149625,0.11693652571671113,-0.1597246470793635
2025-10-31,2025-11-30,STX.O,STX,45,Information Technology,2025-10-31,Wikipedia,1319149625,0.1367611772127685,0.08132718461778965
2025-10-31,2025-11-30,TPL,TPL,10,Energy,2025-10-31,Wikipedia,1319149625,-0.03968810320278829,-0.08383684199368224
2025-10-31,2025-11-30,UNH,UNH,35,Health Care,2025-10-31,Wikipedia,1319149625,-0.03786046170712171,-0.034518093453566046
2025-11-30,2025-12-31,AMD.O,AMD,45,Information Technology,2025-11-30,Wikipedia,1324692884,0.10498464075808485,-0.015492116029972913
2025-11-30,2025-12-31,APP.O,APP,45,Information Technology,2025-11-30,Wikipedia,1324692884,0.1058494748271167,0.12400747314339089
2025-11-30,2025-12-31,AVGO.O,AVGO,45,Information Technology,2025-11-30,Wikipedia,1324692884,0.12285262820523066,-0.14110581695453628
2025-11-30,2025-12-31,BAX,BAX,35,Health Care,2025-11-30,Wikipedia,1324692884,-0.034600060605091874,0.01974386339381007
2025-11-30,2025-12-31,CHTR.O,CHTR,50,Communication Services,2025-11-30,Wikipedia,1324692884,-0.044993171953013666,0.04312412552468525
2025-11-30,2025-12-31,CMG,CMG,25,Consumer Discretionary,2025-11-30,Wikipedia,1324692884,-0.04500256541411463,0.07184241019698723
2025-11-30,2025-12-31,CNC,CNC,35,Health Care,2025-11-30,Wikipedia,1324692884,-0.0504989996824082,0.04600915099135716
2025-11-30,2025-12-31,FDS,FDS,40,Financials,2025-11-30,Wikipedia,1324692884,-0.045040657193717006,0.04659717964439003
2025-11-30,2025-12-31,FISV.O,FISV,40,Financials,2025-11-30,Wikipedia,1324692884,-0.020043138712234305,0.09272816007808693
2025-11-30,2025-12-31,HOOD.O,HOOD,40,Financials,2025-11-30,Wikipedia,1324692884,0.08802683025235297,-0.11977585804342761
2025-11-30,2025-12-31,IT,IT,45,Information Technology,2025-11-30,Wikipedia,1324692884,-0.03451948636795396,0.0839563461373205
2025-11-30,2025-12-31,KVUE.K,KVUE,30,Consumer Staples,2025-11-30,Wikipedia,1324692884,-0.045002359417160666,-0.0057636887608070175
2025-11-30,2025-12-31,LRCX.O,LRCX,45,Information Technology,2025-11-30,Wikipedia,1324692884,0.10503725826575562,0.09730769230769232
2025-11-30,2025-12-31,LULU.O,LULU,25,Consumer Discretionary,2025-11-30,Wikipedia,1324692884,-0.035447284877373066,0.12829840373547619
2025-11-30,2025-12-31,MOH,MOH,35,Health Care,2025-11-30,Wikipedia,1324692884,-0.030541108395353265,0.17051126399568317
2025-11-30,2025-12-31,MU.O,MU,45,Information Technology,2025-11-30,Wikipedia,1324692884,0.10494421827008897,0.2069096752368067
2025-11-30,2025-12-31,SNDK.O,SNDK,45,Information Technology,2025-11-30,S&P Notice,SPDJI-2025-11-24-SNDK,0.10500001401647814,0.06314940881404518
2025-11-30,2025-12-31,STX.O,STX,45,Information Technology,2025-11-30,Wikipedia,1324692884,0.10503787625661752,-0.004698398930210734
2025-11-30,2025-12-31,TER.O,TER,45,Information Technology,2025-11-30,Wikipedia,1324692884,0.1050196543546322,0.06415965693551051
2025-11-30,2025-12-31,WBD.O,WBD,50,Communication Services,2025-11-30,Wikipedia,1324692884,0.1049948817495107,0.20083333333333342
2025-12-31,2026-01-31,ALB,ALB,15,Materials,2025-12-31,Wikipedia,1329075976,0.1049886305106364,0.2063772624434388
2025-12-31,2026-01-31,AMD.O,AMD,45,Information Technology,2025-12-31,Wikipedia,1329075976,0.10089269432984674,0.10538849458348887
2025-12-31,2026-01-31,BAX,BAX,35,Health Care,2025-12-31,Wikipedia,1329075976,-0.0344415521457302,0.050235478806907485
2025-12-31,2026-01-31,CHTR.O,CHTR,50,Communication Services,2025-12-31,Wikipedia,1329075976,-0.045813909805284644,-0.012598802395209607
2025-12-31,2026-01-31,CMG,CMG,25,Consumer Discretionary,2025-12-31,Wikipedia,1329075976,-0.04708504220575105,0.05054054054054058
2025-12-31,2026-01-31,CNC,CNC,35,Health Care,2025-12-31,Wikipedia,1329075976,-0.05156238704945489,0.05273390036452019
2025-12-31,2026-01-31,FDS,FDS,40,Financials,2025-12-31,Wikipedia,1329075976,-0.04601495842549672,-0.12347082945656285
2025-12-31,2026-01-31,FISV.O,FISV,40,Financials,2025-12-31,Wikipedia,1329075976,-0.0213792577129889,-0.051213339288372906
2025-12-31,2026-01-31,HOOD.O,HOOD,40,Financials,2025-12-31,Wikipedia,1329075976,0.07563504936025375,-0.12042440318302383
2025-12-31,2026-01-31,INTC.O,INTC,45,Information Technology,2025-12-31,Wikipedia,1329075976,0.10500311998369391,0.2593495934959349
2025-12-31,2026-01-31,IT,IT,45,Information Technology,2025-12-31,Wikipedia,1329075976,-0.0365250544910262,-0.16913746630727755
2025-12-31,2026-01-31,LRCX.O,LRCX,45,Information Technology,2025-12-31,Wikipedia,1329075976,0.11250881640350012,0.3638275499474237
2025-12-31,2026-01-31,LULU.O,LULU,25,Consumer Discretionary,2025-12-31,Wikipedia,1329075976,-0.03904106933065853,-0.16029065011308408
2025-12-31,2026-01-31,MOH,MOH,35,Health Care,2025-12-31,Wikipedia,1329075976,-0.03489595971612608,0.03486227958971999
2025-12-31,2026-01-31,MU.O,MU,45,Information Technology,2025-12-31,Wikipedia,1329075976,0.12363688108768629,0.4536281139413474
2025-12-31,2026-01-31,SNDK.O,SNDK,45,Information Technology,2025-12-31,Wikipedia,1329075976,0.10896785806506187,1.4275423371808915
2025-12-31,2026-01-31,STX.O,STX,45,Information Technology,2025-12-31,Wikipedia,1329075976,0.10205055949743089,0.48040960092959084
2025-12-31,2026-01-31,TER.O,TER,45,Information Technology,2025-12-31,Wikipedia,1329075976,0.10909180568272364,0.24535027898326112
2025-12-31,2026-01-31,TTD.O,TTD,50,Communication Services,2025-12-31,Wikipedia,1329075976,-0.04499175573174095,-0.2010010537407798
2025-12-31,2026-01-31,WBD.O,WBD,50,Communication Services,2025-12-31,Wikipedia,1329075976,0.12307380246935899,-0.044413601665510116
