Rebalance_ID,Phase,Event_ID,Event_Date,Event_Type,Continuity_Class,Asset_ID,Shares_Before,Shares_After,Successor_Units_JSON,Cash_Per_From_Share,Cash_Effect,Interest_Effect,Currency,Restricted_Short_Proceeds_Transferred,Restricted_Short_Proceeds_Released,CVR_Units,CVR_Units_Per_From_Share,CVR_Base_Value,CVR_Base_Value_Per_From_Share,CVR_Max_Value,CVR_Max_Value_Per_From_Share,Fixed_Fee,Spread_Cost,Applied_To_Position,Source_URLs_JSON
,outside_position_lifecycle,EVT-20250518-DFS-COF-STOCK-EXCHANGE,2025-05-18,stock_exchange,predecessor_extinguished,DFS,0.0,0.0,{},0.0,0.0,0.0,,0.0,0.0,0.0,0.0,0.0,0.0,0.0,0.0,0.0,0.0,False,"[""https://www.sec.gov/Archives/edgar/data/927628/000119312525122059/d934475d8k.htm""]"
,outside_position_lifecycle,EVT-20250702-JNPR-CASH-SETTLEMENT,2025-07-02,cash_settlement,predecessor_extinguished,JNPR,0.0,0.0,{},40.0,0.0,0.0,USD,0.0,0.0,0.0,0.0,0.0,0.0,0.0,0.0,0.0,0.0,False,"[""https://www.sec.gov/Archives/edgar/data/1043604/000114036125025744/ef20051688_1512g.htm""]"
,outside_position_lifecycle,EVT-20250717-ANSS-SNPS-CASH-AND-STOCK,2025-07-17,cash_and_stock,predecessor_extinguished,ANSS,0.0,0.0,{},199.91,0.0,0.0,USD,0.0,0.0,0.0,0.0,0.0,0.0,0.0,0.0,0.0,0.0,False,"[""https://www.sec.gov/Archives/edgar/data/883241/000114036125026139/ef20051970_8k.htm""]"
,outside_position_lifecycle,EVT-20250718-HES-CVX-STOCK-EXCHANGE,2025-07-18,stock_exchange,predecessor_extinguished,HES,0.0,0.0,{},0.0,0.0,0.0,,0.0,0.0,0.0,0.0,0.0,0.0,0.0,0.0,0.0,0.0,False,"[""https://www.sec.gov/Archives/edgar/data/4447/000095014225001950/eh250651090_8k.htm""]"
,outside_position_lifecycle,EVT-20250828-WBA-CASH-DAP-ACQUISITION,2025-08-28,cash_settlement,predecessor_extinguished,WBA,0.0,0.0,{},11.45,0.0,0.0,USD,0.0,0.0,0.0,1.0,0.0,0.53,0.0,3.0,0.0,0.0,False,"[""https://www.sec.gov/Archives/edgar/data/1105076/000141036825017337/NPORT_WIX1_11766534_0825.htm"",""https://www.sec.gov/Archives/edgar/data/1618921/000119312525135574/d946494dex99c13.htm"",""https://www.sec.gov/Archives/edgar/data/1618921/000119312525190603/d87240dex991.htm""]"
,outside_position_lifecycle,EVT-20251126-IPG-OMC-STOCK-EXCHANGE,2025-11-26,stock_exchange,predecessor_extinguished,IPG,0.0,0.0,{},0.0,0.0,0.0,,0.0,0.0,0.0,0.0,0.0,0.0,0.0,0.0,0.0,0.0,False,"[""https://www.sec.gov/Archives/edgar/data/51644/000119312525300704/d89931d8k.htm""]"
,outside_position_lifecycle,EVT-20251211-K-CASH-SETTLEMENT,2025-12-11,cash_settlement,predecessor_extinguished,K,0.0,0.0,{},83.5,0.0,0.0,USD,0.0,0.0,0.0,0.0,0.0,0.0,0.0,0.0,0.0,0.0,False,"[""https://www.sec.gov/Archives/edgar/data/55067/000119312525319185/xslSCHEDULE_13D_X01/primary_doc.xml""]"
,outside_position_lifecycle,EVT-20260204-DAY-CASH-ACQUISITION,2026-02-04,cash_settlement,predecessor_extinguished,DAY,0.0,0.0,{},70.0,0.0,0.0,USD,0.0,0.0,0.0,0.0,0.0,0.0,0.0,0.0,0.0,0.0,False,"[""https://www.dayforce.com/ca/who-we-are/newsroom/thoma-bravo-completes-acquisition-of-dayforce""]"
R2,holding_period,EVT-20260407-HOLX-CASH-CVR-ACQUISITION,2026-04-07,cash_settlement,predecessor_extinguished,HOLX,0.0,0.0,{},76.0,0.0,0.0,USD,0.0,0.0,0.0,1.0,0.0,0.0,0.0,3.0,0.0,0.0,False,"[""https://www.sec.gov/Archives/edgar/data/859737/000119312526144632/d135035d8k.htm"",""https://www.sec.gov/Archives/edgar/data/859737/000119312526144632/d135035dex101.htm""]"
,outside_position_lifecycle,EVT-20260507-CTRA-DVN-STOCK-EXCHANGE,2026-05-07,stock_exchange,predecessor_extinguished,CTRA,0.0,0.0,{},0.0,0.0,0.0,,0.0,0.0,0.0,0.0,0.0,0.0,0.0,0.0,0.0,0.0,False,"[""https://www.sec.gov/Archives/edgar/data/858470/000110465926057278/tm2613882d1_8k.htm""]"
,outside_position_lifecycle,EVT-20260521-BK-BNY-TICKER-CHANGE,2026-05-21,identity_continuity,same_security,BK,0.0,0.0,{},0.0,0.0,0.0,,0.0,0.0,0.0,0.0,0.0,0.0,0.0,0.0,0.0,0.0,False,"[""https://www.bny.com/corporate/global/en/about-us/newsroom/press-release/bny-announces-planned-change-of-stock-ticker-symbol-to-bny-130465.html""]"
