Date,Field,Observation,NAV,Cash,Restricted_Short_Proceeds,Benchmark_Level,Portfolio_Return,Benchmark_Return,Risk_Free_Return,Include_In_Risk_Metrics
2026-02-13,Open,inception,1000000.0,1000000.0,0.0,15215.8798828125,,,,False
2026-02-13,Close,session_close,1000000.0,1000000.0,0.0,15220.1298828125,0.0,0.0002793134562530941,0.0,False
2026-02-17,Close,session_close,1000219.1960974871,1000219.1960974871,0.0,15237.83984375,0.00021919609748710656,0.001163588029396534,0.00021919609748710656,True
2026-02-18,Close,session_close,1000274.0026287802,1000274.0026287802,0.0,15323.23046875,5.4794520548018255e-05,0.005603853687635718,5.4794520548018255e-05,True
2026-02-19,Close,session_close,1000328.8121631708,1000328.8121631708,0.0,15282.08984375,5.479452054779621e-05,-0.0026848532418736193,5.4794520548018255e-05,True
2026-02-20,Close,session_close,1000383.6247008238,1000383.6247008238,0.0,15388.6396484375,5.47945205482403e-05,0.006972201169925585,5.4794520548018255e-05,True
2026-02-23,Close,session_close,1000548.0803350009,1000548.0803350009,0.0,15229.2802734375,0.00016439256912703648,-0.01035565057345278,0.00016439256912703648,True
2026-02-24,Close,session_close,1000602.904887348,1000602.904887348,0.0,15346.740234375,5.479452054779621e-05,0.007712771636514626,5.4794520548018255e-05,True
2026-02-25,Close,session_close,1000657.7324437802,1000657.7324437802,0.0,15472.0595703125,5.4794520548018255e-05,0.008165860242867584,5.4794520548018255e-05,True
2026-02-26,Close,session_close,1000712.5630044622,1000712.5630044622,0.0,15389.1298828125,5.4794520548018255e-05,-0.0053599643359132365,5.4794520548018255e-05,True
2026-02-27,Close,session_close,1000767.3965695585,1000767.3965695585,0.0,15323.7998046875,5.47945205482403e-05,-0.004245209353776702,5.4794520548018255e-05,True
2026-03-02,Close,session_close,998770.5097625806,414806.3291481092,441380.5767143617,15331.1796875,-0.0019953555779523846,0.00048159613846188165,0.00016439256912703648,True
2026-03-03,Close,session_close,927660.4917618152,414800.5046554919,441380.5767143617,15186.990234375,-0.07119755469919631,-0.009404980964547893,5.4794520548018255e-05,True
2026-03-04,Close,session_close,948440.3010118991,414794.6788862735,441380.5767143617,15305.009765625,0.02240023094076027,0.007771094168669945,5.4794520548018255e-05,True
2026-03-05,Close,session_close,905717.4481841684,414788.85184017423,441380.5767143617,15219.1396484375,-0.04504537901030703,-0.00561058885309329,5.4794520548018255e-05,True
2026-03-06,Close,session_close,859215.2556774823,414783.0235169141,441380.5767143617,15019.2001953125,-0.05134293548160762,-0.013137368980350117,5.4794520548018255e-05,True
2026-03-09,Close,session_close,920597.3696589116,414765.53088136954,441380.5767143617,15145.3798828125,0.07143973943180293,0.008401225488650299,0.00016439256912703648,True
2026-03-10,Close,session_close,958185.2784593923,414759.6974466664,441380.5767143617,15114.7001953125,0.04082991114172674,-0.0020256796288626866,5.4794520548018255e-05,True
2026-03-11,Close,session_close,981670.2119594002,414753.8627334023,441380.5767143617,15102.5703125,0.024509804134924762,-0.0008025222237793006,5.4794520548018255e-05,True
2026-03-12,Close,session_close,957867.3585608312,414748.02674129687,441380.5767143617,14873.2197265625,-0.024247301291804413,-0.015186195541011527,5.4794520548018255e-05,True
2026-03-13,Close,session_close,969912.5660646134,414742.1894700699,441380.5767143617,14785.0703125,0.012575026590194938,-0.0059267203526262024,5.4794520548018255e-05,True
2026-03-16,Close,session_close,1006691.613454579,414724.66997885576,441380.5767143617,14936.3701171875,0.037919961733453356,0.010233282729780635,0.00016439256912703648,True
2026-03-17,Close,session_close,1032956.4701473899,414718.82758833835,441380.5767143617,14974.1796875,0.026090270686451866,0.0025313760984666533,5.4794520548018255e-05,True
2026-03-18,Close,session_close,1047844.1330338132,414712.98391729704,441380.5767143617,14770.48046875,0.014412672088978784,-0.013603364124182504,5.4794520548018255e-05,True
2026-03-19,Close,session_close,1072020.8033998841,414707.1389654511,441380.5767143617,14730.740234375,0.023072773520306455,-0.002690517377486712,5.4794520548018255e-05,True
2026-03-20,Close,session_close,1030443.6029208133,414701.29273251985,441380.5767143617,14508.1201171875,-0.03878394929203799,-0.015112622559727451,5.4794520548018255e-05,True
2026-03-23,Close,session_close,1040767.967135269,414683.74634440587,441380.5767143617,14675.169921875,0.010019339423517293,0.011514228124538395,0.00016439256912703648,True
2026-03-24,Close,session_close,1088175.4587012131,414677.89498432475,441380.5767143617,14620.3798828125,0.04555049065973282,-0.003733519908401872,5.4794520548018255e-05,True
2026-03-25,Close,session_close,1086215.6639028043,414672.0423417538,441380.5767143617,14700.1796875,-0.0018009915429888501,0.005458121151921125,5.4794520548018255e-05,True
2026-03-26,Close,session_close,1005351.8484982753,414666.18841641187,441380.5767143617,14444.3603515625,-0.07444545138852354,-0.017402463192679907,5.4794520548018255e-05,True
2026-03-27,Close,session_close,1024219.7204894356,414660.3332080178,441380.5767143617,14203.240234375,0.01876743154085192,-0.016693028373625185,5.4794520548018255e-05,True
2026-03-30,Close,session_close,958008.5429799311,414642.7598817103,441380.5767143617,14147.3095703125,-0.06464548200445186,-0.003937880592002951,0.00016439256912703648,True
2026-03-31,Close,session_close,1005248.8618891402,414636.89953829494,441380.5767143617,14560.75,0.04931095787754236,0.029223961462968573,5.4794520548018255e-05,True
2026-04-01,Close,session_close,1068330.050621699,423062.1514822949,444476.6669800251,14665.6796875,0.06275181313213518,0.007206338100715914,5.4794520548018255e-05,True
2026-04-02,Close,session_close,1082320.9985125682,423057.45788985706,444476.6669800251,14683.2001953125,0.013096091308792968,0.0011946604716475129,5.4794520548018255e-05,True
2026-04-06,Close,session_close,1084145.151463862,423038.6732305247,444476.6669800251,14749.3095703125,0.0016854084451847218,0.004502381914067044,0.00021919609748710656,True
2026-04-07,Close,session_close,1112691.8124171258,423033.97449216864,444476.6669800251,14760.6396484375,0.02633103225589184,0.0007681768472611594,5.4794520548018255e-05,True
2026-04-08,Close,session_close,1207793.8251885823,423029.2747239521,444476.6669800251,15130.8603515625,0.08547021889633943,0.025081616511394955,5.4794520548018255e-05,True
2026-04-09,Close,session_close,1237015.8149153343,423024.5739256494,444476.6669800251,15225.1796875,0.02419451823426022,0.006233573884498966,5.4794520548018255e-05,True
2026-04-10,Close,session_close,1255236.5087166026,423019.87209703476,444476.6669800251,15209.3798828125,0.014729556066763294,-0.0010377417548951273,5.4794520548018255e-05,True
2026-04-13,Close,session_close,1259382.8264918951,423005.7604270606,444476.6669800251,15364.1103515625,0.003303216363210959,0.010173358147550493,0.00016439256912703648,True
2026-04-14,Close,session_close,1277538.4038668766,423001.05447493936,444476.6669800251,15545.5498046875,0.014416249763826938,0.011809304214386085,5.4794520548018255e-05,True
2026-04-15,Close,session_close,1234085.570023649,422996.3474913766,444476.6669800251,15670.76953125,-0.03401293746763612,0.008055020770300514,5.4794520548018255e-05,True
2026-04-16,Close,session_close,1266720.852818813,422991.63947614626,444476.6669800251,15711.7998046875,0.026444910780812902,0.002618267938640839,5.4794520548018255e-05,True
2026-04-17,Close,session_close,1273597.8586383269,422986.9304290221,444476.6669800251,15901.0302734375,0.005428982876701349,0.012043844187318742,5.4794520548018255e-05,True
2026-04-20,Close,session_close,1252335.6045090337,422972.79709402524,444476.6669800251,15863.6796875,-0.016694637153383596,-0.002348941250674419,0.00016439256912703648,True
2026-04-21,Close,session_close,1258311.6398939316,422968.08391706395,444476.6669800251,15763.01953125,0.004771912068443296,-0.006345322033280643,5.4794520548018255e-05,True
2026-04-22,Close,session_close,1289622.3892211614,422963.3697070775,444476.6669800251,15928.16015625,0.024883143678039232,0.010476458820127155,5.4794520548018255e-05,True
2026-04-23,Close,session_close,1315783.9565439941,422958.6544638396,444476.6669800251,15862.5498046875,0.020286222960685718,-0.004119141879469046,5.4794520548018255e-05,True
2026-04-24,Close,session_close,1336669.5109925284,422953.93818712374,444476.6669800251,15989.6904296875,0.015873087937165353,0.00801514425899108,5.4794520548018255e-05,True
2026-04-27,Close,session_close,1351764.5339167824,422939.7831538429,444476.6669800251,16009.490234375,0.011293010575998963,0.0012382856800490227,0.00016439256912703648,True
2026-04-28,Close,session_close,1286730.7191778696,422935.06274094945,444476.6669800251,15931.2197265625,-0.04811031293332957,-0.004889006874462476,5.4794520548018255e-05,True
2026-04-29,Close,session_close,1313352.4570866732,422930.34129344503,444476.6669800251,15924.900390625,0.020689439920897446,-0.000396663660784502,5.4794520548018255e-05,True
2026-04-30,Close,session_close,1378435.2993187627,422925.61881110276,444476.6669800251,16088.5595703125,0.049554742050324174,0.010276935847199686,5.4794520548018255e-05,True
2026-05-01,Close,session_close,1410437.9365094847,396993.1476281828,501188.14518861426,16136.0302734375,0.02321664078577923,0.002950587522614345,5.4794520548018255e-05,True
2026-05-04,Close,session_close,1434606.895403006,396924.62083158747,501188.14518861426,16071.4404296875,0.017135783339275568,-0.004002833575264542,0.00016439256912703648,True
2026-05-05,Close,session_close,1513645.3952059476,396901.76855227636,501188.14518861426,16202.3798828125,0.055094186467532724,0.008147337738509508,5.4794520548018255e-05,True
2026-05-06,Close,session_close,1538521.0788009819,396878.91126424645,501188.14518861426,16438.759765625,0.016434287498129363,0.014589207543717286,5.4794520548018255e-05,True
