Rebalance_ID,Date,Next_Date,Asset_ID,Source_Ticker,Yahoo_Ticker,GICS_Sector_Code,Sector,Sector_As_Of_Date,Sector_Source_Type,Sector_Source_Reference,Shares,Execution_Price,End_Price,End_Value_Source,Position_Value,Weight,Stock_Return
R1,2026-03-02,2026-04-01,ALB,ALB,ALB,15,Materials,2026-03-02,Wikipedia,1340186477,593.0,172.0707950322459,181.64280679240787,yahoo,102037.98145412182,0.10197400757143052,0.05562833459546801
R1,2026-03-02,2026-04-01,CIEN,CIEN,CIEN,45,Information Technology,2026-03-02,Wikipedia,1340186477,301.0,353.760009765625,401.7099914550781,yahoo,106481.76293945312,0.10641500297699626,0.13554381604981636
R1,2026-03-02,2026-04-01,COIN,COIN,COIN,40,Financials,2026-03-02,Wikipedia,1340186477,-256.0,172.5,179.0,yahoo,-44160.0,-0.04413231338155275,0.037681159420289934
R1,2026-03-02,2026-04-01,FDS,FDS,FDS,40,Financials,2026-03-02,Wikipedia,1340186477,-210.0,211.75491977500684,214.00542469948607,yahoo,-44468.533152751435,-0.04444065309590566,0.010627875502823958
R1,2026-03-02,2026-04-01,FISV,FISV,FISV,40,Financials,2026-03-02,Wikipedia,1340186477,-723.0,61.099998474121094,55.79999923706055,yahoo,-44175.29889678955,-0.0441476026865235,-0.08674303386939297
R1,2026-03-02,2026-04-01,GDDY,GDDY,GDDY,45,Information Technology,2026-03-02,Wikipedia,1340186477,-517.0,86.86000061035156,82.12000274658203,yahoo,-44906.62031555176,-0.04487846559493508,-0.05457054835899511
R1,2026-03-02,2026-04-01,INTC,INTC,INTC,45,Information Technology,2026-03-02,Wikipedia,1340186477,2304.0,44.20000076293945,45.0,yahoo,101836.8017578125,0.10177295400703902,0.018099529937821268
R1,2026-03-02,2026-04-01,IT,IT,IT,45,Information Technology,2026-03-02,Wikipedia,1340186477,-286.0,154.05999755859375,157.69000244140625,yahoo,-44061.15930175781,-0.044033534652619874,0.023562280542240632
R1,2026-03-02,2026-04-01,LRCX,LRCX,LRCX,45,Information Technology,2026-03-02,Wikipedia,1340186477,451.0,228.60157072089928,215.0698628548406,yahoo,103099.30839512557,0.10303466910133681,-0.05919341596554295
R1,2026-03-02,2026-04-01,MU,MU,MU,45,Information Technology,2026-03-02,Wikipedia,1340186477,255.0,401.2397011646354,348.85633726392524,yahoo,102316.12379698202,0.102251975529759,-0.13055379053633676
R1,2026-03-02,2026-04-01,NOW,NOW,NOW,45,Information Technology,2026-03-02,Wikipedia,1340186477,-417.0,105.9800033569336,105.2300033569336,yahoo,-44193.66139984131,-0.04416595367699338,-0.007076806720547557
R1,2026-03-02,2026-04-01,PAYC,PAYC,PAYC,20,Industrials,2026-03-02,Wikipedia,1340186477,-360.0,123.21400772862634,120.98095564711812,yahoo,-44357.042782305485,-0.04432923262562609,-0.018123362129624287
R1,2026-03-02,2026-04-01,SMCI,SMCI,SMCI,45,Information Technology,2026-03-02,Wikipedia,1340186477,-1390.0,30.899999618530273,22.8700008392334,yahoo,-42950.99946975708,-0.04292407084805764,-0.2598705138650359
R1,2026-03-02,2026-04-01,SNDK,SNDK,SNDK,45,Information Technology,2026-03-02,Wikipedia,1340186477,165.0,618.64501953125,652.2899780273438,yahoo,102076.42822265625,0.10201243023532248,0.05438491773777909
R1,2026-03-02,2026-04-01,STX,STX,STX,45,Information Technology,2026-03-02,Wikipedia,1340186477,258.0,392.6246713678656,396.2074815978595,yahoo,101297.16521290931,0.10123365579345646,0.009125280430064997
R1,2026-03-02,2026-04-01,TER,TER,TER,45,Information Technology,2026-03-02,Wikipedia,1340186477,329.0,310.26359440944697,301.7400886836184,yahoo,102076.72256070805,0.10201272438883566,-0.027471820346992804
R1,2026-03-02,2026-04-01,TTD,TTD,TTD,50,Communication Services,2026-03-02,Wikipedia,1340186477,-1891.0,23.075000762939453,22.63999938964844,yahoo,-43634.826442718506,-0.04360746908785592,-0.018851629855183516
R1,2026-03-02,2026-04-01,TYL,TYL,TYL,45,Information Technology,2026-03-02,Wikipedia,1340186477,-127.0,350.95001220703125,338.2900085449219,yahoo,-44570.65155029297,-0.044542707469146715,-0.03607352392579777
R1,2026-03-02,2026-04-01,WBD,WBD,WBD,50,Communication Services,2026-03-02,Wikipedia,1340186477,3730.0,28.010000228881836,27.309999465942383,yahoo,104477.30085372925,0.10441179761176511,-0.024991101650105096
R1,2026-03-02,2026-04-01,WDC,WDC,WDC,45,Information Technology,2026-03-02,Wikipedia,1340186477,376.0,270.21336107953226,280.33689281189237,yahoo,101600.22376590413,0.10153652434041585,0.037464956180980336
R2,2026-04-01,2026-05-01,ALB,ALB,ALB,15,Materials,2026-04-01,Wikipedia,1345606266,593.0,181.64280679240787,196.79297915054264,yahoo,107714.18442789787,0.10503063898714798,0.08340639866597788
R2,2026-04-01,2026-05-01,CIEN,CIEN,CIEN,45,Information Technology,2026-04-01,Wikipedia,1345606266,301.0,401.7099914550781,527.25,yahoo,120914.70742797852,0.11790228976394133,0.31251403055769056
R2,2026-04-01,2026-05-01,COIN,COIN,COIN,40,Financials,2026-04-01,Wikipedia,1345606266,-256.0,179.0,191.8800048828125,yahoo,-45824.0,-0.0446823603271003,0.0719553345408519
R2,2026-04-01,2026-05-01,CSGP,CSGP,CSGP,60,Real Estate,2026-04-01,Wikipedia,1345606266,-1121.0,40.34000015258789,35.279998779296875,yahoo,-45221.140171051025,-0.04409451989187352,-0.1254338461614113
R2,2026-04-01,2026-05-01,FDS,FDS,FDS,40,Financials,2026-04-01,Wikipedia,1345606266,-210.0,214.00542469948607,229.65974966079463,yahoo,-44941.13918689208,-0.043821494733307424,0.07314919695746447
R2,2026-04-01,2026-05-01,FISV,FISV,FISV,40,Financials,2026-04-01,Wikipedia,1345606266,-723.0,55.79999923706055,63.5,yahoo,-40343.399448394775,-0.039338301129829674,0.13799284710071036
R2,2026-04-01,2026-05-01,GDDY,GDDY,GDDY,45,Information Technology,2026-04-01,Wikipedia,1345606266,-517.0,82.12000274658203,93.98999786376952,yahoo,-42456.04141998291,-0.04139830963665266,0.144544504629617
R2,2026-04-01,2026-05-01,IT,IT,IT,45,Information Technology,2026-04-01,Wikipedia,1345606266,-286.0,157.69000244140625,151.50999450683594,yahoo,-45099.34069824219,-0.04397575487939763,-0.03919086713735487
R2,2026-04-01,2026-05-01,LITE,LITE,LITE,45,Information Technology,2026-04-01,Wikipedia,1345606266,150.0,734.875,913.0,yahoo,110231.25,0.107484995456675,0.24238816125191365
R2,2026-04-01,2026-05-01,LRCX,LRCX,LRCX,45,Information Technology,2026-04-01,Wikipedia,1345606266,451.0,215.0698628548406,254.68981482903936,yahoo,96996.50814753311,0.09457997834144978,0.18421898562766037
R2,2026-04-01,2026-05-01,MU,MU,MU,45,Information Technology,2026-04-01,Wikipedia,1345606266,255.0,348.85633726392524,511.701303890077,yahoo,88958.36600230094,0.08674209505553597,0.4667966415726952
R2,2026-04-01,2026-05-01,NOW,NOW,NOW,45,Information Technology,2026-04-01,Wikipedia,1345606266,-417.0,105.2300033569336,90.93000030517578,yahoo,-43880.91139984131,-0.04278768101102638,-0.13589283089969217
R2,2026-04-01,2026-05-01,SNDK,SNDK,SNDK,45,Information Technology,2026-04-01,Wikipedia,1345606266,165.0,652.2899780273438,1059.02001953125,yahoo,107627.84637451172,0.10494645192335302,0.6235417608805516
R2,2026-04-01,2026-05-01,STX,STX,STX,45,Information Technology,2026-04-01,Wikipedia,1345606266,258.0,396.2074815978595,666.5347589711158,yahoo,102221.53025224776,0.09967482646470231,0.6822871599573468
R2,2026-04-01,2026-05-01,TER,TER,TER,45,Information Technology,2026-04-01,Wikipedia,1345606266,329.0,301.7400886836184,343.14856392181747,yahoo,99272.48917691046,0.0967992565461522,0.13723226310050185
R2,2026-04-01,2026-05-01,TTD,TTD,TTD,50,Communication Services,2026-04-01,Wikipedia,1345606266,-1891.0,22.63999938964844,24.309999465942383,yahoo,-42812.2388458252,-0.041745632911117374,0.07376325624184887
R2,2026-04-01,2026-05-01,TYL,TYL,TYL,45,Information Technology,2026-04-01,Wikipedia,1345606266,-127.0,338.2900085449219,351.5,yahoo,-42962.83108520508,-0.04189247335940728,0.039049310122690084
R2,2026-04-01,2026-05-01,WBD,WBD,WBD,50,Communication Services,2026-04-01,Wikipedia,1345606266,3730.0,27.309999465942383,27.010000228881836,yahoo,101866.29800796509,0.0993284443256738,-0.010984959462729704
R2,2026-04-01,2026-05-01,WDAY,WDAY,WDAY,45,Information Technology,2026-04-01,Wikipedia,1345606266,-348.0,129.8300018310547,129.08999633789062,yahoo,-45180.84063720703,-0.044055224363499054,-0.005699803456269081
R2,2026-04-01,2026-05-01,WDC,WDC,WDC,45,Information Technology,2026-04-01,Wikipedia,1345606266,376.0,280.33689281189237,405.9837681254356,yahoo,105406.67169727154,0.10278061464860885,0.4481995717839855
R3,2026-05-01,2026-05-06,ALB,ALB,ALB,15,Materials,2026-05-01,Wikipedia,1349933445,593.0,196.79297915054264,191.4745178222656,yahoo,116698.23663627179,0.08674878568291383,-0.027025666013260174
R3,2026-05-01,2026-05-06,CIEN,CIEN,CIEN,45,Information Technology,2026-05-01,Wikipedia,1349933445,301.0,527.25,576.7899780273438,yahoo,158702.25,0.11797288347686245,0.09395918070619969
R3,2026-05-01,2026-05-06,COHR,COHR,COHR,45,Information Technology,2026-05-01,Wikipedia,1349933445,453.0,317.010009765625,344.6700134277344,yahoo,143605.53442382812,0.10675059099171458,0.08725277691565392
R3,2026-05-01,2026-05-06,COIN,COIN,COIN,40,Financials,2026-05-01,Wikipedia,1349933445,-256.0,191.8800048828125,197.9600067138672,yahoo,-49121.28125,-0.03651478910437904,0.03168647944723557
R3,2026-05-01,2026-05-06,CSGP,CSGP,CSGP,60,Real Estate,2026-05-01,Wikipedia,1349933445,-1121.0,35.279998779296875,34.06999969482422,yahoo,-39548.8786315918,-0.02939904916562528,-0.03429702739056528
R3,2026-05-01,2026-05-06,FISV,FISV,FISV,40,Financials,2026-05-01,Wikipedia,1349933445,-723.0,63.5,56.11000061035156,yahoo,-45910.5,-0.0341280231809221,-0.1163779431440699
R3,2026-05-01,2026-05-06,HOOD,HOOD,HOOD,40,Financials,2026-05-01,Wikipedia,1349933445,-851.0,73.7750015258789,79.05000305175781,yahoo,-62782.52629852295,-0.04667001040879194,0.07150120524265291
R3,2026-05-01,2026-05-06,IT,IT,IT,45,Information Technology,2026-05-01,Wikipedia,1349933445,-286.0,151.50999450683594,151.0500030517578,yahoo,-43331.85842895508,-0.03221116452523526,-0.0030360469391831346
R3,2026-05-01,2026-05-06,LITE,LITE,LITE,45,Information Technology,2026-05-01,Wikipedia,1349933445,150.0,913.0,944.280029296875,yahoo,136950.0,0.10180313380658632,0.034260711168537794
R3,2026-05-01,2026-05-06,MRNA,MRNA,MRNA,35,Health Care,2026-05-01,Wikipedia,1349933445,3151.0,46.6349983215332,48.790000915527344,yahoo,146946.87971115112,0.10923441298061089,0.04620998545204391
R3,2026-05-01,2026-05-06,MU,MU,MU,45,Information Technology,2026-05-01,Wikipedia,1349933445,255.0,511.701303890077,666.487548828125,yahoo,130483.83249196963,0.09699644438682863,0.302493356497874
R3,2026-05-01,2026-05-06,NOW,NOW,NOW,45,Information Technology,2026-05-01,Wikipedia,1349933445,-417.0,90.93000030517578,89.05000305175781,yahoo,-37917.8101272583,-0.028186578298926693,-0.020675214418875987
R3,2026-05-01,2026-05-06,PSKY,PSKY,PSKY,50,Communication Services,2026-05-01,Wikipedia,1349933445,-6115.0,10.679170043984604,10.807953834533691,yahoo,-65303.12481896585,-0.04854372219009411,0.012059344501366809
R3,2026-05-01,2026-05-06,SMCI,SMCI,SMCI,45,Information Technology,2026-05-01,Wikipedia,1349933445,-2264.0,27.63999938964844,34.65999984741211,yahoo,-62576.95861816407,-0.046517199645229435,0.25397976167802505
R3,2026-05-01,2026-05-06,SNDK,SNDK,SNDK,45,Information Technology,2026-05-01,Wikipedia,1349933445,165.0,1059.02001953125,1409.97998046875,yahoo,174738.30322265625,0.12989344187011265,0.331400685978386
R3,2026-05-01,2026-05-06,STX,STX,STX,45,Information Technology,2026-05-01,Wikipedia,1349933445,258.0,666.5347589711158,785.859619140625,yahoo,171965.96781454788,0.127832598989438,0.1790227119643435
R3,2026-05-01,2026-05-06,TER,TER,TER,45,Information Technology,2026-05-01,Wikipedia,1349933445,329.0,343.14856392181747,382.1887817382813,yahoo,112895.87753027795,0.08392226452301474,0.11377059944613
R3,2026-05-01,2026-05-06,TTD,TTD,TTD,50,Communication Services,2026-05-01,Wikipedia,1349933445,-1891.0,24.309999465942383,24.010000228881836,yahoo,-45970.208990097046,-0.034172408447868466,-0.012340569463230033
R3,2026-05-01,2026-05-06,WDAY,WDAY,WDAY,45,Information Technology,2026-05-01,Wikipedia,1349933445,-348.0,129.08999633789062,122.62999725341795,yahoo,-44923.31872558594,-0.03339419223991785,-0.05004260026132268
R3,2026-05-01,2026-05-06,WDC,WDC,WDC,45,Information Technology,2026-05-01,Wikipedia,1349933445,376.0,405.9837681254356,482.8690490722656,yahoo,152649.89681516378,0.11347380701742033,0.1893801845867764
