Rebalance_ID,Execution_Date,GICS_Sector_Code,Sector_Neutral_Requested,Target_Net_Dollars,Unsuppressed_Rounded_Net_Dollars,Requested_Net_Dollars,Applied_Net_At_Sizing_Dollars,Mechanical_Net_Dollars,Suppression_Net_Dollars,Sizing_Rounding_Effect_Dollars,Turnover_Suppression_Effect_Dollars,Feasibility_Effect_Dollars,Overnight_Price_Effect_Dollars,Applied_Net_Dollars,Applied_Net_Bps,Feasibility_Scale,Constraint_Override
R1,2026-03-02,15,False,105080.57663980362,105066.41458129883,105066.41458129883,105066.41458129883,105066.41458129883,0,-14.162058504793094,0,0,-3028.4331271770061,102037.98145412182,1019.740075714305,1,
R1,2026-03-02,20,False,-45034.532845630143,-44979.024353027344,-44979.024353027344,-44979.024353027344,-44979.024353027344,0,55.508492602799379,0,0,621.98157072185859,-44357.042782305485,-443.29232625626088,1,
R1,2026-03-02,40,False,-135103.59853689044,-135192.19480133057,-135192.19480133057,-135192.19480133057,-135192.19480133057,0,-88.596264440129744,0,0,2388.3627517895657,-132803.832049541,-1327.2056916398192,1,
R1,2026-03-02,45,False,615471.94889027823,615246.13396453857,615246.13396453857,615246.13396453857,615246.13396453857,0,-225.81492573965807,0,0,-15144.689350188593,600101.44461434998,5997.2520413140874,1,
R1,2026-03-02,50,False,60046.043794173478,60030.480861663818,60030.480861663818,60030.480861663818,60030.480861663818,0,-15.562932509659731,0,0,811.99354934692383,60842.474411010742,608.04328523909192,1,
R2,2026-04-01,15,False,105551.13049835972,105476.72662353516,105833.66986083984,105833.66986083984,105476.72662353516,356.9432373046875,-74.403874824565719,356.9432373046875,0,1880.5145670580241,107714.18442789787,1050.3063898714797,1,
R2,2026-04-01,40,False,-135708.59635503398,-135654.19014358521,-130219.96020889282,-130219.96020889282,-135654.19014358521,5434.2299346923828,54.406211448775139,5434.2299346923828,0,-888.57842639402952,-131108.53863528685,-1278.4215619023742,1,
R2,2026-04-01,45,False,618228.05006182112,617850.75958251953,589219.76480102539,589219.76480102539,617850.75958251953,-28630.994781494141,-377.2904793015914,-28630.994781494141,0,22829.639037250075,612049.40383827547,5968.0106495043538,1,
R2,2026-04-01,50,False,60314.931713348393,60312.375415802002,59519.005575180054,59519.005575180054,60312.375415802002,-793.36984062194824,-2.5562975463908515,-793.36984062194824,0,-464.94641304016841,59054.059162139885,575.8281141455642,1,
R2,2026-04-01,60,False,-45236.198785011329,-45221.140171051025,-45221.140171051025,-45221.140171051025,-45221.140171051025,0,15.058613960303774,0,0,0,-45221.140171051025,-440.94519891873523,1,
R3,2026-05-01,15,False,144735.70642847006,144699.88861083984,115955.45127868652,115955.45127868652,144699.88861083984,-28744.43733215332,-35.817817630217178,-28744.43733215332,0,742.78535758526414,116698.23663627179,867.48785682913842,1,
R3,2026-05-01,35,False,144735.70642847006,144756.93567276001,144756.93567276001,144756.93567276001,144756.93567276001,0,21.229244289948838,0,0,2189.9440383911133,146946.87971115112,1092.3441298061089,1,
R3,2026-05-01,40,False,-186088.76540803301,-186016.99240112305,-155394.46167755127,-155394.46167755127,-186016.99240112305,30622.530723571777,71.773006909963442,30622.530723571777,0,-2419.8458709716797,-157814.30754852295,-1173.1282269409307,1,
R3,2026-05-01,45,False,909767.29755038326,909300.17211151123,1017711.0686798096,1017711.0686798096,909300.17211151123,108410.89656829834,-467.12543887202628,108410.89656829834,0,-24469.352281329222,993241.71639848035,7383.360303526686,1,
R3,2026-05-01,50,False,-124059.17693868867,-124050.023686409,-106640.60357379913,-106640.60357379913,-124050.023686409,17409.420112609863,9.1532522796769626,17409.420112609863,0,-4632.7302352637635,-111273.3338090629,-827.16130637962567,1,
R3,2026-05-01,60,False,-62029.588469344337,-62021.12109375,-38797.810684204102,-38797.810684204102,-62021.12109375,23223.310409545898,8.4673755943367723,23223.310409545898,0,-751.06794738769531,-39548.878631591797,-293.9904916562528,1,
