Rebalance_ID,Membership_Effective_Date,Signal_Cutoff,Sizing_Date,Execution_Date,Valuation_End,Asset_ID,Source_Ticker,Yahoo_Ticker,GICS_Sector_Code,Sector,Sector_As_Of_Date,Sector_Source_Type,Sector_Source_Reference,Strategy_ID,Strategy_Version,Strategy_Score,Strategy_Rank,Strategy_Eligible,Strategy_Exclusion_Reason,Momentum,Sizing_Volatility,Construction_Sector,Prior_Target,Long_Rank,Short_Rank,Buffered_Long,Buffered_Short,Provisional_Long,Provisional_Short,Neutral_Substitution,Signal_Selected_Side,Signal_Raw_Target_Weight,Execution_Eligible,Final_Selected_Side,Final_Target_Weight,Execution_Adjustment,Sizing_Price,Prior_Position_Value_At_Sizing,Target_Position_Value_At_Sizing,Target_Weight,Sizing_Weight_Drift,Overnight_Price_Return,Sizing_Rounding_Share_Delta,Turnover_Suppression_Share_Delta,Feasibility_Share_Delta,Constraint_Override,Applied_Rule,Current_Shares,Requested_Target_Shares,Applied_Target_Shares,Trade_Shares,Execution_Price,Effective_Execution_Price,Trade_Notional,Order_Count,Fixed_Fee,Spread_Rate,Spread_Cost,Cash_Effect,Restricted_Proceeds_Change
R1,2026-02-09,2026-02-27,2026-02-27,2026-03-02,2026-04-01,ALB,ALB,ALB,15,Materials,2026-03-02,Wikipedia,1340186477,momentum,2.0.0,1.5360885006633525,6.0,True,,1.5360885006633525,,15,0.0,6.0,497.0,False,False,True,False,,Long,0.10499999999999998,True,Long,0.10499999999999998,,177.17776489257812,0.0,105080.57663980362,0.10499999999999998,0.10499999999999998,-0.02882398851474699,-0.07993135319986777,0.0,0.0,,enter_long,0.0,593.0,593.0,593.0,172.0707950322459,172.10641463300607,102037.98145412182,1,2.0,0.00020700549883252166,21.122423250774084,-102061.1038773726,0.0
R1,2026-02-09,2026-02-27,2026-02-27,2026-03-02,2026-04-01,CIEN,CIEN,CIEN,45,Information Technology,2026-03-02,Wikipedia,1340186477,momentum,2.0.0,1.7123008131337354,4.0,True,,1.7123008131337354,,45,0.0,4.0,499.0,False,False,True,False,,Long,0.10499999999999998,True,Long,0.10499999999999998,,348.70001220703125,0.0,105080.57663980362,0.10499999999999998,0.10499999999999998,0.014511033500020476,-0.34950662810661015,0.0,0.0,,enter_long,0.0,301.0,301.0,301.0,353.760009765625,353.82943075836897,106481.76293945312,1,2.0,0.00019623753626078555,20.895718815943304,-106504.65865826907,0.0
R1,2026-02-09,2026-02-27,2026-02-27,2026-03-02,2026-04-01,COIN,COIN,COIN,40,Financials,2026-03-02,Wikipedia,1340186477,momentum,2.0.0,-0.4844875040796739,499.0,True,,-0.4844875040796739,,40,0.0,499.0,4.0,False,False,False,True,,Short,-0.04500000000000001,True,Short,-0.04500000000000001,,175.85000610351562,0.0,-45034.53284563014,-0.04500000000000001,0.04500000000000001,-0.01905036103065938,0.09628252796409242,0.0,0.0,,enter_short,0.0,-256.0,-256.0,-256.0,172.5,172.4740750343422,-44160.0,1,2.0,0.00015028965598723197,6.636791208396164,44151.363208791605,44153.363208791605
R1,2026-02-09,2026-02-27,2026-02-27,2026-03-02,2026-04-01,FDS,FDS,FDS,40,Financials,2026-03-02,Wikipedia,1340186477,momentum,2.0.0,-0.36430280753878574,493.0,True,,-0.36430280753878574,,40,0.0,493.0,10.0,False,False,False,True,,Short,-0.04500000000000001,True,Short,-0.04500000000000001,,214.94725036621097,0.0,-45034.53284563014,-0.04500000000000001,0.04500000000000001,-0.01485169308174572,-0.4856527873527625,0.0,0.0,,enter_short,0.0,-210.0,-210.0,-210.0,211.75491977500684,211.69994860574747,-44468.533152751435,1,2.0,0.00025959807364942514,11.54394554446987,44454.98920720697,44456.98920720697
R1,2026-02-09,2026-02-27,2026-02-27,2026-03-02,2026-04-01,FISV,FISV,FISV,40,Financials,2026-03-02,Wikipedia,1340186477,momentum,2.0.0,-0.5413128082453249,501.0,True,,-0.5413128082453249,,40,0.0,501.0,2.0,False,False,False,True,,Short,-0.04500000000000001,True,Short,-0.04500000000000001,,62.290000915527344,0.0,-45034.53284563014,-0.04500000000000001,0.04500000000000001,-0.019104228992066208,-0.01826643569438602,0.0,0.0,,enter_short,0.0,-723.0,-723.0,-723.0,61.099998474121094,61.08826680644907,-44175.29889678955,1,2.0,0.00019200765900172678,8.481995726874125,44164.81690106268,44166.81690106268
R1,2026-02-09,2026-02-27,2026-02-27,2026-03-02,2026-04-01,GDDY,GDDY,GDDY,45,Information Technology,2026-03-02,Wikipedia,1340186477,momentum,2.0.0,-0.3778933314521904,495.0,True,,-0.3778933314521904,,45,0.0,495.0,8.0,False,False,False,True,,Short,-0.04500000000000001,True,Short,-0.04500000000000001,,87.16000366210938,0.0,-45034.53284563014,-0.04500000000000001,0.04500000000000001,-0.003441980715384374,-0.3119440860260738,0.0,0.0,,enter_short,0.0,-517.0,-517.0,-517.0,86.86000061035156,86.83655477764147,-44906.62031555176,1,2.0,0.0002699266929005977,12.121495511119681,44892.49882004064,44894.49882004064
R1,2026-02-09,2026-02-27,2026-02-27,2026-03-02,2026-04-01,INTC,INTC,INTC,45,Information Technology,2026-03-02,Wikipedia,1340186477,momentum,2.0.0,1.346969849055506,8.0,True,,1.346969849055506,,45,0.0,8.0,495.0,False,False,True,False,,Long,0.10499999999999998,True,Long,0.10499999999999998,,45.61000061035156,0.0,105080.57663980362,0.10499999999999998,0.10499999999999998,-0.030914269426519092,0.10666008290445461,0.0,0.0,,enter_long,0.0,2304.0,2304.0,2304.0,44.20000076293945,44.205947818365345,101836.8017578125,1,2.0,0.0001345487629691641,13.702015701249668,-101852.50377351376,0.0
R1,2026-02-09,2026-02-27,2026-02-27,2026-03-02,2026-04-01,IT,IT,IT,45,Information Technology,2026-03-02,Wikipedia,1340186477,momentum,2.0.0,-0.3810423611747551,497.0,True,,-0.3810423611747551,,45,0.0,497.0,6.0,False,False,False,True,,Short,-0.04500000000000001,True,Short,-0.04500000000000001,,157.1999969482422,0.0,-45034.53284563014,-0.04500000000000001,0.04500000000000001,-0.01997455121250591,0.4792221367388265,0.0,0.0,,enter_short,0.0,-286.0,-286.0,-286.0,154.05999755859375,154.02136344376746,-44061.15930175781,1,2.0,0.000250773175636274,11.04935684031756,44048.109944917494,44050.109944917494
R1,2026-02-09,2026-02-27,2026-02-27,2026-03-02,2026-04-01,LRCX,LRCX,LRCX,45,Information Technology,2026-03-02,Wikipedia,1340186477,momentum,2.0.0,1.4705411929668402,7.0,True,,1.4705411929668402,,45,0.0,7.0,496.0,False,False,True,False,,Long,0.10499999999999998,True,Long,0.10499999999999998,,233.1979217529297,0.0,105080.57663980362,0.10499999999999998,0.10499999999999998,-0.019710085739529815,0.39316847285118683,0.0,0.0,,enter_long,0.0,451.0,451.0,451.0,228.60157072089928,228.63492295847936,103099.30839512557,1,2.0,0.00014589679972415372,15.041859148622395,-103116.35025427419,0.0
R1,2026-02-09,2026-02-27,2026-02-27,2026-03-02,2026-04-01,MU,MU,MU,45,Information Technology,2026-03-02,Wikipedia,1340186477,momentum,2.0.0,2.805273305917531,2.0,True,,2.805273305917531,,45,0.0,2.0,501.0,False,False,True,False,,Long,0.10499999999999998,True,Long,0.10499999999999998,,412.1334533691406,0.0,105080.57663980362,0.10499999999999998,0.10499999999999998,-0.02643258419196537,0.03264469122137825,0.0,0.0,,enter_long,0.0,255.0,255.0,255.0,401.2397011646354,401.2873897190823,102316.12379698202,1,2.0,0.00011885303051635379,12.160581383957735,-102330.28437836598,0.0
R1,2026-02-09,2026-02-27,2026-02-27,2026-03-02,2026-04-01,NOW,NOW,NOW,45,Information Technology,2026-03-02,Wikipedia,1340186477,momentum,2.0.0,-0.37966533140932013,496.0,True,,-0.37966533140932013,,45,0.0,496.0,7.0,False,False,False,True,,Short,-0.04500000000000001,True,Short,-0.04500000000000001,,108.01000213623048,0.0,-45034.53284563014,-0.04500000000000001,0.04500000000000001,-0.01879454438614392,-0.05219928771833793,0.0,0.0,,enter_short,0.0,-417.0,-417.0,-417.0,105.9800033569336,105.96394758286863,-44193.66139984131,1,2.0,0.00015149814640869974,6.695257785089661,44184.96614205622,44186.96614205622
R1,2026-02-09,2026-02-27,2026-02-27,2026-03-02,2026-04-01,PAYC,PAYC,PAYC,20,Industrials,2026-03-02,Wikipedia,1340186477,momentum,2.0.0,-0.4157413131462412,498.0,True,,-0.4157413131462412,,20,0.0,498.0,5.0,False,False,False,True,,Short,-0.04500000000000001,True,Short,-0.04500000000000001,,124.94173431396484,0.0,-45034.53284563014,-0.04500000000000001,0.04500000000000001,-0.01382825838640045,0.44427502873708136,0.0,0.0,,enter_short,0.0,-360.0,-360.0,-360.0,123.21400772862634,123.1787125612235,-44357.042782305485,1,2.0,0.00028645417881843446,12.706260265019482,44342.33652204046,44344.33652204046
R1,2026-02-09,2026-02-27,2026-02-27,2026-03-02,2026-04-01,SMCI,SMCI,SMCI,45,Information Technology,2026-03-02,Wikipedia,1340186477,momentum,2.0.0,-0.5063591655458258,500.0,True,,-0.5063591655458258,,45,0.0,500.0,3.0,False,False,False,True,,Short,-0.04500000000000001,True,Short,-0.04500000000000001,,32.38999938964844,0.0,-45034.53284563014,-0.04500000000000001,0.04500000000000001,-0.04600184622400316,0.3838744752426919,0.0,0.0,,enter_short,0.0,-1390.0,-1390.0,-1390.0,30.899999618530273,30.894556347359668,-42950.99946975708,1,2.0,0.0001761576452363928,7.566146927141963,42941.43332282994,42943.43332282994
R1,2026-02-09,2026-02-27,2026-02-27,2026-03-02,2026-04-01,SNDK,SNDK,SNDK,45,Information Technology,2026-03-02,Wikipedia,1340186477,momentum,2.0.0,12.426142231686875,1.0,True,,12.426142231686875,,45,0.0,1.0,502.0,False,False,True,False,,Long,0.10499999999999998,True,Long,0.10499999999999998,,635.3599853515625,0.0,105080.57663980362,0.10499999999999998,0.10499999999999998,-0.02630786673017127,-0.3874638983750174,0.0,0.0,,enter_long,0.0,165.0,165.0,165.0,618.64501953125,618.7233057948858,102076.42822265625,1,2.0,0.00012654472462291918,12.91723349992721,-102091.34545615617,0.0
R1,2026-02-09,2026-02-27,2026-02-27,2026-03-02,2026-04-01,STX,STX,STX,45,Information Technology,2026-03-02,Wikipedia,1340186477,momentum,2.0.0,1.6116047535740874,5.0,True,,1.6116047535740874,,45,0.0,5.0,498.0,False,False,True,False,,Long,0.10499999999999998,True,Long,0.10499999999999998,,406.8397216796875,0.0,105080.57663980362,0.10499999999999998,0.10499999999999998,-0.0349401731304243,-0.28494869174920723,0.0,0.0,,enter_long,0.0,258.0,258.0,258.0,392.6246713678656,392.68969213923856,101297.16521290931,1,2.0,0.00016560541431707832,16.77535901422938,-101315.94057192355,0.0
R1,2026-02-09,2026-02-27,2026-02-27,2026-03-02,2026-04-01,TER,TER,TER,45,Information Technology,2026-03-02,Wikipedia,1340186477,momentum,2.0.0,1.2477416033385857,9.0,True,,1.2477416033385857,,45,0.0,9.0,494.0,False,False,True,False,,Long,0.10499999999999998,True,Long,0.10499999999999998,,319.7863464355469,0.0,105080.57663980362,0.10499999999999998,0.10499999999999998,-0.029778482203020595,0.40380503711509164,0.0,0.0,,enter_long,0.0,329.0,329.0,329.0,310.26359440944697,310.32144684568516,102076.72256070805,1,2.0,0.00018646221239171777,19.033451522365194,-102097.75601223041,0.0
R1,2026-02-09,2026-02-27,2026-02-27,2026-03-02,2026-04-01,TTD,TTD,TTD,50,Communication Services,2026-03-02,Wikipedia,1340186477,momentum,2.0.0,-0.6512189484472787,502.0,True,,-0.6512189484472787,,50,0.0,502.0,1.0,False,False,False,True,,Short,-0.04500000000000001,True,Short,-0.04500000000000001,,23.81999969482422,0.0,-45034.53284563014,-0.04500000000000001,0.04500000000000001,-0.03127619401467263,-0.38146840465446985,0.0,0.0,,enter_short,0.0,-1891.0,-1891.0,-1891.0,23.075000762939453,23.070215635120004,-43634.826442718506,1,2.0,0.00020737281305459353,9.048676706575499,43623.777766011925,43625.777766011925
R1,2026-02-09,2026-02-27,2026-02-27,2026-03-02,2026-04-01,TYL,TYL,TYL,45,Information Technology,2026-03-02,Wikipedia,1340186477,momentum,2.0.0,-0.36807171985890574,494.0,True,,-0.36807171985890574,,45,0.0,494.0,9.0,False,False,False,True,,Short,-0.04500000000000001,True,Short,-0.04500000000000001,,354.69000244140625,0.0,-45034.53284563014,-0.04500000000000001,0.04500000000000001,-0.010544391464749059,-0.03128778469104532,0.0,0.0,,enter_short,0.0,-127.0,-127.0,-127.0,350.95001220703125,350.8526368456994,-44570.65155029297,1,2.0,0.0002774621967370446,12.366670889145649,44556.28487940382,44558.28487940382
R1,2026-02-09,2026-02-27,2026-02-27,2026-03-02,2026-04-01,WBD,WBD,WBD,50,Communication Services,2026-03-02,Wikipedia,1340186477,momentum,2.0.0,1.091116230522995,10.0,True,,1.091116230522995,,50,0.0,10.0,493.0,False,False,True,False,,Long,0.10499999999999998,True,Long,0.10499999999999998,,28.170000076293945,0.0,105080.57663980362,0.10499999999999998,0.10499999999999998,-0.005679795774894414,-0.2299025633533347,0.0,0.0,,enter_long,0.0,3730.0,3730.0,3730.0,28.010000228881836,28.015207095841923,104477.30085372925,1,2.0,0.00018589314236119967,19.42161376111618,-104498.72246749037,0.0
R1,2026-02-09,2026-02-27,2026-02-27,2026-03-02,2026-04-01,WDC,WDC,WDC,45,Information Technology,2026-03-02,Wikipedia,1340186477,momentum,2.0.0,2.1862082593794985,3.0,True,,2.1862082593794985,,45,0.0,3.0,500.0,False,False,True,False,,Long,0.10499999999999998,True,Long,0.10499999999999998,,279.40362548828125,0.0,105080.57663980362,0.10499999999999998,0.10499999999999998,-0.03289243077174908,-0.08880864078446393,0.0,0.0,,enter_long,0.0,376.0,376.0,376.0,270.21336107953226,270.2539824724347,101600.22376590413,1,2.0,0.0001503308079963084,15.273643731334102,-101617.49740963544,0.0
R2,2026-03-23,2026-03-31,2026-03-31,2026-04-01,2026-05-01,CSGP,CSGP,CSGP,60,Real Estate,2026-04-01,Wikipedia,1345606266,momentum,2.0.0,-0.5012850359427272,500.0,True,,-0.5012850359427272,,60,0.0,500.0,3.0,False,False,False,True,,Short,-0.04500000000000001,True,Short,-0.04500000000000001,,40.34000015258789,0.0,-45236.19878501133,-0.04500000000000001,0.04500000000000001,0.0,0.3732923625022977,0.0,0.0,,enter_short,0.0,-1121.0,-1121.0,-1121.0,40.34000015258789,40.331309654294806,-45221.140171051025,1,2.0,0.00021543129053566164,9.742048586543573,45209.398122464474,45211.398122464474
R2,2026-03-23,2026-03-31,2026-03-31,2026-04-01,2026-05-01,INTC,INTC,INTC,45,Information Technology,2026-04-01,Wikipedia,1345606266,momentum,2.0.0,0.8731006117380036,18.0,True,,0.8731006117380036,,45,0.10499999999999998,18.0,485.0,False,False,False,False,,,0.0,True,,0.0,,44.130001068115234,101675.5224609375,0.0,0.0,0.10114462827628683,0.019714455264614905,0.0,0.0,0.0,,exit_long,2304.0,0.0,0.0,-2304.0,45.0,44.99394530566639,-103680.0,1,2.0,0.0001345487629691641,13.950015744642934,103664.04998425535,0.0
R2,2026-03-23,2026-03-31,2026-03-31,2026-04-01,2026-05-01,LITE,LITE,LITE,45,Information Technology,2026-04-01,Wikipedia,1345606266,momentum,2.0.0,4.277539236722751,2.0,True,,4.277539236722751,,45,0.0,2.0,501.0,False,False,True,False,,Long,0.10499999999999998,True,Long,0.10499999999999998,,702.760009765625,0.0,105551.13049835972,0.10499999999999998,0.10499999999999998,0.04569837467713267,-0.19512924982981872,0.0,0.0,,enter_long,0.0,150.0,150.0,150.0,734.875,734.9780321126229,110231.25,1,2.0,0.00014020358921297289,15.454816893432518,-110248.70481689344,0.0
R2,2026-03-23,2026-03-31,2026-03-31,2026-04-01,2026-05-01,PAYC,PAYC,PAYC,20,Industrials,2026-03-02,Wikipedia,1340186477,momentum,2.0.0,,,False,forced_exit_not_in_current_decision,,,,,,,,,,,,,0.0,False,,0.0,departed_before_execution,121.01082611083984,-43563.897399902344,0.0,0.0,0.04333643046164085,-0.0002468412511651419,0.0,0.0,0.0,,exit_short,-360.0,0.0,0.0,360.0,120.98095564711812,121.01441836402756,43553.144032962526,1,2.0,0.00027659491306260893,12.046578087400555,-43567.190611049926,-44344.33652204046
R2,2026-03-23,2026-03-31,2026-03-31,2026-04-01,2026-05-01,SMCI,SMCI,SMCI,45,Information Technology,2026-04-01,Wikipedia,1345606266,momentum,2.0.0,-0.22026965152181077,457.0,True,,-0.22026965152181077,,45,-0.04500000000000001,457.0,46.0,False,False,False,False,,,0.0,True,,0.0,,22.770000457763672,-31650.300636291504,0.0,0.0,0.03148504000970649,0.004391760187059113,0.0,0.0,0.0,,exit_short,-1390.0,0.0,0.0,1390.0,22.8700008392334,22.874029564727792,31789.301166534424,1,2.0,0.0001761576452363928,5.599928437207219,-31796.901094971632,-42943.43332282994
R2,2026-03-23,2026-03-31,2026-03-31,2026-04-01,2026-05-01,WDAY,WDAY,WDAY,45,Information Technology,2026-04-01,Wikipedia,1345606266,momentum,2.0.0,-0.42050086533897624,498.0,True,,-0.42050086533897624,,45,0.0,498.0,5.0,False,False,False,True,,Short,-0.04500000000000001,True,Short,-0.04500000000000001,,129.9199981689453,0.0,-45236.19878501133,-0.04500000000000001,0.04500000000000001,-0.0006927058124923668,0.1850325012097187,0.0,0.0,,enter_short,0.0,-348.0,-348.0,-348.0,129.8300018310547,129.80592525307273,-45180.84063720703,1,2.0,0.00018544695095426938,8.378649137720792,45170.461988069306,45172.461988069306
R3,2026-04-09,2026-04-30,2026-04-30,2026-05-01,2026-05-06,COHR,COHR,COHR,45,Information Technology,2026-05-01,Wikipedia,1349933445,momentum,2.0.0,1.2113813963463334,6.0,True,,1.2113813963463334,,45,0.0,6.0,497.0,False,False,True,False,,Long,0.10499999999999998,True,Long,0.10499999999999998,,319.7099914550781,0.0,144735.70642847006,0.10499999999999998,0.10499999999999998,-0.008445096373637995,0.29063746258736955,0.0,0.0,,enter_long,0.0,453.0,453.0,453.0,317.010009765625,317.05819816058636,143605.53442382812,1,2.0,0.00015200906430999628,21.829342917503073,-143629.3637667456,0.0
R3,2026-04-09,2026-04-30,2026-04-30,2026-05-01,2026-05-06,FDS,FDS,FDS,40,Financials,2026-05-01,Wikipedia,1349933445,momentum,2.0.0,-0.2356521306353968,448.0,True,,-0.2356521306353968,,40,-0.04500000000000001,448.0,55.0,False,False,False,False,,,0.0,True,,0.0,,225.62472534179688,-47381.192321777344,0.0,0.0,0.034373171047776874,0.01788378606504737,0.0,0.0,0.0,,exit_short,-210.0,0.0,0.0,210.0,229.65974966079463,229.71978304141624,48228.54742876687,1,2.0,0.000261401402336638,12.607009930538716,-48243.15443869741,-44456.98920720697
R3,2026-04-09,2026-04-30,2026-04-30,2026-05-01,2026-05-06,GDDY,GDDY,GDDY,45,Information Technology,2026-05-01,Wikipedia,1349933445,momentum,2.0.0,-0.3958196516651461,487.0,True,,-0.3958196516651461,,45,-0.04500000000000001,487.0,16.0,False,False,False,False,,,0.0,True,,0.0,,86.79000091552734,-44870.43047332764,0.0,0.0,0.032551713160206414,0.08295883019116368,0.0,0.0,0.0,,exit_short,-517.0,0.0,0.0,517.0,93.98999786376952,94.015225072582,48592.82889556884,1,2.0,0.000268403121458189,13.04246695605436,-48607.87136252489,-44894.49882004064
R3,2026-04-09,2026-04-30,2026-04-30,2026-05-01,2026-05-06,HOOD,HOOD,HOOD,40,Financials,2026-05-01,Wikipedia,1349933445,momentum,2.0.0,-0.5159938078172577,497.0,True,,-0.5159938078172577,,40,0.0,497.0,6.0,False,False,False,True,,Short,-0.04500000000000001,True,Short,-0.04500000000000001,,72.88999938964844,0.0,-62029.58846934434,-0.04500000000000001,0.04500000000000001,0.012141612616835218,0.002729987037810133,0.0,0.0,,enter_short,0.0,-851.0,-851.0,-851.0,73.7750015258789,73.76426738999427,-62782.52629852295,1,2.0,0.00014549828075394983,9.134749637824731,62771.39154888513,62773.39154888513
R3,2026-04-09,2026-04-30,2026-04-30,2026-05-01,2026-05-06,LRCX,LRCX,LRCX,45,Information Technology,2026-05-01,Wikipedia,1349933445,momentum,2.0.0,0.600210373896785,20.0,True,,0.600210373896785,,45,0.10499999999999998,20.0,483.0,False,False,False,False,,,0.0,True,,0.0,,257.405029296875,116089.66821289062,0.0,0.0,0.08421843830483981,-0.010548412652435335,0.0,0.0,0.0,,exit_long,451.0,0.0,0.0,-451.0,254.68981482903936,254.65265640013348,-114865.10648789676,1,2.0,0.00014589679972415372,16.758451436558264,114846.3480364602,0.0
R3,2026-04-09,2026-04-30,2026-04-30,2026-05-01,2026-05-06,MRNA,MRNA,MRNA,35,Health Care,2026-05-01,Wikipedia,1349933445,momentum,2.0.0,0.9667053576116245,9.0,True,,0.9667053576116245,,35,0.0,9.0,494.0,False,False,True,False,,Long,0.10499999999999998,True,Long,0.10499999999999998,,45.939998626708984,0.0,144735.70642847006,0.10499999999999998,0.10499999999999998,0.015128422194165214,0.4621080741089827,0.0,0.0,,enter_long,0.0,3151.0,3151.0,3151.0,46.6349983215332,46.644976467168355,146946.87971115112,1,2.0,0.00021396260307245907,31.44113689637342,-146980.3208480475,0.0
R3,2026-04-09,2026-04-30,2026-04-30,2026-05-01,2026-05-06,PSKY,PSKY,PSKY,50,Communication Services,2026-05-01,Wikipedia,1349933445,momentum,2.0.0,-0.5189546852642781,498.0,True,,-0.5189546852642781,,50,0.0,498.0,5.0,False,False,False,True,,Short,-0.04500000000000001,True,Short,-0.04500000000000001,,10.144221305847168,0.0,-62029.58846934434,-0.04500000000000001,0.04500000000000001,0.05273433238577807,-0.22917637943828595,0.0,0.0,,enter_short,0.0,-6115.0,-6115.0,-6115.0,10.679170043984604,10.675707210884726,-65303.12481896585,1,2.0,0.0003242605076626383,21.175224405754502,65279.9495945601,65281.9495945601
R3,2026-04-09,2026-04-30,2026-04-30,2026-05-01,2026-05-06,SMCI,SMCI,SMCI,45,Information Technology,2026-05-01,Wikipedia,1349933445,momentum,2.0.0,-0.5250312659567382,500.0,True,,-0.5250312659567382,,45,0.0,500.0,3.0,False,False,False,True,,Short,-0.04500000000000001,True,Short,-0.04500000000000001,,27.399999618530273,0.0,-62029.58846934434,-0.04500000000000001,0.04500000000000001,0.008759115856186384,-0.1463747103662172,0.0,0.0,,enter_short,0.0,-2264.0,-2264.0,-2264.0,27.63999938964844,27.635119245492636,-62576.95861816407,1,2.0,0.00017656093572973637,11.04864636874404,62563.90997179533,62565.90997179533
R3,2026-04-09,2026-04-30,2026-04-30,2026-05-01,2026-05-06,TYL,TYL,TYL,45,Information Technology,2026-05-01,Wikipedia,1349933445,momentum,2.0.0,-0.3455538985047226,484.0,True,,-0.3455538985047226,,45,-0.04500000000000001,484.0,19.0,False,False,False,False,,,0.0,True,,0.0,,341.1400146484375,-43324.78186035156,0.0,0.0,0.03143040654992159,0.03036871931379559,0.0,0.0,0.0,,exit_short,-127.0,0.0,0.0,127.0,351.5,351.59907266442013,44640.5,1,2.0,0.00028185679778135067,12.582228381358386,-44655.082228381354,-44558.28487940382
R3,2026-04-09,2026-04-30,2026-04-30,2026-05-01,2026-05-06,WBD,WBD,WBD,50,Communication Services,2026-05-01,Wikipedia,1349933445,momentum,2.0.0,0.40604189037482374,41.0,True,,0.40604189037482374,,50,0.10499999999999998,41.0,462.0,False,False,False,False,,,0.0,True,,0.0,,27.049999237060547,100896.49715423584,0.0,0.0,0.07319639681608557,-0.0014787064438770425,0.0,0.0,0.0,,exit_long,3730.0,0.0,0.0,-3730.0,27.010000228881836,27.00494526197933,-100747.30085372925,1,2.0,0.00018715167936578632,18.855026546345545,100726.4458271829,0.0
