Scope,Dataset,Asset_ID,Requirement_Set,Required_Count,Covered_Count,Status,Missing_Dates,Contributing_Sources,Checked_At_UTC
live,prices,A,strategy_market_and_position_lifecycle,8,8,complete,[],"[""yahoo""]",2026-09-24T22:20:54.925282Z
live,prices,AAPL,strategy_market_and_position_lifecycle,8,8,complete,[],"[""yahoo""]",2026-09-24T22:20:54.925282Z
live,prices,ABBV,strategy_market_and_position_lifecycle,8,8,complete,[],"[""yahoo""]",2026-09-24T22:20:54.925282Z
live,prices,ABNB,strategy_market_and_position_lifecycle,8,8,complete,[],"[""yahoo""]",2026-09-24T22:20:54.925282Z
live,prices,ABT,strategy_market_and_position_lifecycle,8,8,complete,[],"[""yahoo""]",2026-09-24T22:20:54.925282Z
live,prices,ACGL,strategy_market_and_position_lifecycle,8,8,complete,[],"[""yahoo""]",2026-09-24T22:20:54.925282Z
live,prices,ACN,strategy_market_and_position_lifecycle,8,8,complete,[],"[""yahoo""]",2026-09-24T22:20:54.925282Z
live,prices,ADBE,strategy_market_and_position_lifecycle,8,8,complete,[],"[""yahoo""]",2026-09-24T22:20:54.925282Z
live,prices,ADI,strategy_market_and_position_lifecycle,8,8,complete,[],"[""yahoo""]",2026-09-24T22:20:54.925282Z
live,prices,ADM,strategy_market_and_position_lifecycle,8,8,complete,[],"[""yahoo""]",2026-09-24T22:20:54.925282Z
live,prices,ADP,strategy_market_and_position_lifecycle,8,8,complete,[],"[""yahoo""]",2026-09-24T22:20:54.925282Z
live,prices,ADSK,strategy_market_and_position_lifecycle,8,8,complete,[],"[""yahoo""]",2026-09-24T22:20:54.925282Z
live,prices,AEE,strategy_market_and_position_lifecycle,8,8,complete,[],"[""yahoo""]",2026-09-24T22:20:54.925282Z
live,prices,AEP,strategy_market_and_position_lifecycle,8,8,complete,[],"[""yahoo""]",2026-09-24T22:20:54.925282Z
live,prices,AES,strategy_market_and_position_lifecycle,8,8,complete,[],"[""yahoo""]",2026-09-24T22:20:54.925282Z
live,prices,AFL,strategy_market_and_position_lifecycle,8,8,complete,[],"[""yahoo""]",2026-09-24T22:20:54.925282Z
live,prices,AIG,strategy_market_and_position_lifecycle,8,8,complete,[],"[""yahoo""]",2026-09-24T22:20:54.925282Z
live,prices,AIZ,strategy_market_and_position_lifecycle,8,8,complete,[],"[""yahoo""]",2026-09-24T22:20:54.925282Z
live,prices,AJG,strategy_market_and_position_lifecycle,8,8,complete,[],"[""yahoo""]",2026-09-24T22:20:54.925282Z
live,prices,AKAM,strategy_market_and_position_lifecycle,8,8,complete,[],"[""yahoo""]",2026-09-24T22:20:54.925282Z
live,prices,ALB,strategy_market_and_position_lifecycle,8,8,complete,[],"[""yahoo""]",2026-09-24T22:20:54.925282Z
live,prices,ALGN,strategy_market_and_position_lifecycle,8,8,complete,[],"[""yahoo""]",2026-09-24T22:20:54.925282Z
live,prices,ALL,strategy_market_and_position_lifecycle,8,8,complete,[],"[""yahoo""]",2026-09-24T22:20:54.925282Z
live,prices,ALLE,strategy_market_and_position_lifecycle,8,8,complete,[],"[""yahoo""]",2026-09-24T22:20:54.925282Z
live,prices,AMAT,strategy_market_and_position_lifecycle,8,8,complete,[],"[""yahoo""]",2026-09-24T22:20:54.925282Z
live,prices,AMCR,strategy_market_and_position_lifecycle,8,8,complete,[],"[""yahoo""]",2026-09-24T22:20:54.925282Z
live,prices,AMD,strategy_market_and_position_lifecycle,8,8,complete,[],"[""yahoo""]",2026-09-24T22:20:54.925282Z
live,prices,AME,strategy_market_and_position_lifecycle,8,8,complete,[],"[""yahoo""]",2026-09-24T22:20:54.925282Z
live,prices,AMGN,strategy_market_and_position_lifecycle,8,8,complete,[],"[""yahoo""]",2026-09-24T22:20:54.925282Z
live,prices,AMP,strategy_market_and_position_lifecycle,8,8,complete,[],"[""yahoo""]",2026-09-24T22:20:54.925282Z
live,prices,AMT,strategy_market_and_position_lifecycle,8,8,complete,[],"[""yahoo""]",2026-09-24T22:20:54.925282Z
live,prices,AMZN,strategy_market_and_position_lifecycle,8,8,complete,[],"[""yahoo""]",2026-09-24T22:20:54.925282Z
live,prices,ANET,strategy_market_and_position_lifecycle,8,8,complete,[],"[""yahoo""]",2026-09-24T22:20:54.925282Z
live,prices,AON,strategy_market_and_position_lifecycle,8,8,complete,[],"[""yahoo""]",2026-09-24T22:20:54.925282Z
live,prices,AOS,strategy_market_and_position_lifecycle,8,8,complete,[],"[""yahoo""]",2026-09-24T22:20:54.925282Z
live,prices,APA,strategy_market_and_position_lifecycle,8,8,complete,[],"[""yahoo""]",2026-09-24T22:20:54.925282Z
live,prices,APD,strategy_market_and_position_lifecycle,8,8,complete,[],"[""yahoo""]",2026-09-24T22:20:54.925282Z
live,prices,APH,strategy_market_and_position_lifecycle,8,8,complete,[],"[""yahoo""]",2026-09-24T22:20:54.925282Z
live,prices,APO,strategy_market_and_position_lifecycle,8,8,complete,[],"[""yahoo""]",2026-09-24T22:20:54.925282Z
live,prices,APP,strategy_market_and_position_lifecycle,8,8,complete,[],"[""yahoo""]",2026-09-24T22:20:54.925282Z
live,prices,APTV,strategy_market_and_position_lifecycle,8,8,complete,[],"[""yahoo""]",2026-09-24T22:20:54.925282Z
live,prices,ARE,strategy_market_and_position_lifecycle,8,8,complete,[],"[""yahoo""]",2026-09-24T22:20:54.925282Z
live,prices,ARES,strategy_market_and_position_lifecycle,8,8,complete,[],"[""yahoo""]",2026-09-24T22:20:54.925282Z
live,prices,ATO,strategy_market_and_position_lifecycle,8,8,complete,[],"[""yahoo""]",2026-09-24T22:20:54.925282Z
live,prices,AVB,strategy_market_and_position_lifecycle,8,8,complete,[],"[""yahoo""]",2026-09-24T22:20:54.925282Z
live,prices,AVGO,strategy_market_and_position_lifecycle,8,8,complete,[],"[""yahoo""]",2026-09-24T22:20:54.925282Z
live,prices,AVY,strategy_market_and_position_lifecycle,8,8,complete,[],"[""yahoo""]",2026-09-24T22:20:54.925282Z
live,prices,AWK,strategy_market_and_position_lifecycle,8,8,complete,[],"[""yahoo""]",2026-09-24T22:20:54.925282Z
live,prices,AXON,strategy_market_and_position_lifecycle,8,8,complete,[],"[""yahoo""]",2026-09-24T22:20:54.925282Z
live,prices,AXP,strategy_market_and_position_lifecycle,8,8,complete,[],"[""yahoo""]",2026-09-24T22:20:54.925282Z
live,prices,AZO,strategy_market_and_position_lifecycle,8,8,complete,[],"[""yahoo""]",2026-09-24T22:20:54.925282Z
live,prices,BA,strategy_market_and_position_lifecycle,8,8,complete,[],"[""yahoo""]",2026-09-24T22:20:54.925282Z
live,prices,BAC,strategy_market_and_position_lifecycle,8,8,complete,[],"[""yahoo""]",2026-09-24T22:20:54.925282Z
live,prices,BALL,strategy_market_and_position_lifecycle,8,8,complete,[],"[""yahoo""]",2026-09-24T22:20:54.925282Z
live,prices,BAX,strategy_market_and_position_lifecycle,8,8,complete,[],"[""yahoo""]",2026-09-24T22:20:54.925282Z
live,prices,BBY,strategy_market_and_position_lifecycle,8,8,complete,[],"[""yahoo""]",2026-09-24T22:20:54.925282Z
live,prices,BDX,strategy_market_and_position_lifecycle,8,8,complete,[],"[""yahoo""]",2026-09-24T22:20:54.925282Z
live,prices,BEN,strategy_market_and_position_lifecycle,8,8,complete,[],"[""yahoo""]",2026-09-24T22:20:54.925282Z
live,prices,BF.B,strategy_market_and_position_lifecycle,8,8,complete,[],"[""yahoo""]",2026-09-24T22:20:54.925282Z
live,prices,BG,strategy_market_and_position_lifecycle,8,8,complete,[],"[""yahoo""]",2026-09-24T22:20:54.925282Z
live,prices,BIIB,strategy_market_and_position_lifecycle,8,8,complete,[],"[""yahoo""]",2026-09-24T22:20:54.925282Z
live,prices,BK,strategy_market_and_position_lifecycle,8,8,complete,[],"[""yahoo""]",2026-09-24T22:20:54.925282Z
live,prices,BKNG,strategy_market_and_position_lifecycle,8,8,complete,[],"[""yahoo""]",2026-09-24T22:20:54.925282Z
live,prices,BKR,strategy_market_and_position_lifecycle,8,8,complete,[],"[""yahoo""]",2026-09-24T22:20:54.925282Z
live,prices,BLDR,strategy_market_and_position_lifecycle,8,8,complete,[],"[""yahoo""]",2026-09-24T22:20:54.925282Z
live,prices,BLK,strategy_market_and_position_lifecycle,8,8,complete,[],"[""yahoo""]",2026-09-24T22:20:54.925282Z
live,prices,BMY,strategy_market_and_position_lifecycle,8,8,complete,[],"[""yahoo""]",2026-09-24T22:20:54.925282Z
live,prices,BR,strategy_market_and_position_lifecycle,8,8,complete,[],"[""yahoo""]",2026-09-24T22:20:54.925282Z
live,prices,BRK.B,strategy_market_and_position_lifecycle,8,8,complete,[],"[""yahoo""]",2026-09-24T22:20:54.925282Z
live,prices,BRO,strategy_market_and_position_lifecycle,8,8,complete,[],"[""yahoo""]",2026-09-24T22:20:54.925282Z
live,prices,BSX,strategy_market_and_position_lifecycle,8,8,complete,[],"[""yahoo""]",2026-09-24T22:20:54.925282Z
live,prices,BX,strategy_market_and_position_lifecycle,8,8,complete,[],"[""yahoo""]",2026-09-24T22:20:54.925282Z
live,prices,BXP,strategy_market_and_position_lifecycle,8,8,complete,[],"[""yahoo""]",2026-09-24T22:20:54.925282Z
live,prices,C,strategy_market_and_position_lifecycle,8,8,complete,[],"[""yahoo""]",2026-09-24T22:20:54.925282Z
live,prices,CAG,strategy_market_and_position_lifecycle,8,8,complete,[],"[""yahoo""]",2026-09-24T22:20:54.925282Z
live,prices,CAH,strategy_market_and_position_lifecycle,8,8,complete,[],"[""yahoo""]",2026-09-24T22:20:54.925282Z
live,prices,CARR,strategy_market_and_position_lifecycle,8,8,complete,[],"[""yahoo""]",2026-09-24T22:20:54.925282Z
live,prices,CASY,strategy_market_and_position_lifecycle,3,3,complete,[],"[""yahoo""]",2026-09-24T22:20:54.925282Z
live,prices,CAT,strategy_market_and_position_lifecycle,8,8,complete,[],"[""yahoo""]",2026-09-24T22:20:54.925282Z
live,prices,CB,strategy_market_and_position_lifecycle,8,8,complete,[],"[""yahoo""]",2026-09-24T22:20:54.925282Z
live,prices,CBOE,strategy_market_and_position_lifecycle,8,8,complete,[],"[""yahoo""]",2026-09-24T22:20:54.925282Z
live,prices,CBRE,strategy_market_and_position_lifecycle,8,8,complete,[],"[""yahoo""]",2026-09-24T22:20:54.925282Z
live,prices,CCI,strategy_market_and_position_lifecycle,8,8,complete,[],"[""yahoo""]",2026-09-24T22:20:54.925282Z
live,prices,CCL,strategy_market_and_position_lifecycle,8,8,complete,[],"[""yahoo""]",2026-09-24T22:20:54.925282Z
live,prices,CDNS,strategy_market_and_position_lifecycle,8,8,complete,[],"[""yahoo""]",2026-09-24T22:20:54.925282Z
live,prices,CDW,strategy_market_and_position_lifecycle,8,8,complete,[],"[""yahoo""]",2026-09-24T22:20:54.925282Z
live,prices,CEG,strategy_market_and_position_lifecycle,8,8,complete,[],"[""yahoo""]",2026-09-24T22:20:54.925282Z
live,prices,CF,strategy_market_and_position_lifecycle,8,8,complete,[],"[""yahoo""]",2026-09-24T22:20:54.925282Z
live,prices,CFG,strategy_market_and_position_lifecycle,8,8,complete,[],"[""yahoo""]",2026-09-24T22:20:54.925282Z
live,prices,CHD,strategy_market_and_position_lifecycle,8,8,complete,[],"[""yahoo""]",2026-09-24T22:20:54.925282Z
live,prices,CHRW,strategy_market_and_position_lifecycle,8,8,complete,[],"[""yahoo""]",2026-09-24T22:20:54.925282Z
live,prices,CHTR,strategy_market_and_position_lifecycle,8,8,complete,[],"[""yahoo""]",2026-09-24T22:20:54.925282Z
live,prices,CI,strategy_market_and_position_lifecycle,8,8,complete,[],"[""yahoo""]",2026-09-24T22:20:54.925282Z
live,prices,CIEN,strategy_market_and_position_lifecycle,8,8,complete,[],"[""yahoo""]",2026-09-24T22:20:54.925282Z
live,prices,CINF,strategy_market_and_position_lifecycle,8,8,complete,[],"[""yahoo""]",2026-09-24T22:20:54.925282Z
live,prices,CL,strategy_market_and_position_lifecycle,8,8,complete,[],"[""yahoo""]",2026-09-24T22:20:54.925282Z
live,prices,CLX,strategy_market_and_position_lifecycle,8,8,complete,[],"[""yahoo""]",2026-09-24T22:20:54.925282Z
live,prices,CMCSA,strategy_market_and_position_lifecycle,8,8,complete,[],"[""yahoo""]",2026-09-24T22:20:54.925282Z
live,prices,CME,strategy_market_and_position_lifecycle,8,8,complete,[],"[""yahoo""]",2026-09-24T22:20:54.925282Z
live,prices,CMG,strategy_market_and_position_lifecycle,8,8,complete,[],"[""yahoo""]",2026-09-24T22:20:54.925282Z
live,prices,CMI,strategy_market_and_position_lifecycle,8,8,complete,[],"[""yahoo""]",2026-09-24T22:20:54.925282Z
live,prices,CMS,strategy_market_and_position_lifecycle,8,8,complete,[],"[""yahoo""]",2026-09-24T22:20:54.925282Z
live,prices,CNC,strategy_market_and_position_lifecycle,8,8,complete,[],"[""yahoo""]",2026-09-24T22:20:54.925282Z
live,prices,CNP,strategy_market_and_position_lifecycle,8,8,complete,[],"[""yahoo""]",2026-09-24T22:20:54.925282Z
live,prices,COF,strategy_market_and_position_lifecycle,8,8,complete,[],"[""yahoo""]",2026-09-24T22:20:54.925282Z
live,prices,COHR,strategy_market_and_position_lifecycle,5,5,complete,[],"[""yahoo""]",2026-09-24T22:20:54.925282Z
live,prices,COIN,strategy_market_and_position_lifecycle,8,8,complete,[],"[""yahoo""]",2026-09-24T22:20:54.925282Z
live,prices,COO,strategy_market_and_position_lifecycle,8,8,complete,[],"[""yahoo""]",2026-09-24T22:20:54.925282Z
live,prices,COP,strategy_market_and_position_lifecycle,8,8,complete,[],"[""yahoo""]",2026-09-24T22:20:54.925282Z
live,prices,COR,strategy_market_and_position_lifecycle,8,8,complete,[],"[""yahoo""]",2026-09-24T22:20:54.925282Z
live,prices,COST,strategy_market_and_position_lifecycle,8,8,complete,[],"[""yahoo""]",2026-09-24T22:20:54.925282Z
live,prices,CPAY,strategy_market_and_position_lifecycle,8,8,complete,[],"[""yahoo""]",2026-09-24T22:20:54.925282Z
live,prices,CPB,strategy_market_and_position_lifecycle,8,8,complete,[],"[""yahoo""]",2026-09-24T22:20:54.925282Z
live,prices,CPRT,strategy_market_and_position_lifecycle,8,8,complete,[],"[""yahoo""]",2026-09-24T22:20:54.925282Z
live,prices,CPT,strategy_market_and_position_lifecycle,8,8,complete,[],"[""yahoo""]",2026-09-24T22:20:54.925282Z
live,prices,CRH,strategy_market_and_position_lifecycle,8,8,complete,[],"[""yahoo""]",2026-09-24T22:20:54.925282Z
live,prices,CRL,strategy_market_and_position_lifecycle,8,8,complete,[],"[""yahoo""]",2026-09-24T22:20:54.925282Z
live,prices,CRM,strategy_market_and_position_lifecycle,8,8,complete,[],"[""yahoo""]",2026-09-24T22:20:54.925282Z
live,prices,CRWD,strategy_market_and_position_lifecycle,8,8,complete,[],"[""yahoo""]",2026-09-24T22:20:54.925282Z
live,prices,CSCO,strategy_market_and_position_lifecycle,8,8,complete,[],"[""yahoo""]",2026-09-24T22:20:54.925282Z
live,prices,CSGP,strategy_market_and_position_lifecycle,8,8,complete,[],"[""yahoo""]",2026-09-24T22:20:54.925282Z
live,prices,CSX,strategy_market_and_position_lifecycle,8,8,complete,[],"[""yahoo""]",2026-09-24T22:20:54.925282Z
live,prices,CTAS,strategy_market_and_position_lifecycle,8,8,complete,[],"[""yahoo""]",2026-09-24T22:20:54.925282Z
live,prices,CTRA,strategy_market_and_position_lifecycle,8,8,complete,[],"[""yahoo_supplement""]",2026-09-24T22:20:54.925282Z
live,prices,CTSH,strategy_market_and_position_lifecycle,8,8,complete,[],"[""yahoo""]",2026-09-24T22:20:54.925282Z
live,prices,CTVA,strategy_market_and_position_lifecycle,8,8,complete,[],"[""yahoo""]",2026-09-24T22:20:54.925282Z
live,prices,CVNA,strategy_market_and_position_lifecycle,8,8,complete,[],"[""yahoo""]",2026-09-24T22:20:54.925282Z
live,prices,CVS,strategy_market_and_position_lifecycle,8,8,complete,[],"[""yahoo""]",2026-09-24T22:20:54.925282Z
live,prices,CVX,strategy_market_and_position_lifecycle,8,8,complete,[],"[""yahoo""]",2026-09-24T22:20:54.925282Z
live,prices,D,strategy_market_and_position_lifecycle,8,8,complete,[],"[""yahoo""]",2026-09-24T22:20:54.925282Z
live,prices,DAL,strategy_market_and_position_lifecycle,8,8,complete,[],"[""yahoo""]",2026-09-24T22:20:54.925282Z
live,prices,DASH,strategy_market_and_position_lifecycle,8,8,complete,[],"[""yahoo""]",2026-09-24T22:20:54.925282Z
live,prices,DD,strategy_market_and_position_lifecycle,8,8,complete,[],"[""yahoo""]",2026-09-24T22:20:54.925282Z
live,prices,DDOG,strategy_market_and_position_lifecycle,8,8,complete,[],"[""yahoo""]",2026-09-24T22:20:54.925282Z
live,prices,DE,strategy_market_and_position_lifecycle,8,8,complete,[],"[""yahoo""]",2026-09-24T22:20:54.925282Z
live,prices,DECK,strategy_market_and_position_lifecycle,8,8,complete,[],"[""yahoo""]",2026-09-24T22:20:54.925282Z
live,prices,DELL,strategy_market_and_position_lifecycle,8,8,complete,[],"[""yahoo""]",2026-09-24T22:20:54.925282Z
live,prices,DG,strategy_market_and_position_lifecycle,8,8,complete,[],"[""yahoo""]",2026-09-24T22:20:54.925282Z
live,prices,DGX,strategy_market_and_position_lifecycle,8,8,complete,[],"[""yahoo""]",2026-09-24T22:20:54.925282Z
live,prices,DHI,strategy_market_and_position_lifecycle,8,8,complete,[],"[""yahoo""]",2026-09-24T22:20:54.925282Z
live,prices,DHR,strategy_market_and_position_lifecycle,8,8,complete,[],"[""yahoo""]",2026-09-24T22:20:54.925282Z
live,prices,DIS,strategy_market_and_position_lifecycle,8,8,complete,[],"[""yahoo""]",2026-09-24T22:20:54.925282Z
live,prices,DLR,strategy_market_and_position_lifecycle,8,8,complete,[],"[""yahoo""]",2026-09-24T22:20:54.925282Z
live,prices,DLTR,strategy_market_and_position_lifecycle,8,8,complete,[],"[""yahoo""]",2026-09-24T22:20:54.925282Z
live,prices,DOC,strategy_market_and_position_lifecycle,8,8,complete,[],"[""yahoo""]",2026-09-24T22:20:54.925282Z
live,prices,DOV,strategy_market_and_position_lifecycle,8,8,complete,[],"[""yahoo""]",2026-09-24T22:20:54.925282Z
live,prices,DOW,strategy_market_and_position_lifecycle,8,8,complete,[],"[""yahoo""]",2026-09-24T22:20:54.925282Z
live,prices,DPZ,strategy_market_and_position_lifecycle,8,8,complete,[],"[""yahoo""]",2026-09-24T22:20:54.925282Z
live,prices,DRI,strategy_market_and_position_lifecycle,8,8,complete,[],"[""yahoo""]",2026-09-24T22:20:54.925282Z
live,prices,DTE,strategy_market_and_position_lifecycle,8,8,complete,[],"[""yahoo""]",2026-09-24T22:20:54.925282Z
live,prices,DUK,strategy_market_and_position_lifecycle,8,8,complete,[],"[""yahoo""]",2026-09-24T22:20:54.925282Z
live,prices,DVA,strategy_market_and_position_lifecycle,8,8,complete,[],"[""yahoo""]",2026-09-24T22:20:54.925282Z
live,prices,DVN,strategy_market_and_position_lifecycle,8,8,complete,[],"[""yahoo""]",2026-09-24T22:20:54.925282Z
live,prices,DXCM,strategy_market_and_position_lifecycle,8,8,complete,[],"[""yahoo""]",2026-09-24T22:20:54.925282Z
live,prices,EA,strategy_market_and_position_lifecycle,8,8,complete,[],"[""yahoo""]",2026-09-24T22:20:54.925282Z
live,prices,EBAY,strategy_market_and_position_lifecycle,8,8,complete,[],"[""yahoo""]",2026-09-24T22:20:54.925282Z
live,prices,ECL,strategy_market_and_position_lifecycle,8,8,complete,[],"[""yahoo""]",2026-09-24T22:20:54.925282Z
live,prices,ED,strategy_market_and_position_lifecycle,8,8,complete,[],"[""yahoo""]",2026-09-24T22:20:54.925282Z
live,prices,EFX,strategy_market_and_position_lifecycle,8,8,complete,[],"[""yahoo""]",2026-09-24T22:20:54.925282Z
live,prices,EG,strategy_market_and_position_lifecycle,8,8,complete,[],"[""yahoo""]",2026-09-24T22:20:54.925282Z
live,prices,EIX,strategy_market_and_position_lifecycle,8,8,complete,[],"[""yahoo""]",2026-09-24T22:20:54.925282Z
live,prices,EL,strategy_market_and_position_lifecycle,8,8,complete,[],"[""yahoo""]",2026-09-24T22:20:54.925282Z
live,prices,ELV,strategy_market_and_position_lifecycle,8,8,complete,[],"[""yahoo""]",2026-09-24T22:20:54.925282Z
live,prices,EME,strategy_market_and_position_lifecycle,8,8,complete,[],"[""yahoo""]",2026-09-24T22:20:54.925282Z
live,prices,EMR,strategy_market_and_position_lifecycle,8,8,complete,[],"[""yahoo""]",2026-09-24T22:20:54.925282Z
live,prices,EOG,strategy_market_and_position_lifecycle,8,8,complete,[],"[""yahoo""]",2026-09-24T22:20:54.925282Z
live,prices,EPAM,strategy_market_and_position_lifecycle,8,8,complete,[],"[""yahoo""]",2026-09-24T22:20:54.925282Z
live,prices,EQIX,strategy_market_and_position_lifecycle,8,8,complete,[],"[""yahoo""]",2026-09-24T22:20:54.925282Z
live,prices,EQR,strategy_market_and_position_lifecycle,8,8,complete,[],"[""yahoo""]",2026-09-24T22:20:54.925282Z
live,prices,EQT,strategy_market_and_position_lifecycle,8,8,complete,[],"[""yahoo""]",2026-09-24T22:20:54.925282Z
live,prices,ERIE,strategy_market_and_position_lifecycle,8,8,complete,[],"[""yahoo""]",2026-09-24T22:20:54.925282Z
live,prices,ES,strategy_market_and_position_lifecycle,8,8,complete,[],"[""yahoo""]",2026-09-24T22:20:54.925282Z
live,prices,ESS,strategy_market_and_position_lifecycle,8,8,complete,[],"[""yahoo""]",2026-09-24T22:20:54.925282Z
live,prices,ETN,strategy_market_and_position_lifecycle,8,8,complete,[],"[""yahoo""]",2026-09-24T22:20:54.925282Z
live,prices,ETR,strategy_market_and_position_lifecycle,8,8,complete,[],"[""yahoo""]",2026-09-24T22:20:54.925282Z
live,prices,EVRG,strategy_market_and_position_lifecycle,8,8,complete,[],"[""yahoo""]",2026-09-24T22:20:54.925282Z
live,prices,EW,strategy_market_and_position_lifecycle,8,8,complete,[],"[""yahoo""]",2026-09-24T22:20:54.925282Z
live,prices,EXC,strategy_market_and_position_lifecycle,8,8,complete,[],"[""yahoo""]",2026-09-24T22:20:54.925282Z
live,prices,EXE,strategy_market_and_position_lifecycle,8,8,complete,[],"[""yahoo""]",2026-09-24T22:20:54.925282Z
live,prices,EXPD,strategy_market_and_position_lifecycle,8,8,complete,[],"[""yahoo""]",2026-09-24T22:20:54.925282Z
live,prices,EXPE,strategy_market_and_position_lifecycle,8,8,complete,[],"[""yahoo""]",2026-09-24T22:20:54.925282Z
live,prices,EXR,strategy_market_and_position_lifecycle,8,8,complete,[],"[""yahoo""]",2026-09-24T22:20:54.925282Z
live,prices,F,strategy_market_and_position_lifecycle,8,8,complete,[],"[""yahoo""]",2026-09-24T22:20:54.925282Z
live,prices,FANG,strategy_market_and_position_lifecycle,8,8,complete,[],"[""yahoo""]",2026-09-24T22:20:54.925282Z
live,prices,FAST,strategy_market_and_position_lifecycle,8,8,complete,[],"[""yahoo""]",2026-09-24T22:20:54.925282Z
live,prices,FCX,strategy_market_and_position_lifecycle,8,8,complete,[],"[""yahoo""]",2026-09-24T22:20:54.925282Z
live,prices,FDS,strategy_market_and_position_lifecycle,8,8,complete,[],"[""yahoo""]",2026-09-24T22:20:54.925282Z
live,prices,FDX,strategy_market_and_position_lifecycle,8,8,complete,[],"[""yahoo""]",2026-09-24T22:20:54.925282Z
live,prices,FE,strategy_market_and_position_lifecycle,8,8,complete,[],"[""yahoo""]",2026-09-24T22:20:54.925282Z
live,prices,FFIV,strategy_market_and_position_lifecycle,8,8,complete,[],"[""yahoo""]",2026-09-24T22:20:54.925282Z
live,prices,FICO,strategy_market_and_position_lifecycle,8,8,complete,[],"[""yahoo""]",2026-09-24T22:20:54.925282Z
live,prices,FIS,strategy_market_and_position_lifecycle,8,8,complete,[],"[""yahoo""]",2026-09-24T22:20:54.925282Z
live,prices,FISV,strategy_market_and_position_lifecycle,8,8,complete,[],"[""yahoo""]",2026-09-24T22:20:54.925282Z
live,prices,FITB,strategy_market_and_position_lifecycle,8,8,complete,[],"[""yahoo""]",2026-09-24T22:20:54.925282Z
live,prices,FIX,strategy_market_and_position_lifecycle,8,8,complete,[],"[""yahoo""]",2026-09-24T22:20:54.925282Z
live,prices,FOX,strategy_market_and_position_lifecycle,8,8,complete,[],"[""yahoo""]",2026-09-24T22:20:54.925282Z
live,prices,FOXA,strategy_market_and_position_lifecycle,8,8,complete,[],"[""yahoo""]",2026-09-24T22:20:54.925282Z
live,prices,FRT,strategy_market_and_position_lifecycle,8,8,complete,[],"[""yahoo""]",2026-09-24T22:20:54.925282Z
live,prices,FSLR,strategy_market_and_position_lifecycle,8,8,complete,[],"[""yahoo""]",2026-09-24T22:20:54.925282Z
live,prices,FTNT,strategy_market_and_position_lifecycle,8,8,complete,[],"[""yahoo""]",2026-09-24T22:20:54.925282Z
live,prices,FTV,strategy_market_and_position_lifecycle,8,8,complete,[],"[""yahoo""]",2026-09-24T22:20:54.925282Z
live,prices,GD,strategy_market_and_position_lifecycle,8,8,complete,[],"[""yahoo""]",2026-09-24T22:20:54.925282Z
live,prices,GDDY,strategy_market_and_position_lifecycle,8,8,complete,[],"[""yahoo""]",2026-09-24T22:20:54.925282Z
live,prices,GE,strategy_market_and_position_lifecycle,8,8,complete,[],"[""yahoo""]",2026-09-24T22:20:54.925282Z
live,prices,GEHC,strategy_market_and_position_lifecycle,8,8,complete,[],"[""yahoo""]",2026-09-24T22:20:54.925282Z
live,prices,GEN,strategy_market_and_position_lifecycle,8,8,complete,[],"[""yahoo""]",2026-09-24T22:20:54.925282Z
live,prices,GEV,strategy_market_and_position_lifecycle,8,8,complete,[],"[""yahoo""]",2026-09-24T22:20:54.925282Z
live,prices,GILD,strategy_market_and_position_lifecycle,8,8,complete,[],"[""yahoo""]",2026-09-24T22:20:54.925282Z
live,prices,GIS,strategy_market_and_position_lifecycle,8,8,complete,[],"[""yahoo""]",2026-09-24T22:20:54.925282Z
live,prices,GL,strategy_market_and_position_lifecycle,8,8,complete,[],"[""yahoo""]",2026-09-24T22:20:54.925282Z
live,prices,GLW,strategy_market_and_position_lifecycle,8,8,complete,[],"[""yahoo""]",2026-09-24T22:20:54.925282Z
live,prices,GM,strategy_market_and_position_lifecycle,8,8,complete,[],"[""yahoo""]",2026-09-24T22:20:54.925282Z
live,prices,GNRC,strategy_market_and_position_lifecycle,8,8,complete,[],"[""yahoo""]",2026-09-24T22:20:54.925282Z
live,prices,GOOG,strategy_market_and_position_lifecycle,8,8,complete,[],"[""yahoo""]",2026-09-24T22:20:54.925282Z
live,prices,GOOGL,strategy_market_and_position_lifecycle,8,8,complete,[],"[""yahoo""]",2026-09-24T22:20:54.925282Z
live,prices,GPC,strategy_market_and_position_lifecycle,8,8,complete,[],"[""yahoo""]",2026-09-24T22:20:54.925282Z
live,prices,GPN,strategy_market_and_position_lifecycle,8,8,complete,[],"[""yahoo""]",2026-09-24T22:20:54.925282Z
live,prices,GRMN,strategy_market_and_position_lifecycle,8,8,complete,[],"[""yahoo""]",2026-09-24T22:20:54.925282Z
live,prices,GS,strategy_market_and_position_lifecycle,8,8,complete,[],"[""yahoo""]",2026-09-24T22:20:54.925282Z
live,prices,GWW,strategy_market_and_position_lifecycle,8,8,complete,[],"[""yahoo""]",2026-09-24T22:20:54.925282Z
live,prices,HAL,strategy_market_and_position_lifecycle,8,8,complete,[],"[""yahoo""]",2026-09-24T22:20:54.925282Z
live,prices,HAS,strategy_market_and_position_lifecycle,8,8,complete,[],"[""yahoo""]",2026-09-24T22:20:54.925282Z
live,prices,HBAN,strategy_market_and_position_lifecycle,8,8,complete,[],"[""yahoo""]",2026-09-24T22:20:54.925282Z
live,prices,HCA,strategy_market_and_position_lifecycle,8,8,complete,[],"[""yahoo""]",2026-09-24T22:20:54.925282Z
live,prices,HD,strategy_market_and_position_lifecycle,8,8,complete,[],"[""yahoo""]",2026-09-24T22:20:54.925282Z
live,prices,HIG,strategy_market_and_position_lifecycle,8,8,complete,[],"[""yahoo""]",2026-09-24T22:20:54.925282Z
live,prices,HII,strategy_market_and_position_lifecycle,8,8,complete,[],"[""yahoo""]",2026-09-24T22:20:54.925282Z
live,prices,HLT,strategy_market_and_position_lifecycle,8,8,complete,[],"[""yahoo""]",2026-09-24T22:20:54.925282Z
live,prices,HOLX,strategy_market_and_position_lifecycle,7,7,complete,[],"[""corporate_action_settlement"",""yahoo_supplement""]",2026-09-24T22:20:54.925282Z
live,prices,HON,strategy_market_and_position_lifecycle,8,8,complete,[],"[""yahoo""]",2026-09-24T22:20:54.925282Z
live,prices,HOOD,strategy_market_and_position_lifecycle,8,8,complete,[],"[""yahoo""]",2026-09-24T22:20:54.925282Z
live,prices,HPE,strategy_market_and_position_lifecycle,8,8,complete,[],"[""yahoo""]",2026-09-24T22:20:54.925282Z
live,prices,HPQ,strategy_market_and_position_lifecycle,8,8,complete,[],"[""yahoo""]",2026-09-24T22:20:54.925282Z
live,prices,HRL,strategy_market_and_position_lifecycle,8,8,complete,[],"[""yahoo""]",2026-09-24T22:20:54.925282Z
live,prices,HSIC,strategy_market_and_position_lifecycle,8,8,complete,[],"[""yahoo""]",2026-09-24T22:20:54.925282Z
live,prices,HST,strategy_market_and_position_lifecycle,8,8,complete,[],"[""yahoo""]",2026-09-24T22:20:54.925282Z
live,prices,HSY,strategy_market_and_position_lifecycle,8,8,complete,[],"[""yahoo""]",2026-09-24T22:20:54.925282Z
live,prices,HUBB,strategy_market_and_position_lifecycle,8,8,complete,[],"[""yahoo""]",2026-09-24T22:20:54.925282Z
live,prices,HUM,strategy_market_and_position_lifecycle,8,8,complete,[],"[""yahoo""]",2026-09-24T22:20:54.925282Z
live,prices,HWM,strategy_market_and_position_lifecycle,8,8,complete,[],"[""yahoo""]",2026-09-24T22:20:54.925282Z
live,prices,IBKR,strategy_market_and_position_lifecycle,8,8,complete,[],"[""yahoo""]",2026-09-24T22:20:54.925282Z
live,prices,IBM,strategy_market_and_position_lifecycle,8,8,complete,[],"[""yahoo""]",2026-09-24T22:20:54.925282Z
live,prices,ICE,strategy_market_and_position_lifecycle,8,8,complete,[],"[""yahoo""]",2026-09-24T22:20:54.925282Z
live,prices,IDXX,strategy_market_and_position_lifecycle,8,8,complete,[],"[""yahoo""]",2026-09-24T22:20:54.925282Z
live,prices,IEX,strategy_market_and_position_lifecycle,8,8,complete,[],"[""yahoo""]",2026-09-24T22:20:54.925282Z
live,prices,IFF,strategy_market_and_position_lifecycle,8,8,complete,[],"[""yahoo""]",2026-09-24T22:20:54.925282Z
live,prices,INCY,strategy_market_and_position_lifecycle,8,8,complete,[],"[""yahoo""]",2026-09-24T22:20:54.925282Z
live,prices,INTC,strategy_market_and_position_lifecycle,8,8,complete,[],"[""yahoo""]",2026-09-24T22:20:54.925282Z
live,prices,INTU,strategy_market_and_position_lifecycle,8,8,complete,[],"[""yahoo""]",2026-09-24T22:20:54.925282Z
live,prices,INVH,strategy_market_and_position_lifecycle,8,8,complete,[],"[""yahoo""]",2026-09-24T22:20:54.925282Z
live,prices,IP,strategy_market_and_position_lifecycle,8,8,complete,[],"[""yahoo""]",2026-09-24T22:20:54.925282Z
live,prices,IQV,strategy_market_and_position_lifecycle,8,8,complete,[],"[""yahoo""]",2026-09-24T22:20:54.925282Z
live,prices,IR,strategy_market_and_position_lifecycle,8,8,complete,[],"[""yahoo""]",2026-09-24T22:20:54.925282Z
live,prices,IRM,strategy_market_and_position_lifecycle,8,8,complete,[],"[""yahoo""]",2026-09-24T22:20:54.925282Z
live,prices,ISRG,strategy_market_and_position_lifecycle,8,8,complete,[],"[""yahoo""]",2026-09-24T22:20:54.925282Z
live,prices,IT,strategy_market_and_position_lifecycle,8,8,complete,[],"[""yahoo""]",2026-09-24T22:20:54.925282Z
live,prices,ITW,strategy_market_and_position_lifecycle,8,8,complete,[],"[""yahoo""]",2026-09-24T22:20:54.925282Z
live,prices,IVZ,strategy_market_and_position_lifecycle,8,8,complete,[],"[""yahoo""]",2026-09-24T22:20:54.925282Z
live,prices,J,strategy_market_and_position_lifecycle,8,8,complete,[],"[""yahoo""]",2026-09-24T22:20:54.925282Z
live,prices,JBHT,strategy_market_and_position_lifecycle,8,8,complete,[],"[""yahoo""]",2026-09-24T22:20:54.925282Z
live,prices,JBL,strategy_market_and_position_lifecycle,8,8,complete,[],"[""yahoo""]",2026-09-24T22:20:54.925282Z
live,prices,JCI,strategy_market_and_position_lifecycle,8,8,complete,[],"[""yahoo""]",2026-09-24T22:20:54.925282Z
live,prices,JKHY,strategy_market_and_position_lifecycle,8,8,complete,[],"[""yahoo""]",2026-09-24T22:20:54.925282Z
live,prices,JNJ,strategy_market_and_position_lifecycle,8,8,complete,[],"[""yahoo""]",2026-09-24T22:20:54.925282Z
live,prices,JPM,strategy_market_and_position_lifecycle,8,8,complete,[],"[""yahoo""]",2026-09-24T22:20:54.925282Z
live,prices,KDP,strategy_market_and_position_lifecycle,8,8,complete,[],"[""yahoo""]",2026-09-24T22:20:54.925282Z
live,prices,KEY,strategy_market_and_position_lifecycle,8,8,complete,[],"[""yahoo""]",2026-09-24T22:20:54.925282Z
live,prices,KEYS,strategy_market_and_position_lifecycle,8,8,complete,[],"[""yahoo""]",2026-09-24T22:20:54.925282Z
live,prices,KHC,strategy_market_and_position_lifecycle,8,8,complete,[],"[""yahoo""]",2026-09-24T22:20:54.925282Z
live,prices,KIM,strategy_market_and_position_lifecycle,8,8,complete,[],"[""yahoo""]",2026-09-24T22:20:54.925282Z
live,prices,KKR,strategy_market_and_position_lifecycle,8,8,complete,[],"[""yahoo""]",2026-09-24T22:20:54.925282Z
live,prices,KLAC,strategy_market_and_position_lifecycle,8,8,complete,[],"[""yahoo""]",2026-09-24T22:20:54.925282Z
live,prices,KMB,strategy_market_and_position_lifecycle,8,8,complete,[],"[""yahoo""]",2026-09-24T22:20:54.925282Z
live,prices,KMI,strategy_market_and_position_lifecycle,8,8,complete,[],"[""yahoo""]",2026-09-24T22:20:54.925282Z
live,prices,KO,strategy_market_and_position_lifecycle,8,8,complete,[],"[""yahoo""]",2026-09-24T22:20:54.925282Z
live,prices,KR,strategy_market_and_position_lifecycle,8,8,complete,[],"[""yahoo""]",2026-09-24T22:20:54.925282Z
live,prices,KVUE,strategy_market_and_position_lifecycle,8,8,complete,[],"[""yahoo""]",2026-09-24T22:20:54.925282Z
live,prices,L,strategy_market_and_position_lifecycle,8,8,complete,[],"[""yahoo""]",2026-09-24T22:20:54.925282Z
live,prices,LDOS,strategy_market_and_position_lifecycle,8,8,complete,[],"[""yahoo""]",2026-09-24T22:20:54.925282Z
live,prices,LEN,strategy_market_and_position_lifecycle,8,8,complete,[],"[""yahoo""]",2026-09-24T22:20:54.925282Z
live,prices,LH,strategy_market_and_position_lifecycle,8,8,complete,[],"[""yahoo""]",2026-09-24T22:20:54.925282Z
live,prices,LHX,strategy_market_and_position_lifecycle,8,8,complete,[],"[""yahoo""]",2026-09-24T22:20:54.925282Z
live,prices,LII,strategy_market_and_position_lifecycle,8,8,complete,[],"[""yahoo""]",2026-09-24T22:20:54.925282Z
live,prices,LIN,strategy_market_and_position_lifecycle,8,8,complete,[],"[""yahoo""]",2026-09-24T22:20:54.925282Z
live,prices,LITE,strategy_market_and_position_lifecycle,5,5,complete,[],"[""yahoo""]",2026-09-24T22:20:54.925282Z
live,prices,LLY,strategy_market_and_position_lifecycle,8,8,complete,[],"[""yahoo""]",2026-09-24T22:20:54.925282Z
live,prices,LMT,strategy_market_and_position_lifecycle,8,8,complete,[],"[""yahoo""]",2026-09-24T22:20:54.925282Z
live,prices,LNT,strategy_market_and_position_lifecycle,8,8,complete,[],"[""yahoo""]",2026-09-24T22:20:54.925282Z
live,prices,LOW,strategy_market_and_position_lifecycle,8,8,complete,[],"[""yahoo""]",2026-09-24T22:20:54.925282Z
live,prices,LRCX,strategy_market_and_position_lifecycle,8,8,complete,[],"[""yahoo""]",2026-09-24T22:20:54.925282Z
live,prices,LULU,strategy_market_and_position_lifecycle,8,8,complete,[],"[""yahoo""]",2026-09-24T22:20:54.925282Z
live,prices,LUV,strategy_market_and_position_lifecycle,8,8,complete,[],"[""yahoo""]",2026-09-24T22:20:54.925282Z
live,prices,LVS,strategy_market_and_position_lifecycle,8,8,complete,[],"[""yahoo""]",2026-09-24T22:20:54.925282Z
live,prices,LW,strategy_market_and_position_lifecycle,5,5,complete,[],"[""yahoo""]",2026-09-24T22:20:54.925282Z
live,prices,LYB,strategy_market_and_position_lifecycle,8,8,complete,[],"[""yahoo""]",2026-09-24T22:20:54.925282Z
live,prices,LYV,strategy_market_and_position_lifecycle,8,8,complete,[],"[""yahoo""]",2026-09-24T22:20:54.925282Z
live,prices,MA,strategy_market_and_position_lifecycle,8,8,complete,[],"[""yahoo""]",2026-09-24T22:20:54.925282Z
live,prices,MAA,strategy_market_and_position_lifecycle,8,8,complete,[],"[""yahoo""]",2026-09-24T22:20:54.925282Z
live,prices,MAR,strategy_market_and_position_lifecycle,8,8,complete,[],"[""yahoo""]",2026-09-24T22:20:54.925282Z
live,prices,MAS,strategy_market_and_position_lifecycle,8,8,complete,[],"[""yahoo""]",2026-09-24T22:20:54.925282Z
live,prices,MCD,strategy_market_and_position_lifecycle,8,8,complete,[],"[""yahoo""]",2026-09-24T22:20:54.925282Z
live,prices,MCHP,strategy_market_and_position_lifecycle,8,8,complete,[],"[""yahoo""]",2026-09-24T22:20:54.925282Z
live,prices,MCK,strategy_market_and_position_lifecycle,8,8,complete,[],"[""yahoo""]",2026-09-24T22:20:54.925282Z
live,prices,MCO,strategy_market_and_position_lifecycle,8,8,complete,[],"[""yahoo""]",2026-09-24T22:20:54.925282Z
live,prices,MDLZ,strategy_market_and_position_lifecycle,8,8,complete,[],"[""yahoo""]",2026-09-24T22:20:54.925282Z
live,prices,MDT,strategy_market_and_position_lifecycle,8,8,complete,[],"[""yahoo""]",2026-09-24T22:20:54.925282Z
live,prices,MET,strategy_market_and_position_lifecycle,8,8,complete,[],"[""yahoo""]",2026-09-24T22:20:54.925282Z
live,prices,META,strategy_market_and_position_lifecycle,8,8,complete,[],"[""yahoo""]",2026-09-24T22:20:54.925282Z
live,prices,MGM,strategy_market_and_position_lifecycle,8,8,complete,[],"[""yahoo""]",2026-09-24T22:20:54.925282Z
live,prices,MKC,strategy_market_and_position_lifecycle,8,8,complete,[],"[""yahoo""]",2026-09-24T22:20:54.925282Z
live,prices,MLM,strategy_market_and_position_lifecycle,8,8,complete,[],"[""yahoo""]",2026-09-24T22:20:54.925282Z
live,prices,MMM,strategy_market_and_position_lifecycle,8,8,complete,[],"[""yahoo""]",2026-09-24T22:20:54.925282Z
live,prices,MNST,strategy_market_and_position_lifecycle,8,8,complete,[],"[""yahoo""]",2026-09-24T22:20:54.925282Z
live,prices,MO,strategy_market_and_position_lifecycle,8,8,complete,[],"[""yahoo""]",2026-09-24T22:20:54.925282Z
live,prices,MOH,strategy_market_and_position_lifecycle,5,5,complete,[],"[""yahoo""]",2026-09-24T22:20:54.925282Z
live,prices,MOS,strategy_market_and_position_lifecycle,8,8,complete,[],"[""yahoo""]",2026-09-24T22:20:54.925282Z
live,prices,MPC,strategy_market_and_position_lifecycle,8,8,complete,[],"[""yahoo""]",2026-09-24T22:20:54.925282Z
live,prices,MPWR,strategy_market_and_position_lifecycle,8,8,complete,[],"[""yahoo""]",2026-09-24T22:20:54.925282Z
live,prices,MRK,strategy_market_and_position_lifecycle,8,8,complete,[],"[""yahoo""]",2026-09-24T22:20:54.925282Z
live,prices,MRNA,strategy_market_and_position_lifecycle,8,8,complete,[],"[""yahoo""]",2026-09-24T22:20:54.925282Z
live,prices,MRSH,strategy_market_and_position_lifecycle,8,8,complete,[],"[""yahoo""]",2026-09-24T22:20:54.925282Z
live,prices,MS,strategy_market_and_position_lifecycle,8,8,complete,[],"[""yahoo""]",2026-09-24T22:20:54.925282Z
live,prices,MSCI,strategy_market_and_position_lifecycle,8,8,complete,[],"[""yahoo""]",2026-09-24T22:20:54.925282Z
live,prices,MSFT,strategy_market_and_position_lifecycle,8,8,complete,[],"[""yahoo""]",2026-09-24T22:20:54.925282Z
live,prices,MSI,strategy_market_and_position_lifecycle,8,8,complete,[],"[""yahoo""]",2026-09-24T22:20:54.925282Z
live,prices,MTB,strategy_market_and_position_lifecycle,8,8,complete,[],"[""yahoo""]",2026-09-24T22:20:54.925282Z
live,prices,MTCH,strategy_market_and_position_lifecycle,5,5,complete,[],"[""yahoo""]",2026-09-24T22:20:54.925282Z
live,prices,MTD,strategy_market_and_position_lifecycle,8,8,complete,[],"[""yahoo""]",2026-09-24T22:20:54.925282Z
live,prices,MU,strategy_market_and_position_lifecycle,8,8,complete,[],"[""yahoo""]",2026-09-24T22:20:54.925282Z
live,prices,NCLH,strategy_market_and_position_lifecycle,8,8,complete,[],"[""yahoo""]",2026-09-24T22:20:54.925282Z
live,prices,NDAQ,strategy_market_and_position_lifecycle,8,8,complete,[],"[""yahoo""]",2026-09-24T22:20:54.925282Z
live,prices,NDSN,strategy_market_and_position_lifecycle,8,8,complete,[],"[""yahoo""]",2026-09-24T22:20:54.925282Z
live,prices,NEE,strategy_market_and_position_lifecycle,8,8,complete,[],"[""yahoo""]",2026-09-24T22:20:54.925282Z
live,prices,NEM,strategy_market_and_position_lifecycle,8,8,complete,[],"[""yahoo""]",2026-09-24T22:20:54.925282Z
live,prices,NFLX,strategy_market_and_position_lifecycle,8,8,complete,[],"[""yahoo""]",2026-09-24T22:20:54.925282Z
live,prices,NI,strategy_market_and_position_lifecycle,8,8,complete,[],"[""yahoo""]",2026-09-24T22:20:54.925282Z
live,prices,NKE,strategy_market_and_position_lifecycle,8,8,complete,[],"[""yahoo""]",2026-09-24T22:20:54.925282Z
live,prices,NOC,strategy_market_and_position_lifecycle,8,8,complete,[],"[""yahoo""]",2026-09-24T22:20:54.925282Z
live,prices,NOW,strategy_market_and_position_lifecycle,8,8,complete,[],"[""yahoo""]",2026-09-24T22:20:54.925282Z
live,prices,NRG,strategy_market_and_position_lifecycle,8,8,complete,[],"[""yahoo""]",2026-09-24T22:20:54.925282Z
live,prices,NSC,strategy_market_and_position_lifecycle,8,8,complete,[],"[""yahoo""]",2026-09-24T22:20:54.925282Z
live,prices,NTAP,strategy_market_and_position_lifecycle,8,8,complete,[],"[""yahoo""]",2026-09-24T22:20:54.925282Z
live,prices,NTRS,strategy_market_and_position_lifecycle,8,8,complete,[],"[""yahoo""]",2026-09-24T22:20:54.925282Z
live,prices,NUE,strategy_market_and_position_lifecycle,8,8,complete,[],"[""yahoo""]",2026-09-24T22:20:54.925282Z
live,prices,NVDA,strategy_market_and_position_lifecycle,8,8,complete,[],"[""yahoo""]",2026-09-24T22:20:54.925282Z
live,prices,NVR,strategy_market_and_position_lifecycle,8,8,complete,[],"[""yahoo""]",2026-09-24T22:20:54.925282Z
live,prices,NWS,strategy_market_and_position_lifecycle,8,8,complete,[],"[""yahoo""]",2026-09-24T22:20:54.925282Z
live,prices,NWSA,strategy_market_and_position_lifecycle,8,8,complete,[],"[""yahoo""]",2026-09-24T22:20:54.925282Z
live,prices,NXPI,strategy_market_and_position_lifecycle,8,8,complete,[],"[""yahoo""]",2026-09-24T22:20:54.925282Z
live,prices,O,strategy_market_and_position_lifecycle,8,8,complete,[],"[""yahoo""]",2026-09-24T22:20:54.925282Z
live,prices,ODFL,strategy_market_and_position_lifecycle,8,8,complete,[],"[""yahoo""]",2026-09-24T22:20:54.925282Z
live,prices,OKE,strategy_market_and_position_lifecycle,8,8,complete,[],"[""yahoo""]",2026-09-24T22:20:54.925282Z
live,prices,OMC,strategy_market_and_position_lifecycle,8,8,complete,[],"[""yahoo""]",2026-09-24T22:20:54.925282Z
live,prices,ON,strategy_market_and_position_lifecycle,8,8,complete,[],"[""yahoo""]",2026-09-24T22:20:54.925282Z
live,prices,ORCL,strategy_market_and_position_lifecycle,8,8,complete,[],"[""yahoo""]",2026-09-24T22:20:54.925282Z
live,prices,ORLY,strategy_market_and_position_lifecycle,8,8,complete,[],"[""yahoo""]",2026-09-24T22:20:54.925282Z
live,prices,OTIS,strategy_market_and_position_lifecycle,8,8,complete,[],"[""yahoo""]",2026-09-24T22:20:54.925282Z
live,prices,OXY,strategy_market_and_position_lifecycle,8,8,complete,[],"[""yahoo""]",2026-09-24T22:20:54.925282Z
live,prices,PANW,strategy_market_and_position_lifecycle,8,8,complete,[],"[""yahoo""]",2026-09-24T22:20:54.925282Z
live,prices,PAYC,strategy_market_and_position_lifecycle,5,5,complete,[],"[""yahoo""]",2026-09-24T22:20:54.925282Z
live,prices,PAYX,strategy_market_and_position_lifecycle,8,8,complete,[],"[""yahoo""]",2026-09-24T22:20:54.925282Z
live,prices,PCAR,strategy_market_and_position_lifecycle,8,8,complete,[],"[""yahoo""]",2026-09-24T22:20:54.925282Z
live,prices,PCG,strategy_market_and_position_lifecycle,8,8,complete,[],"[""yahoo""]",2026-09-24T22:20:54.925282Z
live,prices,PEG,strategy_market_and_position_lifecycle,8,8,complete,[],"[""yahoo""]",2026-09-24T22:20:54.925282Z
live,prices,PEP,strategy_market_and_position_lifecycle,8,8,complete,[],"[""yahoo""]",2026-09-24T22:20:54.925282Z
live,prices,PFE,strategy_market_and_position_lifecycle,8,8,complete,[],"[""yahoo""]",2026-09-24T22:20:54.925282Z
live,prices,PFG,strategy_market_and_position_lifecycle,8,8,complete,[],"[""yahoo""]",2026-09-24T22:20:54.925282Z
live,prices,PG,strategy_market_and_position_lifecycle,8,8,complete,[],"[""yahoo""]",2026-09-24T22:20:54.925282Z
live,prices,PGR,strategy_market_and_position_lifecycle,8,8,complete,[],"[""yahoo""]",2026-09-24T22:20:54.925282Z
live,prices,PH,strategy_market_and_position_lifecycle,8,8,complete,[],"[""yahoo""]",2026-09-24T22:20:54.925282Z
live,prices,PHM,strategy_market_and_position_lifecycle,8,8,complete,[],"[""yahoo""]",2026-09-24T22:20:54.925282Z
live,prices,PKG,strategy_market_and_position_lifecycle,8,8,complete,[],"[""yahoo""]",2026-09-24T22:20:54.925282Z
live,prices,PLD,strategy_market_and_position_lifecycle,8,8,complete,[],"[""yahoo""]",2026-09-24T22:20:54.925282Z
live,prices,PLTR,strategy_market_and_position_lifecycle,8,8,complete,[],"[""yahoo""]",2026-09-24T22:20:54.925282Z
live,prices,PM,strategy_market_and_position_lifecycle,8,8,complete,[],"[""yahoo""]",2026-09-24T22:20:54.925282Z
live,prices,PNC,strategy_market_and_position_lifecycle,8,8,complete,[],"[""yahoo""]",2026-09-24T22:20:54.925282Z
live,prices,PNR,strategy_market_and_position_lifecycle,8,8,complete,[],"[""yahoo""]",2026-09-24T22:20:54.925282Z
live,prices,PNW,strategy_market_and_position_lifecycle,8,8,complete,[],"[""yahoo""]",2026-09-24T22:20:54.925282Z
live,prices,PODD,strategy_market_and_position_lifecycle,8,8,complete,[],"[""yahoo""]",2026-09-24T22:20:54.925282Z
live,prices,POOL,strategy_market_and_position_lifecycle,8,8,complete,[],"[""yahoo""]",2026-09-24T22:20:54.925282Z
live,prices,PPG,strategy_market_and_position_lifecycle,8,8,complete,[],"[""yahoo""]",2026-09-24T22:20:54.925282Z
live,prices,PPL,strategy_market_and_position_lifecycle,8,8,complete,[],"[""yahoo""]",2026-09-24T22:20:54.925282Z
live,prices,PRU,strategy_market_and_position_lifecycle,8,8,complete,[],"[""yahoo""]",2026-09-24T22:20:54.925282Z
live,prices,PSA,strategy_market_and_position_lifecycle,8,8,complete,[],"[""yahoo""]",2026-09-24T22:20:54.925282Z
live,prices,PSKY,strategy_market_and_position_lifecycle,8,8,complete,[],"[""yahoo""]",2026-09-24T22:20:54.925282Z
live,prices,PSX,strategy_market_and_position_lifecycle,8,8,complete,[],"[""yahoo""]",2026-09-24T22:20:54.925282Z
live,prices,PTC,strategy_market_and_position_lifecycle,8,8,complete,[],"[""yahoo""]",2026-09-24T22:20:54.925282Z
live,prices,PWR,strategy_market_and_position_lifecycle,8,8,complete,[],"[""yahoo""]",2026-09-24T22:20:54.925282Z
live,prices,PYPL,strategy_market_and_position_lifecycle,8,8,complete,[],"[""yahoo""]",2026-09-24T22:20:54.925282Z
live,prices,Q,strategy_market_and_position_lifecycle,8,8,complete,[],"[""yahoo""]",2026-09-24T22:20:54.925282Z
live,prices,QCOM,strategy_market_and_position_lifecycle,8,8,complete,[],"[""yahoo""]",2026-09-24T22:20:54.925282Z
live,prices,RCL,strategy_market_and_position_lifecycle,8,8,complete,[],"[""yahoo""]",2026-09-24T22:20:54.925282Z
live,prices,REG,strategy_market_and_position_lifecycle,8,8,complete,[],"[""yahoo""]",2026-09-24T22:20:54.925282Z
live,prices,REGN,strategy_market_and_position_lifecycle,8,8,complete,[],"[""yahoo""]",2026-09-24T22:20:54.925282Z
live,prices,RF,strategy_market_and_position_lifecycle,8,8,complete,[],"[""yahoo""]",2026-09-24T22:20:54.925282Z
live,prices,RJF,strategy_market_and_position_lifecycle,8,8,complete,[],"[""yahoo""]",2026-09-24T22:20:54.925282Z
live,prices,RL,strategy_market_and_position_lifecycle,8,8,complete,[],"[""yahoo""]",2026-09-24T22:20:54.925282Z
live,prices,RMD,strategy_market_and_position_lifecycle,8,8,complete,[],"[""yahoo""]",2026-09-24T22:20:54.925282Z
live,prices,ROK,strategy_market_and_position_lifecycle,8,8,complete,[],"[""yahoo""]",2026-09-24T22:20:54.925282Z
live,prices,ROL,strategy_market_and_position_lifecycle,8,8,complete,[],"[""yahoo""]",2026-09-24T22:20:54.925282Z
live,prices,ROP,strategy_market_and_position_lifecycle,8,8,complete,[],"[""yahoo""]",2026-09-24T22:20:54.925282Z
live,prices,ROST,strategy_market_and_position_lifecycle,8,8,complete,[],"[""yahoo""]",2026-09-24T22:20:54.925282Z
live,prices,RSG,strategy_market_and_position_lifecycle,8,8,complete,[],"[""yahoo""]",2026-09-24T22:20:54.925282Z
live,prices,RTX,strategy_market_and_position_lifecycle,8,8,complete,[],"[""yahoo""]",2026-09-24T22:20:54.925282Z
live,prices,RVTY,strategy_market_and_position_lifecycle,8,8,complete,[],"[""yahoo""]",2026-09-24T22:20:54.925282Z
live,prices,SATS,strategy_market_and_position_lifecycle,5,5,complete,[],"[""yahoo""]",2026-09-24T22:20:54.925282Z
live,prices,SBAC,strategy_market_and_position_lifecycle,8,8,complete,[],"[""yahoo""]",2026-09-24T22:20:54.925282Z
live,prices,SBUX,strategy_market_and_position_lifecycle,8,8,complete,[],"[""yahoo""]",2026-09-24T22:20:54.925282Z
live,prices,SCHW,strategy_market_and_position_lifecycle,8,8,complete,[],"[""yahoo""]",2026-09-24T22:20:54.925282Z
live,prices,SHW,strategy_market_and_position_lifecycle,8,8,complete,[],"[""yahoo""]",2026-09-24T22:20:54.925282Z
live,prices,SJM,strategy_market_and_position_lifecycle,8,8,complete,[],"[""yahoo""]",2026-09-24T22:20:54.925282Z
live,prices,SLB,strategy_market_and_position_lifecycle,8,8,complete,[],"[""yahoo""]",2026-09-24T22:20:54.925282Z
live,prices,SMCI,strategy_market_and_position_lifecycle,8,8,complete,[],"[""yahoo""]",2026-09-24T22:20:54.925282Z
live,prices,SNA,strategy_market_and_position_lifecycle,8,8,complete,[],"[""yahoo""]",2026-09-24T22:20:54.925282Z
live,prices,SNDK,strategy_market_and_position_lifecycle,8,8,complete,[],"[""yahoo""]",2026-09-24T22:20:54.925282Z
live,prices,SNPS,strategy_market_and_position_lifecycle,8,8,complete,[],"[""yahoo""]",2026-09-24T22:20:54.925282Z
live,prices,SO,strategy_market_and_position_lifecycle,8,8,complete,[],"[""yahoo""]",2026-09-24T22:20:54.925282Z
live,prices,SOLV,strategy_market_and_position_lifecycle,8,8,complete,[],"[""yahoo""]",2026-09-24T22:20:54.925282Z
live,prices,SPG,strategy_market_and_position_lifecycle,8,8,complete,[],"[""yahoo""]",2026-09-24T22:20:54.925282Z
live,prices,SPGI,strategy_market_and_position_lifecycle,8,8,complete,[],"[""yahoo""]",2026-09-24T22:20:54.925282Z
live,prices,SRE,strategy_market_and_position_lifecycle,8,8,complete,[],"[""yahoo""]",2026-09-24T22:20:54.925282Z
live,prices,STE,strategy_market_and_position_lifecycle,8,8,complete,[],"[""yahoo""]",2026-09-24T22:20:54.925282Z
live,prices,STLD,strategy_market_and_position_lifecycle,8,8,complete,[],"[""yahoo""]",2026-09-24T22:20:54.925282Z
live,prices,STT,strategy_market_and_position_lifecycle,8,8,complete,[],"[""yahoo""]",2026-09-24T22:20:54.925282Z
live,prices,STX,strategy_market_and_position_lifecycle,8,8,complete,[],"[""yahoo""]",2026-09-24T22:20:54.925282Z
live,prices,STZ,strategy_market_and_position_lifecycle,8,8,complete,[],"[""yahoo""]",2026-09-24T22:20:54.925282Z
live,prices,SW,strategy_market_and_position_lifecycle,8,8,complete,[],"[""yahoo""]",2026-09-24T22:20:54.925282Z
live,prices,SWK,strategy_market_and_position_lifecycle,8,8,complete,[],"[""yahoo""]",2026-09-24T22:20:54.925282Z
live,prices,SWKS,strategy_market_and_position_lifecycle,8,8,complete,[],"[""yahoo""]",2026-09-24T22:20:54.925282Z
live,prices,SYF,strategy_market_and_position_lifecycle,8,8,complete,[],"[""yahoo""]",2026-09-24T22:20:54.925282Z
live,prices,SYK,strategy_market_and_position_lifecycle,8,8,complete,[],"[""yahoo""]",2026-09-24T22:20:54.925282Z
live,prices,SYY,strategy_market_and_position_lifecycle,8,8,complete,[],"[""yahoo""]",2026-09-24T22:20:54.925282Z
live,prices,T,strategy_market_and_position_lifecycle,8,8,complete,[],"[""yahoo""]",2026-09-24T22:20:54.925282Z
live,prices,TAP,strategy_market_and_position_lifecycle,8,8,complete,[],"[""yahoo""]",2026-09-24T22:20:54.925282Z
live,prices,TDG,strategy_market_and_position_lifecycle,8,8,complete,[],"[""yahoo""]",2026-09-24T22:20:54.925282Z
live,prices,TDY,strategy_market_and_position_lifecycle,8,8,complete,[],"[""yahoo""]",2026-09-24T22:20:54.925282Z
live,prices,TECH,strategy_market_and_position_lifecycle,8,8,complete,[],"[""yahoo""]",2026-09-24T22:20:54.925282Z
live,prices,TEL,strategy_market_and_position_lifecycle,8,8,complete,[],"[""yahoo""]",2026-09-24T22:20:54.925282Z
live,prices,TER,strategy_market_and_position_lifecycle,8,8,complete,[],"[""yahoo""]",2026-09-24T22:20:54.925282Z
live,prices,TFC,strategy_market_and_position_lifecycle,8,8,complete,[],"[""yahoo""]",2026-09-24T22:20:54.925282Z
live,prices,TGT,strategy_market_and_position_lifecycle,8,8,complete,[],"[""yahoo""]",2026-09-24T22:20:54.925282Z
live,prices,TJX,strategy_market_and_position_lifecycle,8,8,complete,[],"[""yahoo""]",2026-09-24T22:20:54.925282Z
live,prices,TKO,strategy_market_and_position_lifecycle,8,8,complete,[],"[""yahoo""]",2026-09-24T22:20:54.925282Z
live,prices,TMO,strategy_market_and_position_lifecycle,8,8,complete,[],"[""yahoo""]",2026-09-24T22:20:54.925282Z
live,prices,TMUS,strategy_market_and_position_lifecycle,8,8,complete,[],"[""yahoo""]",2026-09-24T22:20:54.925282Z
live,prices,TPL,strategy_market_and_position_lifecycle,8,8,complete,[],"[""yahoo""]",2026-09-24T22:20:54.925282Z
live,prices,TPR,strategy_market_and_position_lifecycle,8,8,complete,[],"[""yahoo""]",2026-09-24T22:20:54.925282Z
live,prices,TRGP,strategy_market_and_position_lifecycle,8,8,complete,[],"[""yahoo""]",2026-09-24T22:20:54.925282Z
live,prices,TRMB,strategy_market_and_position_lifecycle,8,8,complete,[],"[""yahoo""]",2026-09-24T22:20:54.925282Z
live,prices,TROW,strategy_market_and_position_lifecycle,8,8,complete,[],"[""yahoo""]",2026-09-24T22:20:54.925282Z
live,prices,TRV,strategy_market_and_position_lifecycle,8,8,complete,[],"[""yahoo""]",2026-09-24T22:20:54.925282Z
live,prices,TSCO,strategy_market_and_position_lifecycle,8,8,complete,[],"[""yahoo""]",2026-09-24T22:20:54.925282Z
live,prices,TSLA,strategy_market_and_position_lifecycle,8,8,complete,[],"[""yahoo""]",2026-09-24T22:20:54.925282Z
live,prices,TSN,strategy_market_and_position_lifecycle,8,8,complete,[],"[""yahoo""]",2026-09-24T22:20:54.925282Z
live,prices,TT,strategy_market_and_position_lifecycle,8,8,complete,[],"[""yahoo""]",2026-09-24T22:20:54.925282Z
live,prices,TTD,strategy_market_and_position_lifecycle,8,8,complete,[],"[""yahoo""]",2026-09-24T22:20:54.925282Z
live,prices,TTWO,strategy_market_and_position_lifecycle,8,8,complete,[],"[""yahoo""]",2026-09-24T22:20:54.925282Z
live,prices,TXN,strategy_market_and_position_lifecycle,8,8,complete,[],"[""yahoo""]",2026-09-24T22:20:54.925282Z
live,prices,TXT,strategy_market_and_position_lifecycle,8,8,complete,[],"[""yahoo""]",2026-09-24T22:20:54.925282Z
live,prices,TYL,strategy_market_and_position_lifecycle,8,8,complete,[],"[""yahoo""]",2026-09-24T22:20:54.925282Z
live,prices,UAL,strategy_market_and_position_lifecycle,8,8,complete,[],"[""yahoo""]",2026-09-24T22:20:54.925282Z
live,prices,UBER,strategy_market_and_position_lifecycle,8,8,complete,[],"[""yahoo""]",2026-09-24T22:20:54.925282Z
live,prices,UDR,strategy_market_and_position_lifecycle,8,8,complete,[],"[""yahoo""]",2026-09-24T22:20:54.925282Z
live,prices,UHS,strategy_market_and_position_lifecycle,8,8,complete,[],"[""yahoo""]",2026-09-24T22:20:54.925282Z
live,prices,ULTA,strategy_market_and_position_lifecycle,8,8,complete,[],"[""yahoo""]",2026-09-24T22:20:54.925282Z
live,prices,UNH,strategy_market_and_position_lifecycle,8,8,complete,[],"[""yahoo""]",2026-09-24T22:20:54.925282Z
live,prices,UNP,strategy_market_and_position_lifecycle,8,8,complete,[],"[""yahoo""]",2026-09-24T22:20:54.925282Z
live,prices,UPS,strategy_market_and_position_lifecycle,8,8,complete,[],"[""yahoo""]",2026-09-24T22:20:54.925282Z
live,prices,URI,strategy_market_and_position_lifecycle,8,8,complete,[],"[""yahoo""]",2026-09-24T22:20:54.925282Z
live,prices,USB,strategy_market_and_position_lifecycle,8,8,complete,[],"[""yahoo""]",2026-09-24T22:20:54.925282Z
live,prices,V,strategy_market_and_position_lifecycle,8,8,complete,[],"[""yahoo""]",2026-09-24T22:20:54.925282Z
live,prices,VICI,strategy_market_and_position_lifecycle,8,8,complete,[],"[""yahoo""]",2026-09-24T22:20:54.925282Z
live,prices,VLO,strategy_market_and_position_lifecycle,8,8,complete,[],"[""yahoo""]",2026-09-24T22:20:54.925282Z
live,prices,VLTO,strategy_market_and_position_lifecycle,8,8,complete,[],"[""yahoo""]",2026-09-24T22:20:54.925282Z
live,prices,VMC,strategy_market_and_position_lifecycle,8,8,complete,[],"[""yahoo""]",2026-09-24T22:20:54.925282Z
live,prices,VRSK,strategy_market_and_position_lifecycle,8,8,complete,[],"[""yahoo""]",2026-09-24T22:20:54.925282Z
live,prices,VRSN,strategy_market_and_position_lifecycle,8,8,complete,[],"[""yahoo""]",2026-09-24T22:20:54.925282Z
live,prices,VRT,strategy_market_and_position_lifecycle,5,5,complete,[],"[""yahoo""]",2026-09-24T22:20:54.925282Z
live,prices,VRTX,strategy_market_and_position_lifecycle,8,8,complete,[],"[""yahoo""]",2026-09-24T22:20:54.925282Z
live,prices,VST,strategy_market_and_position_lifecycle,8,8,complete,[],"[""yahoo""]",2026-09-24T22:20:54.925282Z
live,prices,VTR,strategy_market_and_position_lifecycle,8,8,complete,[],"[""yahoo""]",2026-09-24T22:20:54.925282Z
live,prices,VTRS,strategy_market_and_position_lifecycle,8,8,complete,[],"[""yahoo""]",2026-09-24T22:20:54.925282Z
live,prices,VZ,strategy_market_and_position_lifecycle,8,8,complete,[],"[""yahoo""]",2026-09-24T22:20:54.925282Z
live,prices,WAB,strategy_market_and_position_lifecycle,8,8,complete,[],"[""yahoo""]",2026-09-24T22:20:54.925282Z
live,prices,WAT,strategy_market_and_position_lifecycle,8,8,complete,[],"[""yahoo""]",2026-09-24T22:20:54.925282Z
live,prices,WBD,strategy_market_and_position_lifecycle,8,8,complete,[],"[""yahoo""]",2026-09-24T22:20:54.925282Z
live,prices,WDAY,strategy_market_and_position_lifecycle,8,8,complete,[],"[""yahoo""]",2026-09-24T22:20:54.925282Z
live,prices,WDC,strategy_market_and_position_lifecycle,8,8,complete,[],"[""yahoo""]",2026-09-24T22:20:54.925282Z
live,prices,WEC,strategy_market_and_position_lifecycle,8,8,complete,[],"[""yahoo""]",2026-09-24T22:20:54.925282Z
live,prices,WELL,strategy_market_and_position_lifecycle,8,8,complete,[],"[""yahoo""]",2026-09-24T22:20:54.925282Z
live,prices,WFC,strategy_market_and_position_lifecycle,8,8,complete,[],"[""yahoo""]",2026-09-24T22:20:54.925282Z
live,prices,WM,strategy_market_and_position_lifecycle,8,8,complete,[],"[""yahoo""]",2026-09-24T22:20:54.925282Z
live,prices,WMB,strategy_market_and_position_lifecycle,8,8,complete,[],"[""yahoo""]",2026-09-24T22:20:54.925282Z
live,prices,WMT,strategy_market_and_position_lifecycle,8,8,complete,[],"[""yahoo""]",2026-09-24T22:20:54.925282Z
live,prices,WRB,strategy_market_and_position_lifecycle,8,8,complete,[],"[""yahoo""]",2026-09-24T22:20:54.925282Z
live,prices,WSM,strategy_market_and_position_lifecycle,8,8,complete,[],"[""yahoo""]",2026-09-24T22:20:54.925282Z
live,prices,WST,strategy_market_and_position_lifecycle,8,8,complete,[],"[""yahoo""]",2026-09-24T22:20:54.925282Z
live,prices,WTW,strategy_market_and_position_lifecycle,8,8,complete,[],"[""yahoo""]",2026-09-24T22:20:54.925282Z
live,prices,WY,strategy_market_and_position_lifecycle,8,8,complete,[],"[""yahoo""]",2026-09-24T22:20:54.925282Z
live,prices,WYNN,strategy_market_and_position_lifecycle,8,8,complete,[],"[""yahoo""]",2026-09-24T22:20:54.925282Z
live,prices,XEL,strategy_market_and_position_lifecycle,8,8,complete,[],"[""yahoo""]",2026-09-24T22:20:54.925282Z
live,prices,XOM,strategy_market_and_position_lifecycle,8,8,complete,[],"[""yahoo""]",2026-09-24T22:20:54.925282Z
live,prices,XYL,strategy_market_and_position_lifecycle,8,8,complete,[],"[""yahoo""]",2026-09-24T22:20:54.925282Z
live,prices,XYZ,strategy_market_and_position_lifecycle,8,8,complete,[],"[""yahoo""]",2026-09-24T22:20:54.925282Z
live,prices,YUM,strategy_market_and_position_lifecycle,8,8,complete,[],"[""yahoo""]",2026-09-24T22:20:54.925282Z
live,prices,ZBH,strategy_market_and_position_lifecycle,8,8,complete,[],"[""yahoo""]",2026-09-24T22:20:54.925282Z
live,prices,ZBRA,strategy_market_and_position_lifecycle,8,8,complete,[],"[""yahoo""]",2026-09-24T22:20:54.925282Z
live,prices,ZTS,strategy_market_and_position_lifecycle,8,8,complete,[],"[""yahoo""]",2026-09-24T22:20:54.925282Z
