Mapping_ID,Scope,Provider,Source_Ticker,Provider_Symbol,Asset_ID,Effective_Start,Effective_End,Resolution_Method,Event_ID,Primary_Source_ID,Legacy_Event_Type,Legacy_From_Ticker,Legacy_To_Ticker,Legacy_Conversion_Terms,Issuer_CIK_Before,Issuer_CIK_After,Security_Identifier,Local_First_Date,Local_Last_Date,Simultaneous_Symbol_Conflict,Provider_Evidence_Status,Provider_Source_URL,Provider_Evidence_Claim,Review_Status,Notes
MAP-BACKTEST-REUTERS-ABC-20140131-1B481DF45F,backtest,reuters,ABC,COR,COR,2014-01-31,2023-08-30,official_same_security_local_ric,EVT-20230830-ABC-COR-IDENTITY-CONTINUITY,SRC-20230830-ABC-COR-IDENTIT-9AC06E179C,ticker_or_name_change,ABC,COR,Same issuer and common shares continued under the new name or ticker; no share exchange ratio applied.,1140859,1140859,,2014-01-31,2026-01-30,False,local_reuters_observation,,"Cencora's SEC filing records the August 30, 2023 ABC-to-COR ticker change; the local Reuters history is labeled COR.",approved,Exact RIC corroborated only by the hashed local Reuters input; no independent LSEG lookup was performed.
MAP-BACKTEST-REUTERS-ADS-20140131-6161D59B98,backtest,reuters,ADS,BFH,BFH,2014-01-31,2020-06-22,official_same_security_local_ric,EVT-20220404-ADS-BFH-IDENTITY-CONTINUITY,SRC-20220404-ADS-BFH-IDENTIT-AEB5A99F3C,ticker_or_name_change,ADS,BFH,Same legal entity and common shares; only the corporate name and NYSE ticker changed.,1101215,1101215,,2014-01-31,2026-01-30,False,local_reuters_observation,,Bread Financial states that ADS changed to BFH and that the change did not alter its legal entity structure. Official evidence proves the corporate or security event only. The exact Price_RIC is observed in the hashed local Reuters input and was not independently verified through LSEG.,approved,Official evidence proves the corporate or security event only. The exact Price_RIC is observed in the hashed local Reuters input and was not independently verified through LSEG.
MAP-BACKTEST-REUTERS-AGN-20140131-97F8B500AD,backtest,reuters,AGN,AGN^E20,AGN^E20,2014-01-31,2020-05-12,official_successor_local_ric,EVT-20150317-ACT-AGN-AGN-CASH-AND-STOCK,SRC-20150317-ACT-AGN-AGN-CAS-B44854D262,source_collision_split,ACT,AGN,"Actavis shares continued in the survivor, which subsequently adopted the Allergan name and AGN ticker.",,,,2014-01-31,2020-05-08,True,local_reuters_observation,,S&P's Actavis/Allergan announcement supports separating the Actavis/new-Allergan survivor from old Allergan; both exact RICs coexist in the local Reuters data.,approved,Official evidence proves the corporate or security event only. The exact Price_RIC is observed in the hashed local Reuters input and was not independently verified through LSEG.
MAP-BACKTEST-REUTERS-AGN-20140131-F269F96DB4,backtest,reuters,AGN,AGN^C15,AGN^C15,2014-01-31,2015-03-17,official_successor_local_ric,EVT-20150317-ACT-AGN-AGN-CASH-AND-STOCK,SRC-20150317-ACT-AGN-AGN-CAS-8467B82392,source_collision_split,AGN,AGN,Allergan shareholders received $129.22 cash plus 0.3683 Actavis shares per share.,,,,2014-01-31,2015-03-16,True,local_reuters_observation,,S&P's Actavis/Allergan announcement supports separating the old Allergan constituent from the Actavis/new-Allergan survivor; both exact RICs coexist in the local Reuters data.,approved,Official evidence proves the corporate or security event only. The exact Price_RIC is observed in the hashed local Reuters input and was not independently verified through LSEG.
MAP-BACKTEST-REUTERS-ANTM-20140131-3C27B87846,backtest,reuters,ANTM,ELV,ELV,2014-01-31,2022-06-28,official_same_security_local_ric,EVT-20220628-ANTM-ELV-IDENTITY-CONTINUITY,SRC-20220628-ANTM-ELV-IDENTI-7C90F83E03,ticker_or_name_change,ANTM,ELV,Same issuer and common shares continued under the Elevance Health name and ELV ticker.,1156039,1156039,,2014-01-31,2026-01-30,False,local_reuters_observation,,Elevance Health records the ANTM-to-ELV name and ticker change. Official evidence proves the corporate or security event only. The exact Price_RIC is observed in the hashed local Reuters input and was not independently verified through LSEG.,approved,Official evidence proves the corporate or security event only. The exact Price_RIC is observed in the hashed local Reuters input and was not independently verified through LSEG.
MAP-BACKTEST-REUTERS-ARNC-20140131-333BFA1949,backtest,reuters,ARNC,HWM,HWM,2014-01-31,2020-04-06,official_successor_local_ric,EVT-20200401-ARNC-HWM-DISTRIBUTION,SRC-20200401-ARNC-HWM-DISTRI-1590BE9475,merger_or_successor,ARNC,HWM,Old Arconic became Howmet; holders retained those shares and received one Arconic Corporation share per four old Arconic shares.,,,,2014-01-31,2026-01-30,False,local_reuters_observation,,Howmet's proxy documents the separation and survivor structure; this is not a simple rename. Official evidence proves the corporate or security event only. The exact Price_RIC is observed in the hashed local Reuters input and was not independently verified through LSEG.,approved,Official evidence proves the corporate or security event only. The exact Price_RIC is observed in the hashed local Reuters input and was not independently verified through LSEG.
MAP-BACKTEST-REUTERS-BBBY-20140131-960DEA6526,backtest,reuters,BBBY,BBBYQ.PK^J23,BBBYQ.PK^J23,2014-01-31,2017-07-26,official_otc_transition_local_ric,EVT-20230503-BBBY-BBBYQ-OTC-TRANSITION,SRC-20230503-BBBY-BBBYQ-OTC--AA9B7AEC65,otc_or_delisted_transition,BBBY,BBBYQ,Existing common shares were suspended on Nasdaq and quoted on OTC Pink as BBBYQ before later cancellation.,886158,886158,,2014-01-31,2023-09-29,False,local_reuters_observation,,Bed Bath & Beyond records the May 3 suspension and subsequent BBBYQ OTC quotation. Official evidence proves the corporate or security event only. The exact Price_RIC is observed in the hashed local Reuters input and was not independently verified through LSEG.,approved,Official evidence proves the corporate or security event only. The exact Price_RIC is observed in the hashed local Reuters input and was not independently verified through LSEG.
MAP-BACKTEST-REUTERS-BBT-20140131-46352DB20B,backtest,reuters,BBT,TFC,TFC,2014-01-31,2019-12-09,official_successor_local_ric,EVT-20191206-BBT-TFC-IDENTITY-CONTINUITY,SRC-20191206-BBT-TFC-IDENTIT-C20C74B458,merger_or_successor,BBT,TFC,BB&T survived and its shares remained outstanding; SunTrust shares converted at 1.295 Truist shares per share.,92230,92230,,2014-01-31,2026-01-30,False,local_reuters_observation,,"The SEC prospectus records BB&T as survivor, the Truist name, and TFC trading beginning December 9. Official evidence proves the corporate or security event only. The exact Price_RIC is observed in the hashed local Reuters input and was not independently verified through LSEG.",approved,Official evidence proves the corporate or security event only. The exact Price_RIC is observed in the hashed local Reuters input and was not independently verified through LSEG.
MAP-BACKTEST-WIKI-BEAM-20140101,backtest,wiki,BEAM,BEAM,BEAM,2014-01-01,2014-05-01,reviewed_wiki_close_fallback,,,,,,,,,BEAM,2014-01-02,2014-04-30,False,captured_price_observation,https://media.githubusercontent.com/media/kmfranz/trading_pairs/aff4c4f3b677b0434bfedbc12b4137facaf7a0bb/WIKI_PRICES.csv,Exact close observations extracted from the sole hash-pinned frozen WIKI Prices parent object.,approved,Roadmap-reviewed effective-dated price identity; cross-issuer ticker reuse is prohibited outside this interval.
MAP-BACKTEST-REUTERS-BHGE-20140131-A847FF1B6B,backtest,reuters,BHGE,BKR.O,BKR.O,2014-01-31,2019-10-18,official_same_security_local_ric,EVT-20191018-BHGE-BKR-IDENTITY-CONTINUITY,SRC-20191018-BHGE-BKR-IDENTI-83E62E9C61,ticker_or_name_change,BHGE,BKR,Same issuer and common shares continued under the Baker Hughes name and BKR ticker.,1701605,1701605,,2014-01-31,2026-01-30,False,local_reuters_observation,,Baker Hughes records the name and ticker change and BKR's first trading date. Official evidence proves the corporate or security event only. The exact Price_RIC is observed in the hashed local Reuters input and was not independently verified through LSEG.,approved,Official evidence proves the corporate or security event only. The exact Price_RIC is observed in the hashed local Reuters input and was not independently verified through LSEG.
MAP-BACKTEST-REUTERS-BLL-20140131-91BDAEE8EC,backtest,reuters,BLL,BALL.K,BALL.K,2014-01-31,2022-05-10,official_same_security_local_ric,EVT-20220510-BLL-BALL-IDENTITY-CONTINUITY,SRC-20220510-BLL-BALL-IDENTI-6B87CEA6CD,ticker_or_name_change,BLL,BALL,Same Ball common shares continued under the expanded BALL ticker.,9389,9389,,2014-01-31,2026-01-30,False,local_reuters_observation,,Ball's filing records the BLL-to-BALL ticker change. Official evidence proves the corporate or security event only. The exact Price_RIC is observed in the hashed local Reuters input and was not independently verified through LSEG.,approved,Official evidence proves the corporate or security event only. The exact Price_RIC is observed in the hashed local Reuters input and was not independently verified through LSEG.
MAP-BACKTEST-WIKI-BMS-20140101,backtest,wiki,BMS,BMS,BMS,2014-01-01,2014-12-05,reviewed_wiki_close_fallback,,,,,,,,,BMS,2014-01-02,2014-12-04,False,captured_price_observation,https://media.githubusercontent.com/media/kmfranz/trading_pairs/aff4c4f3b677b0434bfedbc12b4137facaf7a0bb/WIKI_PRICES.csv,Exact close observations extracted from the sole hash-pinned frozen WIKI Prices parent object.,approved,Roadmap-reviewed effective-dated price identity; cross-issuer ticker reuse is prohibited outside this interval.
MAP-BACKTEST-WIKI-BTUUQ-20140101,backtest,wiki,BTUUQ,BTU,BTU,2014-01-01,2014-09-22,reviewed_wiki_close_fallback,,,,,,,,,BTU,2014-01-02,2014-09-19,False,captured_price_observation,https://media.githubusercontent.com/media/kmfranz/trading_pairs/aff4c4f3b677b0434bfedbc12b4137facaf7a0bb/WIKI_PRICES.csv,Exact close observations extracted from the sole hash-pinned frozen WIKI Prices parent object.,approved,Roadmap-reviewed effective-dated price identity; cross-issuer ticker reuse is prohibited outside this interval.
MAP-BACKTEST-REUTERS-CB-20140131-B26E8E7A9F,backtest,reuters,CB,CB^A16,CB^A16,2014-01-31,2016-01-15,official_successor_local_ric,EVT-20160115-ACE-CB-CB-CASH-AND-STOCK,SRC-20160115-ACE-CB-CB-CASH--601C30311C,source_collision_split,CB,CB,Each old Chubb share received $62.93 cash plus 0.6019 ACE shares.,,,,2014-01-31,2016-01-14,True,local_reuters_observation,,The SEC filing distinguishes old Chubb from the ACE/Chubb survivor; the old-security RIC is observed separately in local Reuters data.,approved,Official evidence proves the corporate or security event only. The exact Price_RIC is observed in the hashed local Reuters input and was not independently verified through LSEG.
MAP-BACKTEST-REUTERS-CB-20140131-C0D59F5ED9,backtest,reuters,CB,CB,CB,2014-01-31,,official_successor_local_ric,EVT-20160115-ACE-CB-CB-CASH-AND-STOCK,SRC-20160115-ACE-CB-CB-CASH--8FE06B0664,source_collision_split,ACE,CB,ACE common shares continued in the survivor renamed Chubb and began trading as CB.,,,,2014-01-31,2026-01-30,True,local_reuters_observation,,The SEC filing records ACE becoming Chubb and using CB while the old Chubb security ceased; both exact RICs coexist before the boundary in local Reuters data.,approved,Official evidence proves the corporate or security event only. The exact Price_RIC is observed in the hashed local Reuters input and was not independently verified through LSEG.
MAP-BACKTEST-REUTERS-CBS-20140131-C2D0BDDD5D,backtest,reuters,CBS,PSKY.O,PSKY.O,2014-01-31,2019-12-05,official_successor_local_ric,EVT-20191204-CBS-VIAC-IDENTITY-CONTINUITY,SRC-20191204-CBS-VIAC-IDENTI-98D9A44452,merger_or_successor,CBS,VIAC,CBS survived as ViacomCBS; each Viacom share converted into 0.59625 ViacomCBS Class B shares.,,,,2014-01-31,2026-01-30,False,local_reuters_observation,,ViacomCBS's filing documents the CBS survivor and the first step of the CBS-to-VIAC-to-PARA-to-PSKY chain. Official evidence proves the corporate or security event only. The exact Price_RIC is observed in the hashed local Reuters input and was not independently verified through LSEG.,approved,Official evidence proves the corporate or security event only. The exact Price_RIC is observed in the hashed local Reuters input and was not independently verified through LSEG.
MAP-BACKTEST-REUTERS-CCE-20140131-23015354E6,backtest,reuters,CCE,CCEP.O,CCEP.O,2014-01-31,2016-05-31,official_successor_local_ric,EVT-20160528-CCE-CCEP-CASH-AND-STOCK,SRC-20160528-CCE-CCEP-CASH-A-506CDFB436,merger_or_successor,CCE,CCEP,Each CCE share converted into one CCEP share plus $14.50 cash.,,1650107,,2014-01-31,2026-01-30,False,local_reuters_observation,,CCEP's annual report records the combination and the cash-and-stock consideration. Official evidence proves the corporate or security event only. The exact Price_RIC is observed in the hashed local Reuters input and was not independently verified through LSEG.,approved,Official evidence proves the corporate or security event only. The exact Price_RIC is observed in the hashed local Reuters input and was not independently verified through LSEG.
MAP-BACKTEST-REUTERS-CDAY-20210920-9401D4A68F,backtest,reuters,CDAY,DAY^B26,DAY^B26,2021-09-20,,official_same_security_local_ric,EVT-20240201-CDAY-DAY-IDENTITY-CONTINUITY,SRC-20240201-CDAY-DAY-IDENTI-69903F856D,ticker_or_name_change,CDAY,DAY,Same legal entity and holder rights continued under the Dayforce name and DAY ticker.,1725057,1725057,,2018-04-30,2026-01-30,False,local_reuters_observation,,Dayforce's filing records the legal-name and ticker change without a security conversion. Official evidence proves the corporate or security event only. The exact Price_RIC is observed in the hashed local Reuters input and was not independently verified through LSEG.,approved,Official evidence proves the corporate or security event only. The exact Price_RIC is observed in the hashed local Reuters input and was not independently verified through LSEG.
MAP-BACKTEST-REUTERS-CHK-20140131-4BA0E2DE92,backtest,reuters,CHK,CHKAQ.PK^B21,CHKAQ.PK^B21,2014-01-31,2018-03-19,official_otc_transition_local_ric,EVT-20200630-CHK-CHKAQ-OTC-TRANSITION,SRC-20200630-CHK-CHKAQ-OTC-T-54C84D24FB,otc_or_delisted_transition,CHK,CHKAQ,"Existing prepetition common shares moved to OTC as CHKAQ and were canceled on February 9, 2021.",895126,895126,,2014-01-31,2021-02-09,False,local_reuters_observation,,Chesapeake's filing records the CHK-to-CHKAQ OTC transition. Official evidence proves the corporate or security event only. The exact Price_RIC is observed in the hashed local Reuters input and was not independently verified through LSEG.,approved,Official evidence proves the corporate or security event only. The exact Price_RIC is observed in the hashed local Reuters input and was not independently verified through LSEG.
MAP-BACKTEST-YAHOO-CLF-20140101,backtest,yahoo,CLF,CLF,CLF,2014-01-01,2014-04-02,reviewed_yahoo_close_fallback,,,,,,,,,CLF,2014-01-02,2014-04-01,False,captured_price_observation,https://ranaroussi.github.io/yfinance/reference/api/yfinance.download.html,Captured Yahoo Close with auto_adjust=False and action metadata over the reviewed effective-dated interval.,approved,Roadmap-reviewed effective-dated price identity; cross-issuer ticker reuse is prohibited outside this interval.
MAP-BACKTEST-WIKI-CMCSK-20150901,backtest,wiki,CMCSK,CMCSK,CMCSK,2015-09-01,2015-12-12,reviewed_wiki_close_fallback,,,,,,,,,CMCSK,2015-09-28,2015-12-11,False,captured_price_observation,https://media.githubusercontent.com/media/kmfranz/trading_pairs/aff4c4f3b677b0434bfedbc12b4137facaf7a0bb/WIKI_PRICES.csv,Exact close observations extracted from the sole hash-pinned frozen WIKI Prices parent object.,approved,Roadmap-reviewed effective-dated price identity; cross-issuer ticker reuse is prohibited outside this interval.
MAP-BACKTEST-REUTERS-COG-20140131-55001A8016,backtest,reuters,COG,CTRA.K,CTRA.K,2014-01-31,2021-10-04,official_successor_local_ric,EVT-20211001-COG-CTRA-IDENTITY-CONTINUITY,SRC-20211001-COG-CTRA-IDENTI-FB8517E5AC,merger_or_successor,COG,CTRA,Cabot survived and became Coterra; Cimarex holders received 4.0146 Coterra shares per share.,,,,2014-01-31,2026-01-30,False,local_reuters_observation,,"Coterra's 8-K documents the survivor, exchange ratio, and CTRA trading. Official evidence proves the corporate or security event only. The exact Price_RIC is observed in the hashed local Reuters input and was not independently verified through LSEG.",approved,Official evidence proves the corporate or security event only. The exact Price_RIC is observed in the hashed local Reuters input and was not independently verified through LSEG.
MAP-BACKTEST-REUTERS-CTL-20140131-8745236CDC,backtest,reuters,CTL,LUMN.K,LUMN.K,2014-01-31,2020-09-18,official_same_security_local_ric,EVT-20200918-CTL-LUMN-IDENTITY-CONTINUITY,SRC-20200918-CTL-LUMN-IDENTI-02A3E12982,ticker_or_name_change,CTL,LUMN,Same issuer and common shares continued under the Lumen name and LUMN ticker.,,,,2014-01-31,2026-01-30,False,local_reuters_observation,,Lumen's official announcement records the CTL-to-LUMN rebrand and effective date. Official evidence proves the corporate or security event only. The exact Price_RIC is observed in the hashed local Reuters input and was not independently verified through LSEG.,approved,Official evidence proves the corporate or security event only. The exact Price_RIC is observed in the hashed local Reuters input and was not independently verified through LSEG.
MAP-BACKTEST-REUTERS-DD-20140131-C93BFF0CA4,backtest,reuters,DD,DD^I17,DD^I17,2014-01-31,2017-09-01,official_successor_local_ric,EVT-20170901-DD-DOW-DWDP-STOCK-EXCHANGE,SRC-20170901-DD-DOW-DWDP-STO-5EDF7EDDD9,effective_dated_identity,DD,DWDP,Legacy DuPont shares converted into DowDuPont shares; the later separation is represented by a separate dated row.,,,,2014-01-31,2017-08-31,False,local_reuters_observation,,The cited DuPont filing documents the DowDuPont and subsequent DuPont structure; the pre-merger DD RIC is kept only for the first fja interval.,approved,Official evidence proves the corporate or security event only. The exact Price_RIC is observed in the hashed local Reuters input and was not independently verified through LSEG.
MAP-BACKTEST-REUTERS-DD-20190603-6596CA9200,backtest,reuters,DD,DD,DD,2019-06-03,,official_successor_local_ric,EVT-20190603-DWDP-DD-STOCK-EXCHANGE,SRC-20190603-DWDP-DD-STOCK-E-BFFC3F80DB,effective_dated_identity,DWDP,DD,DowDuPont completed a one-for-three reverse split and became DuPont under DD.,,,,2017-09-29,2026-01-30,False,local_reuters_observation,,The cited DuPont filing documents the separation and DD trading; the current RIC is used only for the later fja interval.,approved,Official evidence proves the corporate or security event only. The exact Price_RIC is observed in the hashed local Reuters input and was not independently verified through LSEG.
MAP-BACKTEST-REUTERS-DISCA-20140131-8ECD541E73,backtest,reuters,DISCA,WBD.O,WBD.O,2014-01-31,2022-04-11,official_successor_local_ric,EVT-20220411-DISCA-WBD-STOCK-EXCHANGE,SRC-20220411-DISCA-WBD-STOCK-7D6D7A3BF6,merger_or_successor,DISCA,WBD,Each Discovery share was reclassified into the corresponding class of WBD share.,1437107,1437107,,2014-01-31,2026-01-30,False,local_reuters_observation,,Warner Bros. Discovery's SEC filing records the Discovery share reclassification and commencement of WBD trading; the local Reuters history is labeled WBD.O.,approved,Official evidence proves the corporate or security event only. The exact Price_RIC is observed in the hashed local Reuters input and was not independently verified through LSEG.
MAP-BACKTEST-REUTERS-DNR-20140131-AE110B67D1,backtest,reuters,DNR,DNRCQ.PK^I20,DNRCQ.PK^I20,2014-01-31,2015-03-23,official_otc_transition_local_ric,EVT-20200731-DNR-DNRCQ-OTC-TRANSITION,SRC-20200731-DNR-DNRCQ-OTC-T-2D618E8B2D,otc_or_delisted_transition,DNR,DNRCQ,"Existing prepetition common shares moved to OTC as DNRCQ and were canceled September 18, 2020.",945764,945764,,2014-01-31,2020-09-18,False,local_reuters_observation,,Denbury's 8-K records the DNR-to-DNRCQ OTC transition. Official evidence proves the corporate or security event only. The exact Price_RIC is observed in the hashed local Reuters input and was not independently verified through LSEG.,approved,Official evidence proves the corporate or security event only. The exact Price_RIC is observed in the hashed local Reuters input and was not independently verified through LSEG.
MAP-BACKTEST-REUTERS-DO-20140131-37AD0D0A84,backtest,reuters,DO,DOFSQ.PK^D21,DOFSQ.PK^D21,2014-01-31,2016-10-03,official_otc_transition_local_ric,EVT-20200428-DO-DOFSQ-OTC-TRANSITION,SRC-20200428-DO-DOFSQ-OTC-TR-E750877075,otc_or_delisted_transition,DO,DOFSQ,"Existing prepetition common shares moved to OTC as DOFSQ and were canceled April 23, 2021.",949039,949039,,2014-01-31,2021-04-23,False,local_reuters_observation,,Diamond Offshore's 8-K records the DO-to-DOFSQ OTC transition. Official evidence proves the corporate or security event only. The exact Price_RIC is observed in the hashed local Reuters input and was not independently verified through LSEG.,approved,Official evidence proves the corporate or security event only. The exact Price_RIC is observed in the hashed local Reuters input and was not independently verified through LSEG.
MAP-BACKTEST-REUTERS-DOW-20140131-34964AFB7C,backtest,reuters,DOW,DOW^I17,DOW^I17,2014-01-31,2017-09-01,official_successor_local_ric,EVT-20170901-DD-DOW-DWDP-STOCK-EXCHANGE,SRC-20170901-DD-DOW-DWDP-STO-8E0BE3C532,effective_dated_identity,DOW,DWDP,Legacy Dow shares converted into DowDuPont shares; the later Dow distribution is represented separately.,,,,2014-01-31,2017-08-31,False,local_reuters_observation,,The cited DuPont separation filing documents the relevant DowDuPont structure; the pre-merger DOW RIC is confined to the first fja interval.,approved,Official evidence proves the corporate or security event only. The exact Price_RIC is observed in the hashed local Reuters input and was not independently verified through LSEG.
MAP-BACKTEST-REUTERS-DOW-20190402-E3ADC8D166,backtest,reuters,DOW,DOW,DOW,2019-04-02,,official_successor_local_ric,EVT-20190402-DWDP-DOW-DISTRIBUTION,SRC-20190402-DWDP-DOW-DISTRI-0E5209596B,effective_dated_identity,DWDP,DOW,DowDuPont distributed one Dow share for every three DowDuPont shares.,,,,2019-03-29,2026-01-30,False,local_reuters_observation,,The cited DuPont separation filing supports the dated reappearance of Dow; the current DOW RIC is used only for the later fja interval.,approved,Official evidence proves the corporate or security event only. The exact Price_RIC is observed in the hashed local Reuters input and was not independently verified through LSEG.
MAP-BACKTEST-REUTERS-DWDP-20170901-D225CEA0F3,backtest,reuters,DWDP,DD,DD,2017-09-01,2019-06-03,official_successor_local_ric,EVT-20190603-DWDP-DD-STOCK-EXCHANGE,SRC-20190603-DWDP-DD-STOCK-E-BFFC3F80DB,merger_or_successor,DWDP,DD,DowDuPont completed a one-for-three reverse split and became DuPont under DD.,1666700,1666700,,2017-09-29,2026-01-30,False,local_reuters_observation,,"DuPont's SEC filing documents the separation and reverse split preceding DD trading; this is a dated successor mapping, not a global rename.",approved,Official evidence proves the corporate or security event only. The exact Price_RIC is observed in the hashed local Reuters input and was not independently verified through LSEG.
MAP-BACKTEST-REUTERS-ENDP-20150127-E6DAA22C2D,backtest,reuters,ENDP,ENDPQ.PK^E24,ENDPQ.PK^E24,2015-01-27,2017-03-02,official_otc_transition_local_ric,EVT-20220826-ENDP-ENDPQ-OTC-TRANSITION,SRC-20220826-ENDP-ENDPQ-OTC--A60BA6001F,otc_or_delisted_transition,ENDP,ENDPQ,"Existing prepetition common shares moved to OTC as ENDPQ and were canceled April 23, 2024.",1593034,1593034,,2014-01-31,2024-05-01,False,local_reuters_observation,,Endo's filing records the ENDP-to-ENDPQ OTC transition. Official evidence proves the corporate or security event only. The exact Price_RIC is observed in the hashed local Reuters input and was not independently verified through LSEG.,approved,Official evidence proves the corporate or security event only. The exact Price_RIC is observed in the hashed local Reuters input and was not independently verified through LSEG.
MAP-BACKTEST-REUTERS-ESV-20140131-85E906D4D6,backtest,reuters,ESV,VALPQ.PK^D21,VALPQ.PK^D21,2014-01-31,2016-03-30,official_otc_transition_local_ric,EVT-20190731-ESV-VAL-IDENTITY-CONTINUITY,SRC-20190731-ESV-VAL-IDENTIT-1CCF88EC75,otc_or_delisted_transition,ESV,VAL,"ESV first changed to VAL; those shares later moved to OTC as VALPQ on August 19, 2020 and were canceled April 30, 2021.",314808,314808,,2014-01-31,2021-04-27,False,local_reuters_observation,,Valaris's filings establish the explicit ESV-to-VAL-to-VALPQ chain. Official evidence proves the corporate or security event only. The exact Price_RIC is observed in the hashed local Reuters input and was not independently verified through LSEG.,approved,Official evidence proves the corporate or security event only. The exact Price_RIC is observed in the hashed local Reuters input and was not independently verified through LSEG.
MAP-BACKTEST-REUTERS-FB-20140131-764A9BB320,backtest,reuters,FB,META.O,META.O,2014-01-31,2022-06-09,official_same_security_local_ric,EVT-20220609-FB-META-IDENTITY-CONTINUITY,SRC-20220609-FB-META-IDENTIT-44BD8BC22A,ticker_or_name_change,FB,META,The same Class A common shares and CUSIP continued under the META ticker.,1326801,1326801,,2014-01-31,2026-01-30,False,local_reuters_observation,,Meta's SEC exhibit records the FB-to-META ticker change. Official evidence proves the corporate or security event only. The exact Price_RIC is observed in the hashed local Reuters input and was not independently verified through LSEG.,approved,Official evidence proves the corporate or security event only. The exact Price_RIC is observed in the hashed local Reuters input and was not independently verified through LSEG.
MAP-BACKTEST-REUTERS-FBHS-20160624-6B90CF225C,backtest,reuters,FBHS,FBIN.K,FBIN.K,2016-06-24,2022-12-19,official_successor_local_ric,EVT-20221215-FBHS-FBIN-DISTRIBUTION,SRC-20221215-FBHS-FBIN-DISTR-FFD0BDE9E0,merger_or_successor,FBHS,FBIN,MasterBrand was distributed one-for-one; the remaining issuer became Fortune Brands Innovations and began FBIN trading.,,,,2014-01-31,2026-01-30,False,local_reuters_observation,,Fortune Brands' SEC exhibit documents the distribution and successor structure. Official evidence proves the corporate or security event only. The exact Price_RIC is observed in the hashed local Reuters input and was not independently verified through LSEG.,approved,Official evidence proves the corporate or security event only. The exact Price_RIC is observed in the hashed local Reuters input and was not independently verified through LSEG.
MAP-BACKTEST-REUTERS-FI-20230607-3A927BCC1E,backtest,reuters,FI,FISV.O,FISV.O,2023-06-07,,official_same_security_local_ric,EVT-20230607-FISV-FI-IDENTITY-CONTINUITY,SRC-20230607-FISV-FI-IDENTIT-21B0C4CFBC,ticker_or_name_change,FISV,FI,The same Fiserv common shares continued under the FI ticker.,798354,798354,,2014-01-31,2026-01-30,False,local_reuters_observation,,Fiserv's 8-K proves the chronological FISV-to-FI change; the Source_Ticker-to-Price_RIC direction is intentionally reversed. Official evidence proves the corporate or security event only. The exact Price_RIC is observed in the hashed local Reuters input and was not independently verified through LSEG.,approved,Official evidence proves the corporate or security event only. The exact Price_RIC is observed in the hashed local Reuters input and was not independently verified through LSEG.
MAP-BACKTEST-REUTERS-FLT-20180620-8C2714C2FE,backtest,reuters,FLT,CPAY.K,CPAY.K,2018-06-20,,official_same_security_local_ric,EVT-20240325-FLT-CPAY-IDENTITY-CONTINUITY,SRC-20240325-FLT-CPAY-IDENTI-9ED4865BBC,ticker_or_name_change,FLT,CPAY,The same issuer and common shares continued under the Corpay name and CPAY ticker.,1175454,1175454,,2014-01-31,2026-01-30,False,local_reuters_observation,,Corpay's SEC exhibit records the FLT-to-CPAY change. Official evidence proves the corporate or security event only. The exact Price_RIC is observed in the hashed local Reuters input and was not independently verified through LSEG.,approved,Official evidence proves the corporate or security event only. The exact Price_RIC is observed in the hashed local Reuters input and was not independently verified through LSEG.
MAP-BACKTEST-REUTERS-FOX-20150921-A62B4D536B,backtest,reuters,FOX,TFCF.O^C19,TFCF.O^C19,2015-09-21,2019-03-20,official_successor_local_ric,EVT-20190319-FOX-FOXA-TFCF-TFCFA-FOX-FOXA-TFCF-TFCFA-STOCK-EXCHANGE,SRC-20190319-FOX-FOXA-TFCF-T-30DF0691ED,effective_dated_identity,FOX,TFCF,Old 21st Century Fox Class B shares were renamed TFCF while newly distributed Fox Class B shares assumed FOX.,,,,2014-01-31,2019-03-19,False,local_reuters_observation,,21st Century Fox's 8-K distinguishes the old and newly distributed FOX-labelled securities. Official evidence proves the corporate or security event only. The exact Price_RIC is observed in the hashed local Reuters input and was not independently verified through LSEG.,approved,Official evidence proves the corporate or security event only. The exact Price_RIC is observed in the hashed local Reuters input and was not independently verified through LSEG.
MAP-BACKTEST-REUTERS-FOX-20190320-F126EFB92D,backtest,reuters,FOX,FOX.O,FOX.O,2019-03-20,,official_successor_local_ric,EVT-20190319-FOX-FOXA-TFCF-TFCFA-FOX-FOXA-TFCF-TFCFA-STOCK-EXCHANGE,SRC-20190319-FOX-FOXA-TFCF-T-D7B825544D,effective_dated_identity,TFCF,FOX,New Fox Class B shares were distributed under the FOX ticker; the old FOX shares became TFCF.,,,,2019-03-29,2026-01-30,False,local_reuters_observation,,21st Century Fox's 8-K proves that the post-distribution FOX security is distinct from the old FOX-labelled security. Official evidence proves the corporate or security event only. The exact Price_RIC is observed in the hashed local Reuters input and was not independently verified through LSEG.,approved,Official evidence proves the corporate or security event only. The exact Price_RIC is observed in the hashed local Reuters input and was not independently verified through LSEG.
MAP-BACKTEST-REUTERS-FOXA-20140131-7127AFCD07,backtest,reuters,FOXA,TFCFA.O^C19,TFCFA.O^C19,2014-01-31,2019-03-20,official_successor_local_ric,EVT-20190319-FOX-FOXA-TFCF-TFCFA-FOX-FOXA-TFCF-TFCFA-STOCK-EXCHANGE,SRC-20190319-FOX-FOXA-TFCF-T-3F3CB9FD4D,effective_dated_identity,FOXA,TFCFA,Old 21st Century Fox Class A shares were renamed TFCFA while newly distributed Fox Class A shares assumed FOXA.,,,,2014-01-31,2019-03-19,False,local_reuters_observation,,21st Century Fox's 8-K distinguishes the old and newly distributed FOXA-labelled securities. Official evidence proves the corporate or security event only. The exact Price_RIC is observed in the hashed local Reuters input and was not independently verified through LSEG.,approved,Official evidence proves the corporate or security event only. The exact Price_RIC is observed in the hashed local Reuters input and was not independently verified through LSEG.
MAP-BACKTEST-REUTERS-FOXA-20190320-658A86625C,backtest,reuters,FOXA,FOXA.O,FOXA.O,2019-03-20,,official_successor_local_ric,EVT-20190319-FOX-FOXA-TFCF-TFCFA-FOX-FOXA-TFCF-TFCFA-STOCK-EXCHANGE,SRC-20190319-FOX-FOXA-TFCF-T-B6966E2129,effective_dated_identity,TFCFA,FOXA,New Fox Class A shares were distributed under FOXA; the old FOXA shares became TFCFA.,,,,2019-03-29,2026-01-30,False,local_reuters_observation,,21st Century Fox's 8-K proves that the post-distribution FOXA security is distinct from the old FOXA-labelled security. Official evidence proves the corporate or security event only. The exact Price_RIC is observed in the hashed local Reuters input and was not independently verified through LSEG.,approved,Official evidence proves the corporate or security event only. The exact Price_RIC is observed in the hashed local Reuters input and was not independently verified through LSEG.
MAP-BACKTEST-REUTERS-FRC-20190102-9784BE5B20,backtest,reuters,FRC,FRCB.PK,FRCB.PK,2019-01-02,2023-05-04,official_otc_transition_local_ric,EVT-20230503-FRC-FRCB-OTC-TRANSITION,SRC-20230503-FRC-FRCB-OTC-TR-FD36AAA699,otc_or_delisted_transition,FRC,FRCB,The same 100-share deliverable and CUSIP 33616C100 continued under OTC symbol FRCB.,,,33616C100,2014-01-31,2026-01-30,False,local_reuters_observation,,OCC Information Memo 52352 explicitly records the FRC-to-FRCB transition. Official evidence proves the corporate or security event only. The exact Price_RIC is observed in the hashed local Reuters input and was not independently verified through LSEG.,approved,Official evidence proves the corporate or security event only. The exact Price_RIC is observed in the hashed local Reuters input and was not independently verified through LSEG.
MAP-BACKTEST-WIKI-FRX-20140101,backtest,wiki,FRX,FRX,FRX,2014-01-01,2014-07-02,reviewed_wiki_close_fallback,,,,,,,,,FRX,2014-01-02,2014-06-30,False,captured_price_observation,https://media.githubusercontent.com/media/kmfranz/trading_pairs/aff4c4f3b677b0434bfedbc12b4137facaf7a0bb/WIKI_PRICES.csv,Exact close observations extracted from the sole hash-pinned frozen WIKI Prices parent object.,approved,Roadmap-reviewed effective-dated price identity; cross-issuer ticker reuse is prohibited outside this interval.
MAP-BACKTEST-REUTERS-FTI-20140131-F71FEC8C4E,backtest,reuters,FTI,FTI^A17,FTI^A17,2014-01-31,2017-01-17,official_successor_local_ric,EVT-20170116-FTI-FTI-STOCK-EXCHANGE,SRC-20170116-FTI-FTI-STOCK-E-760315F4FD,effective_dated_identity,FTI,FTI,Each legacy FMC Technologies share converted one-for-one into the new TechnipFMC issuer.,,,,2014-01-31,2017-01-13,False,local_reuters_observation,,TechnipFMC's filing distinguishes the legacy FTI security from the post-combination FTI security. Official evidence proves the corporate or security event only. The exact Price_RIC is observed in the hashed local Reuters input and was not independently verified through LSEG.,approved,Official evidence proves the corporate or security event only. The exact Price_RIC is observed in the hashed local Reuters input and was not independently verified through LSEG.
MAP-BACKTEST-REUTERS-FTI-20170117-97051A9A57,backtest,reuters,FTI,FTI,FTI,2017-01-17,2021-02-12,official_successor_local_ric,EVT-20170116-FTI-FTI-STOCK-EXCHANGE,SRC-20170116-FTI-FTI-STOCK-E-9F87154252,effective_dated_identity,FTI,FTI,The new TechnipFMC issuer began trading January 17; Technip shares converted two-for-one and legacy FTI shares one-for-one.,,,,2017-01-31,2026-01-30,False,local_reuters_observation,,TechnipFMC's filing supports the dated switch to the new FTI security. Official evidence proves the corporate or security event only. The exact Price_RIC is observed in the hashed local Reuters input and was not independently verified through LSEG.,approved,Official evidence proves the corporate or security event only. The exact Price_RIC is observed in the hashed local Reuters input and was not independently verified through LSEG.
MAP-BACKTEST-REUTERS-FTR-20140131-B0C4B49CC8,backtest,reuters,FTR,FTRCQ.PK^E21,FTRCQ.PK^E21,2014-01-31,2017-03-20,official_otc_transition_local_ric,EVT-20200429-FTR-FTRCQ-OTC-TRANSITION,SRC-20200429-FTR-FTRCQ-OTC-T-141E706083,otc_or_delisted_transition,FTR,FTRCQ,"Existing prepetition common shares moved to OTC as FTRCQ and were canceled April 30, 2021.",20520,20520,,2014-01-31,2021-04-30,False,local_reuters_observation,,Frontier's SEC exhibit records the FTR-to-FTRCQ OTC transition. Official evidence proves the corporate or security event only. The exact Price_RIC is observed in the hashed local Reuters input and was not independently verified through LSEG.,approved,Official evidence proves the corporate or security event only. The exact Price_RIC is observed in the hashed local Reuters input and was not independently verified through LSEG.
MAP-BACKTEST-YAHOO-GHC-20140101,backtest,yahoo,GHC,GHC,GHC,2014-01-01,2014-09-22,reviewed_yahoo_close_fallback,,,,,,,,,GHC,2014-01-02,2014-09-19,False,captured_price_observation,https://ranaroussi.github.io/yfinance/reference/api/yfinance.download.html,Captured Yahoo Close with auto_adjust=False and action metadata over the reviewed effective-dated interval.,approved,Roadmap-reviewed effective-dated price identity; cross-issuer ticker reuse is prohibited outside this interval.
MAP-BACKTEST-REUTERS-GPS-20140131-0AFD2C920D,backtest,reuters,GPS,GAP,GAP,2014-01-31,2022-02-02,official_same_security_local_ric,EVT-20240822-GPS-GAP-IDENTITY-CONTINUITY,SRC-20240822-GPS-GAP-IDENTIT-F8EF22B0D2,ticker_or_name_change,GPS,GAP,The same Gap common shares continued under the GAP ticker.,39911,39911,,2014-01-31,2026-01-30,False,local_reuters_observation,,Gap's annual report records the GPS-to-GAP ticker change. Official evidence proves the corporate or security event only. The exact Price_RIC is observed in the hashed local Reuters input and was not independently verified through LSEG.,approved,Official evidence proves the corporate or security event only. The exact Price_RIC is observed in the hashed local Reuters input and was not independently verified through LSEG.
MAP-BACKTEST-REUTERS-HCP-20140131-FA9713C1F8,backtest,reuters,HCP,DOC,DOC,2014-01-31,2019-11-05,official_successor_local_ric,EVT-20191105-HCP-PEAK-IDENTITY-CONTINUITY,SRC-20191105-HCP-PEAK-IDENTI-DC9B141FD4,merger_or_successor,HCP,PEAK,The same issuer and common shares continued under the Healthpeak name and PEAK ticker.,,,,2014-01-31,2026-01-30,False,local_reuters_observation,,Healthpeak's 8-K records the first HCP-to-PEAK transition. Official evidence proves the corporate or security event only. The exact Price_RIC is observed in the hashed local Reuters input and was not independently verified through LSEG.,approved,Official evidence proves the corporate or security event only. The exact Price_RIC is observed in the hashed local Reuters input and was not independently verified through LSEG.
MAP-BACKTEST-REUTERS-HFC-20180618-9B2B579C9C,backtest,reuters,HFC,DINO.K,DINO.K,2018-06-18,2021-06-04,official_successor_local_ric,EVT-20220314-HFC-DINO-STOCK-EXCHANGE,SRC-20220314-HFC-DINO-STOCK--B8F143DD6B,merger_or_successor,HFC,DINO,Each HFC share converted one-for-one into HF Sinclair common stock; DINO trading began March 15.,,,,2014-01-31,2026-01-30,False,local_reuters_observation,,HF Sinclair's 8-K documents the one-for-one conversion and successor ticker. Official evidence proves the corporate or security event only. The exact Price_RIC is observed in the hashed local Reuters input and was not independently verified through LSEG.,approved,Official evidence proves the corporate or security event only. The exact Price_RIC is observed in the hashed local Reuters input and was not independently verified through LSEG.
MAP-BACKTEST-REUTERS-HRS-20140131-20E83454F5,backtest,reuters,HRS,LHX,LHX,2014-01-31,2019-06-01,official_successor_local_ric,EVT-20190629-HRS-LHX-IDENTITY-CONTINUITY,SRC-20190629-HRS-LHX-IDENTIT-3B8D735CCD,merger_or_successor,HRS,LHX,Harris survived and became L3Harris; L3 holders received 1.30 L3Harris shares per share.,,,,2014-01-31,2026-01-30,False,local_reuters_observation,,L3Harris's 8-K records the survivor structure and conversion ratio. Official evidence proves the corporate or security event only. The exact Price_RIC is observed in the hashed local Reuters input and was not independently verified through LSEG.,approved,Official evidence proves the corporate or security event only. The exact Price_RIC is observed in the hashed local Reuters input and was not independently verified through LSEG.
MAP-BACKTEST-WIKI-IGT-20140101,backtest,wiki,IGT,IGT,IGT,2014-01-01,2014-06-20,reviewed_wiki_close_fallback,,,,,,,,,IGT,2014-01-02,2014-06-19,False,captured_price_observation,https://media.githubusercontent.com/media/kmfranz/trading_pairs/aff4c4f3b677b0434bfedbc12b4137facaf7a0bb/WIKI_PRICES.csv,Exact close observations extracted from the sole hash-pinned frozen WIKI Prices parent object.,approved,Roadmap-reviewed effective-dated price identity; cross-issuer ticker reuse is prohibited outside this interval.
MAP-BACKTEST-REUTERS-IR-20140131-85E11AE609,backtest,reuters,IR,TT,TT,2014-01-31,2020-03-03,official_successor_local_ric,EVT-20200229-IR-TT-IDENTITY-CONTINUITY,SRC-20200229-IR-TT-IDENTITY--CF38B83471,effective_dated_identity,IR,TT,The legacy Ingersoll Rand climate issuer became Trane Technologies and continued under TT.,,,,2014-01-31,2026-01-30,False,local_reuters_observation,,Trane's SEC exhibit documents the legacy IR-to-TT transition. Official evidence proves the corporate or security event only. The exact Price_RIC is observed in the hashed local Reuters input and was not independently verified through LSEG.,approved,Official evidence proves the corporate or security event only. The exact Price_RIC is observed in the hashed local Reuters input and was not independently verified through LSEG.
MAP-BACKTEST-REUTERS-IR-20200303-04287FD190,backtest,reuters,IR,IR,IR,2020-03-03,,official_successor_local_ric,EVT-20200229-GDI-IR-STOCK-EXCHANGE,SRC-20200229-GDI-IR-STOCK-EX-19A3C09D1C,effective_dated_identity,GDI,IR,Gardner Denver combined with the industrial segment and became the new Ingersoll Rand under IR.,,,,2017-05-31,2026-01-30,False,local_reuters_observation,,The new Ingersoll Rand SEC exhibit proves that the later IR security is not the legacy IR issuer. Official evidence proves the corporate or security event only. The exact Price_RIC is observed in the hashed local Reuters input and was not independently verified through LSEG.,approved,Official evidence proves the corporate or security event only. The exact Price_RIC is observed in the hashed local Reuters input and was not independently verified through LSEG.
MAP-BACKTEST-REUTERS-JCI-20140131-240B210D0B,backtest,reuters,JCI,JCI,JCI,2014-01-31,,official_successor_local_ric,EVT-20160906-JCI-TYC-JCI-CASH-AND-STOCK,SRC-20160906-JCI-TYC-JCI-CAS-4A524B6229,source_collision_split,TYC,JCI,Tyco shareholders underwent a 0.955-for-one consolidation and the survivor began trading as JCI.,,,,2014-01-31,2026-01-30,True,local_reuters_observation,,S&P's Johnson Controls/Tyco announcement supports separating the Tyco/survivor history from old Johnson Controls; both exact RICs coexist locally before the boundary.,approved,Official evidence proves the corporate or security event only. The exact Price_RIC is observed in the hashed local Reuters input and was not independently verified through LSEG.
MAP-BACKTEST-REUTERS-JCI-20140131-A831475B81,backtest,reuters,JCI,JCI^I16,JCI^I16,2014-01-31,2016-09-06,official_successor_local_ric,EVT-20160906-JCI-TYC-JCI-CASH-AND-STOCK,SRC-20160906-JCI-TYC-JCI-CAS-2928D4D055,source_collision_split,JCI,JCI,Old Johnson Controls holders received prorated cash and/or survivor shares; share recipients received $5.7293 plus 0.8357 shares.,,,,2014-01-31,2016-09-02,True,local_reuters_observation,,S&P's Johnson Controls/Tyco announcement distinguishes old Johnson Controls from the survivor; the old-security RIC is observed separately in local Reuters data.,approved,Official evidence proves the corporate or security event only. The exact Price_RIC is observed in the hashed local Reuters input and was not independently verified through LSEG.
MAP-BACKTEST-REUTERS-JEC-20140131-38DC4BA3AC,backtest,reuters,JEC,J,J,2014-01-31,2019-12-10,official_same_security_local_ric,EVT-20191210-JEC-J-IDENTITY-CONTINUITY,SRC-20191210-JEC-J-IDENTITY--D7797CCE73,ticker_or_name_change,JEC,J,The same Jacobs common shares continued under the J ticker.,52988,52988,,2014-01-31,2026-01-30,False,local_reuters_observation,,Jacobs' SEC exhibit records the JEC-to-J ticker change. Official evidence proves the corporate or security event only. The exact Price_RIC is observed in the hashed local Reuters input and was not independently verified through LSEG.,approved,Official evidence proves the corporate or security event only. The exact Price_RIC is observed in the hashed local Reuters input and was not independently verified through LSEG.
MAP-BACKTEST-REUTERS-KORS-20140131-7BEF05A937,backtest,reuters,KORS,CPRI.K,CPRI.K,2014-01-31,2018-09-19,official_same_security_local_ric,EVT-20190102-KORS-CPRI-IDENTITY-CONTINUITY,SRC-20190102-KORS-CPRI-IDENT-2709CFB24F,ticker_or_name_change,KORS,CPRI,The same common shares continued under the Capri name and CPRI ticker.,1530721,1530721,,2014-01-31,2026-01-30,False,local_reuters_observation,,Capri's SEC exhibit records the KORS-to-CPRI change. Official evidence proves the corporate or security event only. The exact Price_RIC is observed in the hashed local Reuters input and was not independently verified through LSEG.,approved,Official evidence proves the corporate or security event only. The exact Price_RIC is observed in the hashed local Reuters input and was not independently verified through LSEG.
MAP-BACKTEST-REUTERS-LB-20140131-945555DB80,backtest,reuters,LB,BBWI.K,BBWI.K,2014-01-31,2021-08-03,official_successor_local_ric,EVT-20210803-LB-BBWI-DISTRIBUTION,SRC-20210803-LB-BBWI-DISTRIB-00D1F2F083,merger_or_successor,LB,BBWI,Victoria's Secret was distributed at one share per three LB shares; the remaining issuer became BBWI.,,,,2014-01-31,2026-01-30,False,local_reuters_observation,,Bath & Body Works' 8-K documents the distribution and successor ticker. Official evidence proves the corporate or security event only. The exact Price_RIC is observed in the hashed local Reuters input and was not independently verified through LSEG.,approved,Official evidence proves the corporate or security event only. The exact Price_RIC is observed in the hashed local Reuters input and was not independently verified through LSEG.
MAP-BACKTEST-WIKI-LSI-20140101,backtest,wiki,LSI,LSI,LSI,2014-01-01,2014-05-07,reviewed_wiki_close_fallback,EVT-20140506-LSI-CASH-ACQUISITION,SRC-20140224-LSI-IDENTITY-SUPPLEMENTAL,,,,,,,LSI,2014-01-02,2014-05-06,False,captured_price_observation,https://media.githubusercontent.com/media/kmfranz/trading_pairs/aff4c4f3b677b0434bfedbc12b4137facaf7a0bb/WIKI_PRICES.csv,Exact close observations come only from the sole pinned WIKI Prices parent; pinned symbol metadata maps LSI to LSI Corporation and LYTS to LSI Industries Inc.; the SEC Form 10-K identifies LSI Corporation common stock under symbol LSI.,approved,Roadmap-reviewed effective-dated LSI Corporation price identity through 2014-05-06; the SEC identity source and pinned WIKI symbol metadata exclude Life Storage and every later ticker reuse.
MAP-BACKTEST-REUTERS-MMC-20140131-8B7140EC6E,backtest,reuters,MMC,MRSH.K,MRSH.K,2014-01-31,,official_same_security_local_ric,EVT-20260114-MMC-MRSH-IDENTITY-CONTINUITY,SRC-20260114-MMC-MRSH-IDENTI-114F07582A,ticker_or_name_change,MMC,MRSH,"The same issuer, legal name, common shares, and CUSIP continued under MRSH.",,,,2014-01-31,2026-01-30,False,local_reuters_observation,,Marsh McLennan's official notice records the MMC-to-MRSH ticker change. Official evidence proves the corporate or security event only. The exact Price_RIC is observed in the hashed local Reuters input and was not independently verified through LSEG.,approved,Official evidence proves the corporate or security event only. The exact Price_RIC is observed in the hashed local Reuters input and was not independently verified through LSEG.
MAP-BACKTEST-YAHOO-MMM-20140101,backtest,yahoo,MMM,MMM,MMM,2014-01-01,,reviewed_yahoo_close_fallback,,,,,,,,,MMM,2014-01-02,2026-01-30,False,captured_price_observation,https://ranaroussi.github.io/yfinance/reference/api/yfinance.download.html,Captured Yahoo Close with auto_adjust=False and action metadata over the reviewed effective-dated interval.,approved,Roadmap-reviewed effective-dated price identity; cross-issuer ticker reuse is prohibited outside this interval.
MAP-BACKTEST-REUTERS-MNK-20140819-89186E200A,backtest,reuters,MNK,MNKKQ.PK^F22,MNKKQ.PK^F22,2014-08-19,2017-07-26,official_otc_transition_local_ric,EVT-20201013-MNK-MNKKQ-OTC-TRANSITION,SRC-20201013-MNK-MNKKQ-OTC-T-D6959D9779,otc_or_delisted_transition,MNK,MNKKQ,"Existing prepetition common shares moved to OTC as MNKKQ and were canceled June 16, 2022.",1567892,1567892,,2014-01-31,2022-06-16,False,local_reuters_observation,,Mallinckrodt's SEC exhibit records the MNK-to-MNKKQ transition. Official evidence proves the corporate or security event only. The exact Price_RIC is observed in the hashed local Reuters input and was not independently verified through LSEG.,approved,Official evidence proves the corporate or security event only. The exact Price_RIC is observed in the hashed local Reuters input and was not independently verified through LSEG.
MAP-BACKTEST-REUTERS-MYL-20140131-0CDED9F270,backtest,reuters,MYL,VTRS.O,VTRS.O,2014-01-31,2020-11-17,official_successor_local_ric,EVT-20201116-MYL-VTRS-STOCK-EXCHANGE,SRC-20201116-MYL-VTRS-STOCK--F9CEF5F259,merger_or_successor,MYL,VTRS,Each Mylan ordinary share converted one-for-one into Viatris common stock.,,1792044,,2014-01-31,2026-01-30,False,local_reuters_observation,,Viatris's filing documents the one-for-one Mylan conversion. Official evidence proves the corporate or security event only. The exact Price_RIC is observed in the hashed local Reuters input and was not independently verified through LSEG.,approved,Official evidence proves the corporate or security event only. The exact Price_RIC is observed in the hashed local Reuters input and was not independently verified through LSEG.
MAP-BACKTEST-REUTERS-NE-20140131-F6756175D7,backtest,reuters,NE,NEBLQ.PK^B21,NEBLQ.PK^B21,2014-01-31,2015-07-20,official_otc_transition_local_ric,EVT-20200804-NE-NEBLQ-OTC-TRANSITION,SRC-20200804-NE-NEBLQ-OTC-TR-C873B2DE7A,otc_or_delisted_transition,NE,NEBLQ,"Existing prepetition common shares moved to OTC as NEBLQ and were canceled February 5, 2021.",1169055,1169055,,2014-01-31,2021-02-08,False,local_reuters_observation,,Noble's 10-Q records the NE-to-NEBLQ transition. Official evidence proves the corporate or security event only. The exact Price_RIC is observed in the hashed local Reuters input and was not independently verified through LSEG.,approved,Official evidence proves the corporate or security event only. The exact Price_RIC is observed in the hashed local Reuters input and was not independently verified through LSEG.
MAP-BACKTEST-REUTERS-NLOK-20191105-025D420346,backtest,reuters,NLOK,GEN.O,GEN.O,2019-11-05,2022-11-08,official_successor_local_ric,EVT-20221108-NLOK-GEN-IDENTITY-CONTINUITY,SRC-20221108-NLOK-GEN-IDENTI-56369A4BEB,merger_or_successor,NLOK,GEN,The remaining issuer became Gen Digital and the same shares began trading as GEN after the Avast combination.,,,,2014-01-31,2026-01-30,False,local_reuters_observation,,Gen Digital's SEC exhibit records the second NLOK-to-GEN transition. Official evidence proves the corporate or security event only. The exact Price_RIC is observed in the hashed local Reuters input and was not independently verified through LSEG.,approved,Official evidence proves the corporate or security event only. The exact Price_RIC is observed in the hashed local Reuters input and was not independently verified through LSEG.
MAP-BACKTEST-REUTERS-PARA-20220217-22B1116893,backtest,reuters,PARA,PSKY.O,PSKY.O,2022-02-17,,official_successor_local_ric,EVT-20250807-PARA-PSKY-STOCK-EXCHANGE,SRC-20250807-PARA-PSKY-STOCK-17E9F43203,merger_or_successor,PARA,PSKY,Paramount's cash-and-stock transaction created the successor Paramount Skydance issuer and PSKY trading.,,,,2014-01-31,2026-01-30,False,local_reuters_observation,,Paramount Skydance's 8-K documents the complex successor transaction. Official evidence proves the corporate or security event only. The exact Price_RIC is observed in the hashed local Reuters input and was not independently verified through LSEG.,approved,Official evidence proves the corporate or security event only. The exact Price_RIC is observed in the hashed local Reuters input and was not independently verified through LSEG.
MAP-BACKTEST-REUTERS-PEAK-20191105-E8E86814B6,backtest,reuters,PEAK,DOC,DOC,2019-11-05,,official_successor_local_ric,EVT-20240301-PEAK-DOC-IDENTITY-CONTINUITY,SRC-20240301-PEAK-DOC-IDENTI-8CC90A1ADA,merger_or_successor,PEAK,DOC,Physicians Realty holders received 0.674 Healthpeak shares; surviving Healthpeak began DOC trading March 4.,,,,2014-01-31,2026-01-30,False,local_reuters_observation,,Healthpeak's annual report documents the PEAK-to-DOC merger and ticker step. Official evidence proves the corporate or security event only. The exact Price_RIC is observed in the hashed local Reuters input and was not independently verified through LSEG.,approved,Official evidence proves the corporate or security event only. The exact Price_RIC is observed in the hashed local Reuters input and was not independently verified through LSEG.
MAP-BACKTEST-REUTERS-PKI-20140131-DA4197C0F4,backtest,reuters,PKI,RVTY.K,RVTY.K,2014-01-31,2023-05-16,official_same_security_local_ric,EVT-20230516-PKI-RVTY-IDENTITY-CONTINUITY,SRC-20230516-PKI-RVTY-IDENTI-C4C92B4716,ticker_or_name_change,PKI,RVTY,The same issuer and common shares continued under the Revvity name and RVTY ticker.,31791,31791,,2014-01-31,2026-01-30,False,local_reuters_observation,,"Revvity's filing records a name and ticker change, not a successor merger. Official evidence proves the corporate or security event only. The exact Price_RIC is observed in the hashed local Reuters input and was not independently verified through LSEG.",approved,Official evidence proves the corporate or security event only. The exact Price_RIC is observed in the hashed local Reuters input and was not independently verified through LSEG.
MAP-BACKTEST-WIKI-RDC-20140101,backtest,wiki,RDC,RDC,RDC,2014-01-01,2014-08-19,reviewed_wiki_close_fallback,,,,,,,,,RDC,2014-01-02,2014-08-18,False,captured_price_observation,https://media.githubusercontent.com/media/kmfranz/trading_pairs/aff4c4f3b677b0434bfedbc12b4137facaf7a0bb/WIKI_PRICES.csv,Exact close observations extracted from the sole hash-pinned frozen WIKI Prices parent object.,approved,Roadmap-reviewed effective-dated price identity; cross-issuer ticker reuse is prohibited outside this interval.
MAP-BACKTEST-REUTERS-RE-20170619-2B11F9C211,backtest,reuters,RE,EG,EG,2017-06-19,2023-07-10,official_same_security_local_ric,EVT-20230710-RE-EG-IDENTITY-CONTINUITY,SRC-20230710-RE-EG-IDENTITY--CE963E0993,ticker_or_name_change,RE,EG,The same Everest common shares continued under the EG ticker.,1095073,1095073,,2014-01-31,2026-01-30,False,local_reuters_observation,,Everest's annual report records the RE-to-EG ticker change. Official evidence proves the corporate or security event only. The exact Price_RIC is observed in the hashed local Reuters input and was not independently verified through LSEG.,approved,Official evidence proves the corporate or security event only. The exact Price_RIC is observed in the hashed local Reuters input and was not independently verified through LSEG.
MAP-BACKTEST-REUTERS-SIVB-20180319-5992A43E4D,backtest,reuters,SIVB,SIVBQ.PK^K24,SIVBQ.PK^K24,2018-03-19,2023-03-15,official_otc_transition_local_ric,EVT-20230328-SIVB-SIVBQ-OTC-TRANSITION,SRC-20230328-SIVB-SIVBQ-OTC--9DCECC41B1,otc_or_delisted_transition,SIVB,SIVBQ,"Existing common shares were suspended and later quoted as SIVBQ before cancellation November 7, 2024.",719739,719739,,2014-01-31,2024-11-07,False,local_reuters_observation,,SVB Financial's filings document the delisting and SIVBQ successor quotation. Official evidence proves the corporate or security event only. The exact Price_RIC is observed in the hashed local Reuters input and was not independently verified through LSEG.,approved,Official evidence proves the corporate or security event only. The exact Price_RIC is observed in the hashed local Reuters input and was not independently verified through LSEG.
MAP-BACKTEST-YAHOO-SLM-20140101,backtest,yahoo,SLM,SLM,SLM,2014-01-01,,reviewed_yahoo_close_fallback,,,,,,,,,SLM,2014-01-02,2014-05-30,False,captured_price_observation,https://ranaroussi.github.io/yfinance/reference/api/yfinance.download.html,Captured Yahoo Close with auto_adjust=False and action metadata over the reviewed effective-dated interval.,approved,Roadmap-reviewed effective-dated price identity; cross-issuer ticker reuse is prohibited outside this interval.
MAP-BACKTEST-REUTERS-SNDK-20140131-68ED1298BD,backtest,reuters,SNDK,SNDK.O^E16,SNDK.O^E16,2014-01-31,2016-05-12,official_successor_local_ric,EVT-20160512-SNDK-WDC-CASH-AND-STOCK,SRC-20160512-SNDK-WDC-CASH-A-C5DE65029E,effective_dated_identity,SNDK,WDC,Each SNDK share received $67.50 cash plus 0.2387 WDC shares and ceased outstanding.,,,,2014-01-31,2016-05-11,False,local_reuters_observation,,SanDisk's 8-K documents the cash-and-stock acquisition; the local RIC remains the historical delisted SNDK series. Official evidence proves the corporate or security event only. The exact Price_RIC is observed in the hashed local Reuters input and was not independently verified through LSEG.,approved,Official evidence proves the corporate or security event only. The exact Price_RIC is observed in the hashed local Reuters input and was not independently verified through LSEG.
MAP-BACKTEST-REUTERS-SYMC-20140131-7AABEFCF34,backtest,reuters,SYMC,GEN.O,GEN.O,2014-01-31,2019-11-05,official_successor_local_ric,EVT-20191105-SYMC-NLOK-IDENTITY-CONTINUITY,SRC-20191105-SYMC-NLOK-IDENT-3508B3E179,merger_or_successor,SYMC,NLOK,"After the enterprise-business sale, the remaining issuer became NortonLifeLock and its shares traded as NLOK.",,,,2014-01-31,2026-01-30,False,local_reuters_observation,,NortonLifeLock's SEC exhibit records the first SYMC-to-NLOK transition. Official evidence proves the corporate or security event only. The exact Price_RIC is observed in the hashed local Reuters input and was not independently verified through LSEG.,approved,Official evidence proves the corporate or security event only. The exact Price_RIC is observed in the hashed local Reuters input and was not independently verified through LSEG.
MAP-BACKTEST-REUTERS-TMK-20140131-1CBDF0AD6E,backtest,reuters,TMK,GL,GL,2014-01-31,2019-08-08,official_same_security_local_ric,EVT-20190809-TMK-GL-IDENTITY-CONTINUITY,SRC-20190809-TMK-GL-IDENTITY-D0B99DE0DD,ticker_or_name_change,TMK,GL,The same issuer and common shares continued under the Globe Life name and GL ticker.,320335,320335,,2014-01-31,2026-01-30,False,local_reuters_observation,,Globe Life's filing records the TMK-to-GL ticker change. Official evidence proves the corporate or security event only. The exact Price_RIC is observed in the hashed local Reuters input and was not independently verified through LSEG.,approved,Official evidence proves the corporate or security event only. The exact Price_RIC is observed in the hashed local Reuters input and was not independently verified through LSEG.
MAP-BACKTEST-REUTERS-UTX-20140131-075DA51704,backtest,reuters,UTX,RTX,RTX,2014-01-31,2020-04-03,official_successor_local_ric,EVT-20200403-UTX-RTX-DISTRIBUTION,SRC-20200403-UTX-RTX-DISTRIB-C38BE47F11,merger_or_successor,UTX,RTX,Carrier and Otis were separated; Raytheon holders received 2.3348 UTX shares and UTX became RTX.,,,,2014-01-31,2026-01-30,False,local_reuters_observation,,"Raytheon Technologies' 8-K documents the separations, merger, and successor structure. Official evidence proves the corporate or security event only. The exact Price_RIC is observed in the hashed local Reuters input and was not independently verified through LSEG.",approved,Official evidence proves the corporate or security event only. The exact Price_RIC is observed in the hashed local Reuters input and was not independently verified through LSEG.
MAP-BACKTEST-REUTERS-VIAC-20191205-A01AAE5ADD,backtest,reuters,VIAC,PSKY.O,PSKY.O,2019-12-05,2022-02-17,official_successor_local_ric,EVT-20220217-VIAC-PARA-IDENTITY-CONTINUITY,SRC-20220217-VIAC-PARA-IDENT-5F2932285C,merger_or_successor,VIAC,PARA,The same ViacomCBS common shares continued under the Paramount name and PARA ticker.,,,,2014-01-31,2026-01-30,False,local_reuters_observation,,Paramount's 8-K records the second VIAC-to-PARA step. Official evidence proves the corporate or security event only. The exact Price_RIC is observed in the hashed local Reuters input and was not independently verified through LSEG.,approved,Official evidence proves the corporate or security event only. The exact Price_RIC is observed in the hashed local Reuters input and was not independently verified through LSEG.
MAP-BACKTEST-REUTERS-WIN-20140131-E8490A1C03,backtest,reuters,WIN,WINMQ.PK^I20,WINMQ.PK^I20,2014-01-31,2015-04-07,official_otc_transition_local_ric,EVT-20190306-WIN-WINMQ-OTC-TRANSITION,SRC-20190306-WIN-WINMQ-OTC-T-4289462AD8,otc_or_delisted_transition,WIN,WINMQ,"Existing prepetition common shares moved to OTC as WINMQ and were canceled September 21, 2020.",1282266,1282266,,2014-01-31,2020-09-21,False,local_reuters_observation,,Windstream's 10-K records the WIN-to-WINMQ OTC transition. Official evidence proves the corporate or security event only. The exact Price_RIC is observed in the hashed local Reuters input and was not independently verified through LSEG.,approved,Official evidence proves the corporate or security event only. The exact Price_RIC is observed in the hashed local Reuters input and was not independently verified through LSEG.
MAP-BACKTEST-REUTERS-WLTW-20160105-F90F64D948,backtest,reuters,WLTW,WTW.O,WTW.O,2016-01-05,2022-01-10,official_same_security_local_ric,EVT-20220110-WLTW-WTW-IDENTITY-CONTINUITY,SRC-20220110-WLTW-WTW-IDENTI-61BF00B3B4,ticker_or_name_change,WLTW,WTW,The same Willis Towers Watson shares and CUSIP continued under WTW.,1140536,1140536,,2014-01-31,2026-01-30,False,local_reuters_observation,,WTW's 8-K records the WLTW-to-WTW ticker change. Official evidence proves the corporate or security event only. The exact Price_RIC is observed in the hashed local Reuters input and was not independently verified through LSEG.,approved,Official evidence proves the corporate or security event only. The exact Price_RIC is observed in the hashed local Reuters input and was not independently verified through LSEG.
MAP-BACKTEST-WIKI-WPX-20140101,backtest,wiki,WPX,WPX,WPX,2014-01-01,2014-03-24,reviewed_wiki_close_fallback,,,,,,,,,WPX,2014-01-02,2014-03-21,False,captured_price_observation,https://media.githubusercontent.com/media/kmfranz/trading_pairs/aff4c4f3b677b0434bfedbc12b4137facaf7a0bb/WIKI_PRICES.csv,Exact close observations extracted from the sole hash-pinned frozen WIKI Prices parent object.,approved,Roadmap-reviewed effective-dated price identity; cross-issuer ticker reuse is prohibited outside this interval.
MAP-BACKTEST-REUTERS-WYND-20140131-39C43C74B1,backtest,reuters,WYND,TNL,TNL,2014-01-31,2018-05-31,official_same_security_local_ric,EVT-20210217-WYND-TNL-IDENTITY-CONTINUITY,SRC-20210217-WYND-TNL-IDENTI-042778F1EC,ticker_or_name_change,WYND,TNL,The same issuer and common shares continued under the Travel + Leisure name and TNL ticker.,1361658,1361658,,2014-01-31,2026-01-30,False,local_reuters_observation,,Travel + Leisure's annual report records the WYND-to-TNL change. Official evidence proves the corporate or security event only. The exact Price_RIC is observed in the hashed local Reuters input and was not independently verified through LSEG.,approved,Official evidence proves the corporate or security event only. The exact Price_RIC is observed in the hashed local Reuters input and was not independently verified through LSEG.
MAP-BACKTEST-WIKI-X-20140101,backtest,wiki,X,X,X,2014-01-01,2014-07-02,reviewed_wiki_close_fallback,,,,,,,,,X,2014-01-02,2014-07-01,False,captured_price_observation,https://media.githubusercontent.com/media/kmfranz/trading_pairs/aff4c4f3b677b0434bfedbc12b4137facaf7a0bb/WIKI_PRICES.csv,Exact close observations extracted from the sole hash-pinned frozen WIKI Prices parent object.,approved,Roadmap-reviewed effective-dated price identity; cross-issuer ticker reuse is prohibited outside this interval.
MAP-BACKTEST-YAHOO-AMTM-20240927,backtest,yahoo,AMTM,AMTM,AMTM,2024-09-27,2024-12-23,reviewed_yahoo_close_fallback,,,,,,,,,AMTM,2024-09-27,2024-12-20,False,captured_price_observation,https://ranaroussi.github.io/yfinance/reference/api/yfinance.download.html,Captured Yahoo Close with auto_adjust=False and action metadata over the reviewed effective-dated interval.,approved,Roadmap-reviewed effective-dated price identity; cross-issuer ticker reuse is prohibited outside this interval.
MAP-BACKTEST-YAHOO-J-20240920,backtest,yahoo,J,J,J,2024-09-20,2024-10-05,reviewed_yahoo_event_treatment,EVT-20240927-J-AMTM-DISTRIBUTION,SRC-20240927-J-AMTM-YAHOO-NORMALIZATION,,,,,,,,2024-09-20,2024-10-04,False,captured_price_observation,https://ranaroussi.github.io/yfinance/reference/api/yfinance.download.html,Captured Yahoo Close with auto_adjust=False and action metadata over the reviewed event-treatment interval.,approved,Canonical Yahoo treatment window for the provider-normalized executable share ratio.
MAP-BACKTEST-YAHOO-WDC-O-20250214-WDC,backtest,yahoo,WDC,WDC,WDC.O,2025-02-14,2025-03-01,reviewed_yahoo_event_treatment,EVT-20250221-WDC-SNDK-DISTRIBUTION,SRC-20250221-WDC-SNDK-YAHOO-NORMALIZATION,,,,,,,,2025-02-14,2025-02-28,False,captured_price_observation,https://ranaroussi.github.io/yfinance/reference/api/yfinance.download.html,Captured Yahoo Close with auto_adjust=False and action metadata over the reviewed event-treatment interval.,approved,Canonical Yahoo treatment window for the provider-normalized executable share ratio.
MAP-BACKTEST-YAHOO-HON-O-20251023-HON,backtest,yahoo,HON,HON,HON.O,2025-10-23,2025-11-06,reviewed_yahoo_event_treatment,EVT-20251030-HON-SOLS-DISTRIBUTION,SRC-20251030-HON-SOLS-YAHOO-NORMALIZATION,,,,,,,,2025-10-23,2025-11-05,False,captured_price_observation,https://ranaroussi.github.io/yfinance/reference/api/yfinance.download.html,Captured Yahoo Close with auto_adjust=False and action metadata over the reviewed event-treatment interval.,approved,Canonical Yahoo treatment window for the provider-normalized executable share ratio.
MAP-BACKTEST-YAHOO-SOLS-20251030,backtest,yahoo,SOLS,SOLS,SOLS,2025-10-30,2025-12-22,reviewed_yahoo_close_fallback,,,,,,,,,SOLS,2025-10-30,2025-12-19,False,captured_price_observation,https://ranaroussi.github.io/yfinance/reference/api/yfinance.download.html,Captured Yahoo Close with auto_adjust=False and action metadata over the reviewed effective-dated interval.,approved,Roadmap-reviewed effective-dated price identity; cross-issuer ticker reuse is prohibited outside this interval.
MAP-BACKTEST-REUTERS-SNDK-20250224,backtest,reuters,SNDK,SNDK.O,SNDK.O,2025-02-24,,reviewed_local_reuters_identity,,,,,,,,,SNDK.O,2025-02-28,2026-01-30,False,local_reuters_observation,https://www.sec.gov/Archives/edgar/data/2023554/000202355425000034/sndk-20250627.htm,Supplied Reuters SNDK.O rows belong to the new Sandisk issuer from its 2025 separation identity interval.,approved,Roadmap-reviewed effective-dated price identity; cross-issuer ticker reuse is prohibited outside this interval.
MAP-BACKTEST-YAHOO-SNDK-O-20250224-SNDK,backtest,yahoo,SNDK,SNDK,SNDK.O,2025-02-24,,reviewed_effective_symbol,EVT-20250221-WDC-SNDK-DISTRIBUTION,SRC-20250221-WDC-SNDK-PRIMARY,,,,,,,,,,False,reviewed_effective_provider_identity,https://www.sec.gov/Archives/edgar/data/2023554/000202355425000034/sndk-20250627.htm,The completed separation establishes the new Sandisk identity and February 24 regular-way trading date used by the bounded mandatory-liquidation request.,approved,Effective-dated Yahoo identity for the first causal off-universe liquidation price and later shares acquisition only; it is not an additional canonical monthly-price identity.
MAP-BACKTEST-YAHOO-BFB-20140131-BF-B,backtest,yahoo,BFb,BF-B,BFb,2014-01-31,,reviewed_yahoo_alias,,,,,,,,,,,,False,reviewed_provider_symbol,,Reviewed Reuters-style class-share notation maps to Yahoo's hyphenated provider symbol.,approved,Provider notation alias only; this row does not assert a corporate event or historical successor equivalence.
MAP-BACKTEST-YAHOO-BRKB-20140131-BRK-B,backtest,yahoo,BRKb,BRK-B,BRKb,2014-01-31,,reviewed_yahoo_alias,,,,,,,,,,,,False,reviewed_provider_symbol,,Reviewed Reuters-style class-share notation maps to Yahoo's hyphenated provider symbol.,approved,Provider notation alias only; this row does not assert a corporate event or historical successor equivalence.
MAP-BACKTEST-YAHOO-META-O-20140131-FB,backtest,yahoo,META.O,FB,META.O,2014-01-31,2022-06-09,reviewed_effective_symbol,EVT-20220609-FB-META-IDENTITY-CONTINUITY,SRC-20220609-FB-META-IDENTIT-44BD8BC22A,,,,,,,,,,False,reviewed_effective_provider_identity,,Provider symbol is restricted to its own reviewed effective interval; no successor symbol is used as a historical alias.,approved,Effective-dated Yahoo shares identity.
MAP-BACKTEST-YAHOO-META-O-20220609-META,backtest,yahoo,META.O,META,META.O,2022-06-09,,reviewed_effective_symbol,EVT-20220609-FB-META-IDENTITY-CONTINUITY,SRC-20220609-FB-META-IDENTIT-44BD8BC22A,,,,,,,,,,False,reviewed_effective_provider_identity,,Provider symbol is restricted to its own reviewed effective interval; no successor symbol is used as a historical alias.,approved,Effective-dated Yahoo shares identity.
MAP-BACKTEST-YAHOO-PSKY-O-20191205-VIAC,backtest,yahoo,PSKY.O,VIAC,PSKY.O,2019-12-05,2022-02-17,reviewed_effective_symbol,EVT-20220217-VIAC-PARA-IDENTITY-CONTINUITY,SRC-20220217-VIAC-PARA-IDENT-5F2932285C,,,,,,,,,,False,reviewed_effective_provider_identity,,Provider symbol is restricted to its own reviewed effective interval; no successor symbol is used as a historical alias.,approved,Effective-dated Yahoo shares identity.
MAP-BACKTEST-YAHOO-PSKY-O-20220217-PARA,backtest,yahoo,PSKY.O,PARA,PSKY.O,2022-02-17,,reviewed_effective_symbol,EVT-20220217-VIAC-PARA-IDENTITY-CONTINUITY,SRC-20220217-VIAC-PARA-IDENT-5F2932285C,,,,,,,,,,False,reviewed_effective_provider_identity,,Provider symbol is restricted to its own reviewed effective interval; no successor symbol is used as a historical alias.,approved,Effective-dated Yahoo shares identity.
MAP-BACKTEST-YAHOO-RDSB-20140131-RDS-B,backtest,yahoo,RDSb,RDS-B,RDSb,2014-01-31,,reviewed_yahoo_alias,,,,,,,,,,,,False,reviewed_provider_symbol,,Reviewed Reuters-style class-share notation maps to Yahoo's hyphenated provider symbol.,approved,Provider notation alias only; this row does not assert a corporate event or historical successor equivalence.
MAP-BACKTEST-YAHOO-WBA-O-H25-20140131-WBA,backtest,yahoo,WBA.O^H25,WBA,WBA.O^H25,2014-01-31,2025-08-29,reviewed_effective_symbol,,,,,,,,,,,,False,reviewed_effective_provider_identity,https://github.com/fja05680/sp500#description-of-files,"The canonical membership source ends WBA on August 28, 2025; the Yahoo shares request is bounded to the relevant index-membership interval.",approved,Reviewed acquisition boundary prevents Yahoo's later zero sentinel from invalidating otherwise positive historical shares.
MAP-LIVE-YAHOO-BF-B-20240101-BF-B,live,yahoo,BF.B,BF-B,BF.B,2023-01-01,,reviewed_yahoo_alias,,,,,,,,,,,,False,reviewed_provider_symbol,,Reviewed Yahoo provider symbol; no successor symbol is used outside its own effective identity interval.,approved,Reviewed punctuation-only Yahoo class-share alias. Shared live history starts in January 2023; the same reviewed identity applies.
MAP-LIVE-YAHOO-BK-20240101-BNY,live,yahoo,BK,BNY,BK,2023-01-01,2026-05-21,reviewed_yahoo_alias,EVT-20260521-BK-BNY-TICKER-CHANGE,SRC-20260521-BK-BNY-TICKER-C-02912D301B,,,,,,,,,,False,reviewed_provider_symbol,,The approved BK-to-BNY ticker change identifies the current Yahoo symbol; historical observations are accepted only from the manifested Yahoo acquisition.,approved,Approved same-security 1:1 ticker relabel; no provider row-equivalence comparison is claimed. Shared live history starts in January 2023; the same reviewed identity applies.
MAP-LIVE-YAHOO-BNY-20260521-BNY,live,yahoo,BNY,BNY,BNY,2026-05-21,,reviewed_effective_symbol,EVT-20260521-BK-BNY-TICKER-CHANGE,SRC-20260521-BK-BNY-TICKER-C-02912D301B,,,,,,,,,,False,reviewed_provider_symbol,,Reviewed Yahoo provider symbol; no successor symbol is used outside its own effective identity interval.,approved,
MAP-LIVE-YAHOO-BRK-B-20240101-BRK-B,live,yahoo,BRK.B,BRK-B,BRK.B,2023-01-01,,reviewed_yahoo_alias,,,,,,,,,,,,False,reviewed_provider_symbol,,Reviewed Yahoo provider symbol; no successor symbol is used outside its own effective identity interval.,approved,Reviewed punctuation-only Yahoo class-share alias. Shared live history starts in January 2023; the same reviewed identity applies.
MAP-LIVE-YAHOO-CTRA-20240101-CTRA,live,yahoo,CTRA,CTRA,CTRA,2023-01-01,2026-05-07,reviewed_effective_symbol,EVT-20260507-CTRA-DVN-STOCK-EXCHANGE,SRC-20260507-CTRA-DVN-STOCK--54569D78F3,,,,,,,,,,False,reviewed_provider_symbol,,Reviewed Yahoo provider symbol; no successor symbol is used outside its own effective identity interval.,approved,DVN is never an alias for pre-event CTRA history. Shared live history starts in January 2023; the same reviewed identity applies.
MAP-LIVE-YAHOO-DAY-20240201-DAY,live,yahoo,DAY,DAY,DAY,2024-02-01,2026-02-04,reviewed_effective_symbol,EVT-20260204-DAY-CASH-ACQUISITION,SRC-20260204-DAY-CASH-ACQUIS-C1533CB3F0,,,,,,,,,,False,reviewed_provider_symbol,,Reviewed Yahoo provider symbol; no successor symbol is used outside its own effective identity interval.,approved,
MAP-LIVE-YAHOO-ECHO-20260624-ECHO,live,yahoo,ECHO,ECHO,ECHO,2026-06-24,,reviewed_effective_symbol,EVT-20260624-SATS-ECHO-TICKER-CHANGE,SRC-20260624-SATS-ECHO-TICKE-7FFE9471C6,,,,,,,,,,False,reviewed_provider_symbol,,Reviewed Yahoo provider symbol; no successor symbol is used outside its own effective identity interval.,approved,
MAP-LIVE-YAHOO-HOLX-20240101-HOLX,live,yahoo,HOLX,HOLX,HOLX,2023-01-01,2026-04-07,reviewed_effective_symbol,EVT-20260407-HOLX-CASH-CVR-ACQUISITION,SRC-20260407-HOLX-CASH-CVR-A-2BF75A3C94,,,,,,,,,,False,reviewed_provider_symbol,,Reviewed Yahoo provider symbol; no successor symbol is used outside its own effective identity interval.,approved,Shared live history starts in January 2023; the same reviewed identity applies.
MAP-LIVE-YAHOO-SATS-20240101-ECHO,live,yahoo,SATS,ECHO,SATS,2023-01-01,2026-06-24,reviewed_yahoo_alias,EVT-20260624-SATS-ECHO-TICKER-CHANGE,SRC-20260624-SATS-ECHO-TICKE-7FFE9471C6,,,,,,,,,,False,reviewed_provider_symbol,,The approved SATS-to-ECHO ticker change identifies the current Yahoo symbol; historical observations are accepted only from the manifested Yahoo acquisition.,approved,Approved same-security 1:1 ticker relabel; no provider row-equivalence comparison is claimed. Shared live history starts in January 2023; the same reviewed identity applies.
MAP-SHARED-WIKIPEDIA-AABA-20150131-YHOO,shared,wikipedia,AABA,YHOO,AABA,2015-01-31,2017-06-19,reviewed_wikipedia_mapping,,,,,,,,,,2015-01-31,2017-05-31,False,reviewed_wikipedia_historical_symbol,https://www.sec.gov/Archives/edgar/data/1011006/000119312517198146/d409905dex99a5b.htm,"Yahoo used YHOO before the Altaba name and AABA ticker began trading on June 19, 2017.",approved,Classification-only bridge from an FJA membership symbol to the exact symbol in dated Wikipedia revisions; never used for price backfill or corporate-action accounting.
MAP-SHARED-WIKIPEDIA-AGN-20140131-ACT,shared,wikipedia,AGN,ACT,AGN^E20,2014-01-31,2015-06-15,reviewed_wikipedia_mapping,EVT-20150317-ACT-AGN-AGN-CASH-AND-STOCK,SRC-20150317-ACT-AGN-AGN-CAS-B44854D262,,,,,,,,2015-01-31,2015-05-31,False,reviewed_wikipedia_historical_symbol,https://www.sec.gov/Archives/edgar/data/1578845/000119312514415382/d822207d8k.htm,"Reuters Asset_ID AGN^E20 is the Actavis survivor, which used ACT before adopting AGN; this asset-specific interval distinguishes it from old Allergan while both securities coexist.",approved,Classification-only bridge from an FJA membership symbol to the exact symbol in dated Wikipedia revisions; never used for price backfill or corporate-action accounting.
MAP-SHARED-WIKIPEDIA-ANDV-20150131-TSO,shared,wikipedia,ANDV,TSO,ANDV,2015-01-31,2017-08-01,reviewed_wikipedia_mapping,,,,,,,,,,2015-01-31,2017-07-31,False,reviewed_wikipedia_historical_symbol,https://www.sec.gov/Archives/edgar/data/50104/000005010418000054/andv201710-k.htm,"Tesoro used TSO before the Andeavor name and ANDV ticker became effective on August 1, 2017.",approved,Classification-only bridge from an FJA membership symbol to the exact symbol in dated Wikipedia revisions; never used for price backfill or corporate-action accounting.
MAP-SHARED-WIKIPEDIA-APTV-20150131-DLPH,shared,wikipedia,APTV,DLPH,APTV,2015-01-31,2017-12-05,reviewed_wikipedia_mapping,,,,,,,,,,2015-01-31,2017-11-30,False,reviewed_wikipedia_historical_symbol,https://www.sec.gov/Archives/edgar/data/1521332/000119312517363912/d453817d8k.htm,"Delphi Automotive used DLPH before the Aptiv name and APTV ticker began trading on December 5, 2017.",approved,Classification-only bridge from an FJA membership symbol to the exact symbol in dated Wikipedia revisions; never used for price backfill or corporate-action accounting.
MAP-SHARED-WIKIPEDIA-ARNC-20150131-AA,shared,wikipedia,ARNC,AA,ARNC,2015-01-31,2016-11-01,reviewed_wikipedia_mapping,,,,,,,,,,2015-01-31,2016-10-31,False,reviewed_wikipedia_historical_symbol,https://www.sec.gov/Archives/edgar/data/4281/000119312516731663/d249430dex991.htm,"The pre-separation Alcoa parent used AA before the survivor became Arconic and began trading as ARNC on November 1, 2016.",approved,Classification-only bridge from an FJA membership symbol to the exact symbol in dated Wikipedia revisions; never used for price backfill or corporate-action accounting.
MAP-SHARED-WIKIPEDIA-BHGE-20150131-BHI,shared,wikipedia,BHGE,BHI,BHGE,2015-01-31,2017-07-05,reviewed_wikipedia_mapping,,,,,,,,,,2015-01-31,2017-06-30,False,reviewed_wikipedia_historical_symbol,https://www.sec.gov/Archives/edgar/data/808362/000119312517220863/d343454d8k12b.htm,"Baker Hughes used BHI before the combination with GE Oil and Gas and the resulting BHGE ticker began trading on July 5, 2017.",approved,Classification-only bridge from an FJA membership symbol to the exact symbol in dated Wikipedia revisions; never used for price backfill or corporate-action accounting.
MAP-SHARED-WIKIPEDIA-BKNG-20150131-PCLN,shared,wikipedia,BKNG,PCLN,BKNG,2015-01-31,2018-03-01,reviewed_wikipedia_mapping,,,,,,,,,,2015-01-31,2018-02-28,False,reviewed_wikipedia_historical_symbol,https://www.sec.gov/Archives/edgar/data/1075531/000107553118000008/ex991namechangepressrelease.htm,"Priceline used PCLN before Booking Holdings began trading as BKNG on February 27, 2018; the midnight February 28 Wikipedia revision still listed PCLN.",approved,Classification-only bridge from an FJA membership symbol to the exact symbol in dated Wikipedia revisions; never used for price backfill or corporate-action accounting.
MAP-SHARED-WIKIPEDIA-CB-20140131-ACE,shared,wikipedia,CB,ACE,CB,2014-01-31,2016-01-15,reviewed_wikipedia_mapping,EVT-20160115-ACE-CB-CB-CASH-AND-STOCK,SRC-20160115-ACE-CB-CB-CASH--8FE06B0664,,,,,,,,2015-01-31,2015-12-31,False,reviewed_wikipedia_historical_symbol,https://www.sec.gov/Archives/edgar/data/896159/000119312516430900/d113231d8k.htm,"Reuters Asset_ID CB is the ACE survivor, which used ACE before assuming CB; this asset-specific interval distinguishes it from old Chubb while both securities coexist.",approved,Classification-only bridge from an FJA membership symbol to the exact symbol in dated Wikipedia revisions; never used for price backfill or corporate-action accounting.
MAP-SHARED-WIKIPEDIA-CBRE-20150131-CBG,shared,wikipedia,CBRE,CBG,CBRE,2015-01-31,2018-03-19,reviewed_wikipedia_mapping,,,,,,,,,,2015-01-31,2018-02-28,False,reviewed_wikipedia_historical_symbol,https://www.sec.gov/Archives/edgar/data/1138118/000156459019005666/cbg-10k_20181231.htm,"CBRE Group used CBG before its NYSE ticker changed to CBRE on March 19, 2018.",approved,Classification-only bridge from an FJA membership symbol to the exact symbol in dated Wikipedia revisions; never used for price backfill or corporate-action accounting.
MAP-SHARED-WIKIPEDIA-COR-20230831-ABC,shared,wikipedia,COR,ABC,COR,2023-08-31,2023-09-01,reviewed_wikipedia_mapping,EVT-20230830-ABC-COR-IDENTITY-CONTINUITY,SRC-20230830-ABC-COR-IDENTIT-9AC06E179C,,,,,,,,2023-08-31,2023-08-31,False,reviewed_wikipedia_historical_symbol,https://www.sec.gov/Archives/edgar/data/1140859/000114085923000197/cor-20230930.htm,AmerisourceBergen used ABC before the same common shares continued under the Cencora name and COR ticker; the August 31 Wikipedia cutoff still listed ABC.,approved,Classification-only bridge from an FJA membership symbol to the exact symbol in dated Wikipedia revisions; never used for price backfill or corporate-action accounting.
MAP-SHARED-WIKIPEDIA-CPRI-20150131-KORS,shared,wikipedia,CPRI,KORS,CPRI,2015-01-31,2019-01-02,reviewed_wikipedia_mapping,EVT-20190102-KORS-CPRI-IDENTITY-CONTINUITY,SRC-20190102-KORS-CPRI-IDENT-2709CFB24F,,,,,,,,,,False,reviewed_wikipedia_historical_symbol,https://www.sec.gov/Archives/edgar/data/1530721/000119312518362322/d653406dex991.htm,"Michael Kors used KORS until the same common shares continued under the Capri name and CPRI ticker on January 2, 2019; CPRI must never leak into earlier Wikipedia dates.",approved,Classification-only bridge from an FJA membership symbol to the exact symbol in dated Wikipedia revisions; never used for price backfill or corporate-action accounting.
MAP-SHARED-WIKIPEDIA-DXC-20150131-CSC,shared,wikipedia,DXC,CSC,DXC,2015-01-31,2017-04-03,reviewed_wikipedia_mapping,,,,,,,,,,2015-01-31,2015-11-30,False,reviewed_wikipedia_historical_symbol,https://www.sec.gov/Archives/edgar/data/23082/000087666117000186/ruleprovisionnotice.htm,"Computer Sciences Corporation used CSC before each share converted one-for-one into DXC and DXC began regular trading on April 3, 2017.",approved,Classification-only bridge from an FJA membership symbol to the exact symbol in dated Wikipedia revisions; never used for price backfill or corporate-action accounting.
MAP-SHARED-WIKIPEDIA-ES-20150131-NU,shared,wikipedia,ES,NU,ES,2015-01-31,2015-02-19,reviewed_wikipedia_mapping,,,,,,,,,,2015-01-31,2015-01-31,False,reviewed_wikipedia_historical_symbol,https://www.sec.gov/Archives/edgar/data/72741/000110465915032649/a15-10114_1424b3.htm,"Northeast Utilities used NU before the Eversource shares began trading as ES on February 19, 2015.",approved,Classification-only bridge from an FJA membership symbol to the exact symbol in dated Wikipedia revisions; never used for price backfill or corporate-action accounting.
MAP-SHARED-WIKIPEDIA-IQV-20170831-Q,shared,wikipedia,IQV,Q,IQV,2017-08-31,2017-11-15,reviewed_wikipedia_mapping,,,,,,,,,,2017-08-31,2017-10-31,False,reviewed_wikipedia_historical_symbol,https://www.sec.gov/Archives/edgar/data/1478242/000119312517335879/d484556d8k.htm,"Quintiles IMS used Q before the IQVIA name and IQV ticker began trading on November 15, 2017.",approved,Classification-only bridge from an FJA membership symbol to the exact symbol in dated Wikipedia revisions; never used for price backfill or corporate-action accounting.
MAP-SHARED-WIKIPEDIA-JCI-20140131-TYC,shared,wikipedia,JCI,TYC,JCI,2014-01-31,2016-09-06,reviewed_wikipedia_mapping,EVT-20160906-JCI-TYC-JCI-CASH-AND-STOCK,SRC-20160906-JCI-TYC-JCI-CAS-4A524B6229,,,,,,,,2015-01-31,2016-08-31,False,reviewed_wikipedia_historical_symbol,https://www.sec.gov/Archives/edgar/data/53669/000110465916143072/a16-17944_18k.htm,"Reuters Asset_ID JCI is the Tyco survivor, which used TYC before assuming JCI; this asset-specific interval distinguishes it from old Johnson Controls while both securities coexist.",approved,Classification-only bridge from an FJA membership symbol to the exact symbol in dated Wikipedia revisions; never used for price backfill or corporate-action accounting.
MAP-SHARED-WIKIPEDIA-JEF-20150131-LUK,shared,wikipedia,JEF,LUK,JEF,2015-01-31,2018-05-24,reviewed_wikipedia_mapping,,,,,,,,,,2015-01-31,2018-04-30,False,reviewed_wikipedia_historical_symbol,https://www.sec.gov/Archives/edgar/data/96223/000119312518172047/d578190d8k.htm,"Leucadia National used LUK before the Jefferies name and JEF ticker began trading on May 24, 2018.",approved,Classification-only bridge from an FJA membership symbol to the exact symbol in dated Wikipedia revisions; never used for price backfill or corporate-action accounting.
MAP-SHARED-WIKIPEDIA-KDP-20150131-DPS,shared,wikipedia,KDP,DPS,KDP,2015-01-31,2018-07-10,reviewed_wikipedia_mapping,,,,,,,,,,2015-01-31,2018-06-30,False,reviewed_wikipedia_historical_symbol,https://www.sec.gov/Archives/edgar/data/1418135/000141813519000007/kdp-10kx12312018.htm,Dr Pepper Snapple Group used DPS before the Keurig Dr Pepper name and KDP ticker became effective in July 2018.,approved,Classification-only bridge from an FJA membership symbol to the exact symbol in dated Wikipedia revisions; never used for price backfill or corporate-action accounting.
MAP-SHARED-WIKIPEDIA-LHX-20190630-HRS,shared,wikipedia,LHX,HRS,LHX,2019-06-30,2019-07-01,reviewed_wikipedia_mapping,EVT-20190629-HRS-LHX-IDENTITY-CONTINUITY,SRC-20190629-HRS-LHX-IDENTIT-3B8D735CCD,,,,,,,,2019-06-30,2019-06-30,False,reviewed_wikipedia_historical_symbol,https://www.sec.gov/Archives/edgar/data/202058/000114036119012139/form8k.htm,Harris used HRS before the surviving company became L3Harris and began trading as LHX; the June 30 Wikipedia cutoff still listed HRS.,approved,Classification-only bridge from an FJA membership symbol to the exact symbol in dated Wikipedia revisions; never used for price backfill or corporate-action accounting.
MAP-SHARED-WIKIPEDIA-SPGI-20150131-MHFI,shared,wikipedia,SPGI,MHFI,SPGI,2015-01-31,2016-05-01,reviewed_wikipedia_mapping,,,,,,,,,,2015-01-31,2016-04-30,False,reviewed_wikipedia_historical_symbol,https://www.sec.gov/Archives/edgar/data/64040/000006404017000015/spgi-20161231x10k.htm,"McGraw Hill Financial used MHFI before the S&P Global name and SPGI ticker began trading on April 28, 2016; the April 30 Wikipedia revision still listed MHFI.",approved,Classification-only bridge from an FJA membership symbol to the exact symbol in dated Wikipedia revisions; never used for price backfill or corporate-action accounting.
MAP-SHARED-WIKIPEDIA-TGNA-20150131-GCI,shared,wikipedia,TGNA,GCI,TGNA,2015-01-31,2015-06-29,reviewed_wikipedia_mapping,,,,,,,,,,2015-01-31,2015-05-31,False,reviewed_wikipedia_historical_symbol,https://www.sec.gov/Archives/edgar/data/39899/000003989915000019/tgna-20150628x10q.htm,The pre-separation Gannett parent used GCI before the survivor became TEGNA and began trading as TGNA; the mapping ends before GCI identifies the publishing spin-off.,approved,Classification-only bridge from an FJA membership symbol to the exact symbol in dated Wikipedia revisions; never used for price backfill or corporate-action accounting.
MAP-SHARED-WIKIPEDIA-TPR-20150131-COH,shared,wikipedia,TPR,COH,TPR,2015-01-31,2017-11-01,reviewed_wikipedia_mapping,,,,,,,,,,2015-01-31,2017-10-31,False,reviewed_wikipedia_historical_symbol,https://www.sec.gov/Archives/edgar/data/1116132/000111613217000016/tpr930201710q.htm,"Coach used COH before the Tapestry name and TPR ticker became effective on October 31, 2017; that date's Wikipedia cutoff still listed COH.",approved,Classification-only bridge from an FJA membership symbol to the exact symbol in dated Wikipedia revisions; never used for price backfill or corporate-action accounting.
MAP-SHARED-WIKIPEDIA-UAA-20150131-UA,shared,wikipedia,UAA,UA,UAA,2015-01-31,2016-12-07,reviewed_wikipedia_mapping,,,,,,,,,,2015-01-31,2016-11-30,False,reviewed_wikipedia_historical_symbol,https://www.sec.gov/Archives/edgar/data/1336917/000133691717000017/ua-20161231x10k.htm,"Under Armour Class A used UA before changing to UAA on December 7, 2016; the mapping ends before UA identifies the Class C shares.",approved,Classification-only bridge from an FJA membership symbol to the exact symbol in dated Wikipedia revisions; never used for price backfill or corporate-action accounting.
MAP-SHARED-WIKIPEDIA-WELL-20150131-HCN,shared,wikipedia,WELL,HCN,WELL,2015-01-31,2018-03-01,reviewed_wikipedia_mapping,,,,,,,,,,2015-01-31,2018-02-28,False,reviewed_wikipedia_historical_symbol,https://www.sec.gov/Archives/edgar/data/766704/000076670419000014/a201810-k.htm,"Welltower used HCN before its ticker changed to WELL at the opening on February 28, 2018; that date's Wikipedia cutoff precedes the market opening.",approved,Classification-only bridge from an FJA membership symbol to the exact symbol in dated Wikipedia revisions; never used for price backfill or corporate-action accounting.
MAP-SHARED-WIKIPEDIA-WYND-20150131-WYN,shared,wikipedia,WYND,WYN,WYND,2015-01-31,2018-06-01,reviewed_wikipedia_mapping,,,,,,,,,,2015-01-31,2018-04-30,False,reviewed_wikipedia_historical_symbol,https://www.sec.gov/Archives/edgar/data/1361658/000110465918032536/a18-13272_2ex99d1.htm,Wyndham Worldwide used WYN before the Wyndham Destinations name and WYND ticker followed the May 2018 separation.,approved,Classification-only bridge from an FJA membership symbol to the exact symbol in dated Wikipedia revisions; never used for price backfill or corporate-action accounting.
MAP-SHARED-WIKIPEDIA-ZBH-20150131-ZMH,shared,wikipedia,ZBH,ZMH,ZBH,2015-01-31,2015-06-29,reviewed_wikipedia_mapping,,,,,,,,,,2015-01-31,2015-05-31,False,reviewed_wikipedia_historical_symbol,https://www.sec.gov/Archives/edgar/data/1136869/000119312515237276/d948441d8k.htm,"Zimmer used ZMH before the Zimmer Biomet name and ZBH ticker began trading on June 29, 2015.",approved,Classification-only bridge from an FJA membership symbol to the exact symbol in dated Wikipedia revisions; never used for price backfill or corporate-action accounting.
MAP-BACKTEST-REUTERS-FRX-ACT-20140701,backtest,reuters,FRX,AGN^E20,AGN^E20,2014-07-01,2015-06-15,official_successor_local_ric,EVT-20140701-FRX-ACT-CASH-AND-STOCK,SRC-20140701-FRX-ACT-PRIMARY,merger_or_successor,FRX,ACT,Forest holders making no election received $26.04 cash plus 0.3306 Actavis ordinary shares per Forest share.,1578845,1578845,,2014-01-31,2020-05-08,False,local_reuters_observation,https://www.sec.gov/Archives/edgar/data/1578845/000119312514259548/d750228d8k.htm,The filing establishes Actavis as the stock successor; the hashed Reuters artifact records that continuing issuer under its later AGN^E20 identity.,approved,This event-linked mapping resolves only the ACT successor leg; it does not backfill Forest prices or create an ACT price series.
MAP-BACKTEST-REUTERS-BRCM-AVGO-20160201,backtest,reuters,BRCM,AVGO.O,AVGO.O,2016-02-01,,official_successor_local_ric,EVT-20160201-BRCM-AVGO-CASH-AND-STOCK,SRC-20160201-BRCM-AVGO-PRIMARY,merger_or_successor,BRCM,AVGO,Approximately $51.4829 cash plus 0.0242 legal AVGO shares; executable stock ratio 0.242 after the documented 10-for-1 split.,1054374,1649338,,2014-01-31,2026-01-30,False,local_reuters_observation,https://investors.broadcom.com/static-files/5b6d75ad-3f6f-4e5d-a2d6-cf9a517ab9f3,The official split evidence and hashed Reuters input establish the retroactive ten-for-one unit normalization; this event-only row resolves the successor and does not remap price rows.,approved,Legal 0.0242 AVGO multiplied by ten equals the 0.242 executable ratio in Reuters split-normalized units; approximate cash wording is retained.
MAP-LIVE-YAHOO-ABC-20230101-COR,live,yahoo,ABC,COR,ABC,2023-01-01,,reviewed_yahoo_alias,EVT-20230830-ABC-COR-IDENTITY-CONTINUITY,SRC-20230830-ABC-COR-IDENTIT-9AC06E179C,,,,,,,,,,False,reviewed_same_security_alias,https://www.sec.gov/Archives/edgar/data/1140859/000114085923000197/cor-20230930.htm,Existing approved one-for-one common-share relabel evidence supports the historical identity; acquisition separately records actual Yahoo availability.,approved,Shared live history extension. Historical membership retains its original ticker. No merger exchange ratio or acquirer series is substituted.
MAP-LIVE-YAHOO-CDAY-20230101-DAY,live,yahoo,CDAY,DAY,CDAY,2023-01-01,,reviewed_yahoo_alias,EVT-20240201-CDAY-DAY-IDENTITY-CONTINUITY,SRC-20240201-CDAY-DAY-IDENTI-69903F856D,,,,,,,,,,False,reviewed_same_security_alias,https://www.sec.gov/Archives/edgar/data/1725057/000095017024009619/day-20240131.htm,Existing approved one-for-one common-share relabel evidence supports the historical identity; acquisition separately records actual Yahoo availability.,approved,Shared live history extension. Historical membership retains its original ticker. No merger exchange ratio or acquirer series is substituted.
MAP-LIVE-YAHOO-FI-20230101-FISV,live,yahoo,FI,FISV,FI,2023-01-01,,reviewed_yahoo_alias,EVT-20230607-FISV-FI-IDENTITY-CONTINUITY,SRC-20230607-FISV-FI-IDENTIT-21B0C4CFBC,,,,,,,,,,False,reviewed_same_security_alias,https://www.sec.gov/Archives/edgar/data/798354/000119312523154199/d470900d8k.htm,Existing approved one-for-one common-share relabel evidence supports the historical identity; acquisition separately records actual Yahoo availability.,approved,Shared live history extension. Historical membership retains its original ticker. No merger exchange ratio or acquirer series is substituted.
MAP-LIVE-YAHOO-FLT-20230101-CPAY,live,yahoo,FLT,CPAY,FLT,2023-01-01,,reviewed_yahoo_alias,EVT-20240325-FLT-CPAY-IDENTITY-CONTINUITY,SRC-20240325-FLT-CPAY-IDENTI-9ED4865BBC,,,,,,,,,,False,reviewed_same_security_alias,https://www.sec.gov/Archives/edgar/data/1175454/000162828024010593/exhibit991corpayrebrand_re.htm,Existing approved one-for-one common-share relabel evidence supports the historical identity; acquisition separately records actual Yahoo availability.,approved,Shared live history extension. Historical membership retains its original ticker. No merger exchange ratio or acquirer series is substituted.
MAP-LIVE-YAHOO-MMC-20230101-MRSH,live,yahoo,MMC,MRSH,MMC,2023-01-01,,reviewed_yahoo_alias,EVT-20260114-MMC-MRSH-IDENTITY-CONTINUITY,SRC-20260114-MMC-MRSH-IDENTI-114F07582A,,,,,,,,,,False,reviewed_same_security_alias,https://www.corporate.marsh.com/news-events/2025/december/marsh-mclennan-to-change-nyse-symbol-to-mrsh.html,Existing approved one-for-one common-share relabel evidence supports the historical identity; acquisition separately records actual Yahoo availability.,approved,Shared live history extension. Historical membership retains its original ticker. No merger exchange ratio or acquirer series is substituted.
MAP-LIVE-YAHOO-PEAK-20230101-DOC,live,yahoo,PEAK,DOC,PEAK,2023-01-01,,reviewed_yahoo_alias,EVT-20240301-PEAK-DOC-IDENTITY-CONTINUITY,SRC-20240301-PEAK-DOC-IDENTI-8CC90A1ADA,,,,,,,,,,False,reviewed_same_security_alias,https://www.sec.gov/Archives/edgar/data/765880/000162828025003748/peak-20241231.htm,Existing approved one-for-one common-share relabel evidence supports the historical identity; acquisition separately records actual Yahoo availability.,approved,Shared live history extension. Historical membership retains its original ticker. No merger exchange ratio or acquirer series is substituted.
MAP-LIVE-YAHOO-PKI-20230101-RVTY,live,yahoo,PKI,RVTY,PKI,2023-01-01,,reviewed_yahoo_alias,EVT-20230516-PKI-RVTY-IDENTITY-CONTINUITY,SRC-20230516-PKI-RVTY-IDENTI-C4C92B4716,,,,,,,,,,False,reviewed_same_security_alias,https://www.sec.gov/Archives/edgar/data/31791/000003179124000004/R14.htm,Existing approved one-for-one common-share relabel evidence supports the historical identity; acquisition separately records actual Yahoo availability.,approved,Shared live history extension. Historical membership retains its original ticker. No merger exchange ratio or acquirer series is substituted.
MAP-LIVE-YAHOO-RE-20230101-EG,live,yahoo,RE,EG,RE,2023-01-01,,reviewed_yahoo_alias,EVT-20230710-RE-EG-IDENTITY-CONTINUITY,SRC-20230710-RE-EG-IDENTITY--CE963E0993,,,,,,,,,,False,reviewed_same_security_alias,https://www.sec.gov/Archives/edgar/data/1095073/000109507324000009/eg-20231231.htm,Existing approved one-for-one common-share relabel evidence supports the historical identity; acquisition separately records actual Yahoo availability.,approved,Shared live history extension. Historical membership retains its original ticker. No merger exchange ratio or acquirer series is substituted.
MAP-LIVE-YAHOO-FRC-20230101-FRCB,live,yahoo,FRC,FRCB,FRC,2023-01-01,,reviewed_yahoo_alias,EVT-20230503-FRC-FRCB-OTC-TRANSITION,SRC-20230503-FRC-FRCB-OTC-TR-FD36AAA699,,,,,,,,,,False,reviewed_same_security_alias,https://infomemo.theocc.com/infomemos?number=52352,Approved same-share continuity; saved Yahoo response separately proves January 2023 through May 2026 history.,approved,User approved 2026-09-25. Historical asset identity retained; effective-security shares queries retain the original symbol.
MAP-LIVE-YAHOO-EQR-20230101-VMRK,live,yahoo,EQR,VMRK,EQR,2023-01-01,2026-08-18,reviewed_yahoo_alias,EVT-20260818-EQR-VMRK-TICKER-CHANGE,SRC-20260818-EQR-VMRK-SEC-8K,,,,,,,,,,False,reviewed_same_security_alias,https://www.sec.gov/Archives/edgar/data/906107/000114036126033377/ef20080318_8k.htm,Approved same-share continuity; saved Yahoo response separately proves January 2023 through May 2026 history.,approved,User approved 2026-09-25. Historical asset identity retained; effective-security shares queries retain the original symbol.
