Event_ID,Effective_Date,Event_Type,Continuity_Class,Accounting_Status,Legacy_Event_Type,Review_Status,Summary
EVT-20150317-ACT-AGN-AGN-CASH-AND-STOCK,2015-03-17,cash_and_stock,predecessor_extinguished,executable,source_collision_split,approved,"Allergan shareholders received $129.22 cash plus 0.3683 Actavis shares per share. Actavis shares continued in the survivor, which subsequently adopted the Allergan name and AGN ticker."
EVT-20160115-ACE-CB-CB-CASH-AND-STOCK,2016-01-15,cash_and_stock,predecessor_extinguished,executable,source_collision_split,approved,ACE common shares continued in the survivor renamed Chubb and began trading as CB. Each old Chubb share received $62.93 cash plus 0.6019 ACE shares.
EVT-20160512-SNDK-WDC-CASH-AND-STOCK,2016-05-12,cash_and_stock,predecessor_extinguished,executable,effective_dated_identity,approved,Each SNDK share received $67.50 cash plus 0.2387 WDC shares and ceased outstanding.
EVT-20160528-CCE-CCEP-CASH-AND-STOCK,2016-05-28,cash_and_stock,predecessor_extinguished,executable,merger_or_successor,approved,Each CCE share converted into one CCEP share plus $14.50 cash.
EVT-20160906-JCI-TYC-JCI-CASH-AND-STOCK,2016-09-06,cash_and_stock,predecessor_extinguished,executable,source_collision_split,approved,Tyco shareholders underwent a 0.955-for-one consolidation and the survivor began trading as JCI. Old Johnson Controls holders received prorated cash and/or survivor shares; share recipients received $5.7293 plus 0.8357 shares.
EVT-20170116-FTI-FTI-STOCK-EXCHANGE,2017-01-16,stock_exchange,predecessor_extinguished,executable,effective_dated_identity,approved,Each legacy FMC Technologies share converted one-for-one into the new TechnipFMC issuer. The new TechnipFMC issuer began trading January 17; Technip shares converted two-for-one and legacy FTI shares one-for-one.
EVT-20170901-DD-DOW-DWDP-STOCK-EXCHANGE,2017-09-01,stock_exchange,predecessor_extinguished,executable,effective_dated_identity,approved,Legacy DuPont shares converted into DowDuPont shares; the later separation is represented by a separate dated row. Legacy Dow shares converted into DowDuPont shares; the later Dow distribution is represented separately.
EVT-20190102-KORS-CPRI-IDENTITY-CONTINUITY,2019-01-02,identity_continuity,same_security,executable,ticker_or_name_change,approved,The same common shares continued under the Capri name and CPRI ticker.
EVT-20190306-WIN-WINMQ-OTC-TRANSITION,2019-03-06,otc_transition,same_security,executable,otc_or_delisted_transition,approved,"Existing prepetition common shares moved to OTC as WINMQ and were canceled September 21, 2020."
EVT-20190319-FOX-FOXA-TFCF-TFCFA-FOX-FOXA-TFCF-TFCFA-STOCK-EXCHANGE,2019-03-19,stock_exchange,predecessor_extinguished,documented_not_executable,effective_dated_identity,approved,Old 21st Century Fox Class B shares were renamed TFCF while newly distributed Fox Class B shares assumed FOX. New Fox Class B shares were distributed under the FOX ticker; the old FOX shares became TFCF. Old 21st Century Fox Class A shares were renamed TFCFA while newly distributed Fox Class A shares assumed FOXA. New Fox Class A shares were distributed under FOXA; the old FOXA shares became TFCFA.
EVT-20190320-TFCF-FOX-CASH-AND-STOCK,2019-03-20,cash_and_stock,predecessor_extinguished,executable,,approved,The post-split old 21CF TFCF security was extinguished.
EVT-20190320-TFCFA-FOXA-CASH-AND-STOCK,2019-03-20,cash_and_stock,predecessor_extinguished,executable,,approved,The post-split old 21CF TFCFA security was extinguished.
EVT-20190402-DWDP-DOW-DISTRIBUTION,2019-04-02,distribution,predecessor_survives,executable,effective_dated_identity,approved,DowDuPont distributed one Dow share for every three DowDuPont shares.
EVT-20190603-DWDP-DD-STOCK-EXCHANGE,2019-06-03,stock_exchange,predecessor_extinguished,executable,effective_dated_identity,approved,DowDuPont completed a one-for-three reverse split and became DuPont under DD.
EVT-20190629-HRS-LHX-IDENTITY-CONTINUITY,2019-06-29,identity_continuity,same_security,executable,merger_or_successor,approved,Harris survived and became L3Harris; L3 holders received 1.30 L3Harris shares per share.
EVT-20190731-ESV-VAL-IDENTITY-CONTINUITY,2019-07-31,identity_continuity,same_security,executable,otc_or_delisted_transition,approved,"ESV first changed to VAL; those shares later moved to OTC as VALPQ on August 19, 2020 and were canceled April 30, 2021."
EVT-20190809-TMK-GL-IDENTITY-CONTINUITY,2019-08-09,identity_continuity,same_security,executable,ticker_or_name_change,approved,The same issuer and common shares continued under the Globe Life name and GL ticker.
EVT-20191018-BHGE-BKR-IDENTITY-CONTINUITY,2019-10-18,identity_continuity,same_security,executable,ticker_or_name_change,approved,Same issuer and common shares continued under the Baker Hughes name and BKR ticker.
EVT-20191105-HCP-PEAK-IDENTITY-CONTINUITY,2019-11-05,identity_continuity,same_security,executable,merger_or_successor,approved,The same issuer and common shares continued under the Healthpeak name and PEAK ticker.
EVT-20191105-SYMC-NLOK-IDENTITY-CONTINUITY,2019-11-05,identity_continuity,same_security,executable,merger_or_successor,approved,"After the enterprise-business sale, the remaining issuer became NortonLifeLock and its shares traded as NLOK."
EVT-20191204-CBS-VIAC-IDENTITY-CONTINUITY,2019-12-04,identity_continuity,same_security,executable,merger_or_successor,approved,CBS survived as ViacomCBS; each Viacom share converted into 0.59625 ViacomCBS Class B shares.
EVT-20191206-BBT-TFC-IDENTITY-CONTINUITY,2019-12-06,identity_continuity,same_security,executable,merger_or_successor,approved,BB&T survived and its shares remained outstanding; SunTrust shares converted at 1.295 Truist shares per share.
EVT-20191210-JEC-J-IDENTITY-CONTINUITY,2019-12-10,identity_continuity,same_security,executable,ticker_or_name_change,approved,The same Jacobs common shares continued under the J ticker.
EVT-20200229-GDI-IR-STOCK-EXCHANGE,2020-02-29,stock_exchange,predecessor_extinguished,documented_not_executable,effective_dated_identity,approved,Gardner Denver combined with the industrial segment and became the new Ingersoll Rand under IR.
EVT-20200229-IR-TT-IDENTITY-CONTINUITY,2020-02-29,identity_continuity,same_security,executable,effective_dated_identity,approved,The legacy Ingersoll Rand climate issuer became Trane Technologies and continued under TT.
EVT-20200401-ARNC-HWM-DISTRIBUTION,2020-04-01,distribution,predecessor_survives,executable,merger_or_successor,approved,Old Arconic became Howmet; holders retained those shares and received one Arconic Corporation share per four old Arconic shares.
EVT-20200403-UTX-RTX-DISTRIBUTION,2020-04-03,distribution,predecessor_survives,executable,merger_or_successor,approved,Carrier and Otis were separated; Raytheon holders received 2.3348 UTX shares and UTX became RTX.
EVT-20200428-DO-DOFSQ-OTC-TRANSITION,2020-04-28,otc_transition,same_security,executable,otc_or_delisted_transition,approved,"Existing prepetition common shares moved to OTC as DOFSQ and were canceled April 23, 2021."
EVT-20200429-FTR-FTRCQ-OTC-TRANSITION,2020-04-29,otc_transition,same_security,executable,otc_or_delisted_transition,approved,"Existing prepetition common shares moved to OTC as FTRCQ and were canceled April 30, 2021."
EVT-20200630-CHK-CHKAQ-OTC-TRANSITION,2020-06-30,otc_transition,same_security,executable,otc_or_delisted_transition,approved,"Existing prepetition common shares moved to OTC as CHKAQ and were canceled on February 9, 2021."
EVT-20200731-DNR-DNRCQ-OTC-TRANSITION,2020-07-31,otc_transition,same_security,executable,otc_or_delisted_transition,approved,"Existing prepetition common shares moved to OTC as DNRCQ and were canceled September 18, 2020."
EVT-20200804-NE-NEBLQ-OTC-TRANSITION,2020-08-04,otc_transition,same_security,executable,otc_or_delisted_transition,approved,"Existing prepetition common shares moved to OTC as NEBLQ and were canceled February 5, 2021."
EVT-20200918-CTL-LUMN-IDENTITY-CONTINUITY,2020-09-18,identity_continuity,same_security,executable,ticker_or_name_change,approved,Same issuer and common shares continued under the Lumen name and LUMN ticker.
EVT-20200918-DNRCQ-CANCELLATION,2020-09-18,cancellation,cancelled,executable,otc_or_delisted_transition,approved,"Existing prepetition common shares moved to OTC as DNRCQ and were canceled September 18, 2020."
EVT-20200921-WINMQ-CANCELLATION,2020-09-21,cancellation,cancelled,executable,otc_or_delisted_transition,approved,"Existing prepetition common shares moved to OTC as WINMQ and were canceled September 21, 2020."
EVT-20201013-MNK-MNKKQ-OTC-TRANSITION,2020-10-13,otc_transition,same_security,executable,otc_or_delisted_transition,approved,"Existing prepetition common shares moved to OTC as MNKKQ and were canceled June 16, 2022."
EVT-20201116-MYL-VTRS-STOCK-EXCHANGE,2020-11-16,stock_exchange,predecessor_extinguished,executable,merger_or_successor,approved,Each Mylan ordinary share converted one-for-one into Viatris common stock.
EVT-20210205-NEBLQ-CANCELLATION,2021-02-05,cancellation,cancelled,executable,otc_or_delisted_transition,approved,"Existing prepetition common shares moved to OTC as NEBLQ and were canceled February 5, 2021."
EVT-20210209-CHKAQ-CANCELLATION,2021-02-09,cancellation,cancelled,executable,otc_or_delisted_transition,approved,"Existing prepetition common shares moved to OTC as CHKAQ and were canceled on February 9, 2021."
EVT-20210217-WYND-TNL-IDENTITY-CONTINUITY,2021-02-17,identity_continuity,same_security,executable,ticker_or_name_change,approved,The same issuer and common shares continued under the Travel + Leisure name and TNL ticker.
EVT-20210423-DOFSQ-CANCELLATION,2021-04-23,cancellation,cancelled,executable,otc_or_delisted_transition,approved,"Existing prepetition common shares moved to OTC as DOFSQ and were canceled April 23, 2021."
EVT-20210430-FTRCQ-CANCELLATION,2021-04-30,cancellation,cancelled,executable,otc_or_delisted_transition,approved,"Existing prepetition common shares moved to OTC as FTRCQ and were canceled April 30, 2021."
EVT-20210803-LB-BBWI-DISTRIBUTION,2021-08-03,distribution,predecessor_survives,executable,merger_or_successor,approved,Victoria's Secret was distributed at one share per three LB shares; the remaining issuer became BBWI.
EVT-20211001-COG-CTRA-IDENTITY-CONTINUITY,2021-10-01,identity_continuity,same_security,executable,merger_or_successor,approved,Cabot survived and became Coterra; Cimarex holders received 4.0146 Coterra shares per share.
EVT-20220110-WLTW-WTW-IDENTITY-CONTINUITY,2022-01-10,identity_continuity,same_security,executable,ticker_or_name_change,approved,The same Willis Towers Watson shares and CUSIP continued under WTW.
EVT-20220217-VIAC-PARA-IDENTITY-CONTINUITY,2022-02-17,identity_continuity,same_security,executable,merger_or_successor,approved,The same ViacomCBS common shares continued under the Paramount name and PARA ticker.
EVT-20220228-INFO-SPGI-STOCK-EXCHANGE,2022-02-28,stock_exchange,predecessor_extinguished,executable,,approved,IHS Markit shares converted into S&P Global shares.
EVT-20220314-HFC-DINO-STOCK-EXCHANGE,2022-03-14,stock_exchange,predecessor_extinguished,executable,merger_or_successor,approved,Each HFC share converted one-for-one into HF Sinclair common stock; DINO trading began March 15.
EVT-20220401-PBCT-MTB-STOCK-EXCHANGE,2022-04-01,stock_exchange,predecessor_extinguished,executable,,approved,People's United Financial shares converted into M&T shares.
EVT-20220404-ADS-BFH-IDENTITY-CONTINUITY,2022-04-04,identity_continuity,same_security,executable,ticker_or_name_change,approved,Same legal entity and common shares; only the corporate name and NYSE ticker changed.
EVT-20220411-DISCA-WBD-STOCK-EXCHANGE,2022-04-11,stock_exchange,predecessor_extinguished,executable,merger_or_successor,approved,Each Discovery share was reclassified into the corresponding class of WBD share.
EVT-20220510-BLL-BALL-IDENTITY-CONTINUITY,2022-05-10,identity_continuity,same_security,executable,ticker_or_name_change,approved,Same Ball common shares continued under the expanded BALL ticker.
EVT-20220609-FB-META-IDENTITY-CONTINUITY,2022-06-09,identity_continuity,same_security,executable,ticker_or_name_change,approved,The same Class A common shares and CUSIP continued under the META ticker.
EVT-20220616-MNKKQ-CANCELLATION,2022-06-16,cancellation,cancelled,executable,otc_or_delisted_transition,approved,"Existing prepetition common shares moved to OTC as MNKKQ and were canceled June 16, 2022."
EVT-20220628-ANTM-ELV-IDENTITY-CONTINUITY,2022-06-28,identity_continuity,same_security,executable,ticker_or_name_change,approved,Same issuer and common shares continued under the Elevance Health name and ELV ticker.
EVT-20220826-ENDP-ENDPQ-OTC-TRANSITION,2022-08-26,otc_transition,same_security,executable,otc_or_delisted_transition,approved,"Existing prepetition common shares moved to OTC as ENDPQ and were canceled April 23, 2024."
EVT-20220930-CTXS-CASH-ACQUISITION,2022-09-30,cash_settlement,predecessor_extinguished,executable,,approved,Citrix Systems shares were acquired for $104 cash per share.
EVT-20221003-DRE-PLD-STOCK-EXCHANGE,2022-10-03,stock_exchange,predecessor_extinguished,executable,,approved,Duke Realty shares converted into Prologis shares.
EVT-20221027-TWTR-CASH-ACQUISITION,2022-10-27,cash_settlement,predecessor_extinguished,executable,,approved,Twitter shares were acquired for $54.20 cash per share.
EVT-20221108-NLOK-GEN-IDENTITY-CONTINUITY,2022-11-08,identity_continuity,same_security,executable,merger_or_successor,approved,The remaining issuer became Gen Digital and the same shares began trading as GEN after the Avast combination.
EVT-20221215-FBHS-FBIN-DISTRIBUTION,2022-12-15,distribution,predecessor_survives,executable,merger_or_successor,approved,MasterBrand was distributed one-for-one; the remaining issuer became Fortune Brands Innovations and began FBIN trading.
EVT-20230328-SIVB-SIVBQ-OTC-TRANSITION,2023-03-28,otc_transition,same_security,executable,otc_or_delisted_transition,approved,"Existing common shares were suspended and later quoted as SIVBQ before cancellation November 7, 2024."
EVT-20230503-BBBY-BBBYQ-OTC-TRANSITION,2023-05-03,otc_transition,same_security,executable,otc_or_delisted_transition,approved,Existing common shares were suspended on Nasdaq and quoted on OTC Pink as BBBYQ before later cancellation.
EVT-20230503-FRC-FRCB-OTC-TRANSITION,2023-05-03,otc_transition,same_security,executable,otc_or_delisted_transition,approved,The same 100-share deliverable and CUSIP 33616C100 continued under OTC symbol FRCB.
EVT-20230516-PKI-RVTY-IDENTITY-CONTINUITY,2023-05-16,identity_continuity,same_security,executable,ticker_or_name_change,approved,The same issuer and common shares continued under the Revvity name and RVTY ticker.
EVT-20230607-FISV-FI-IDENTITY-CONTINUITY,2023-06-07,identity_continuity,same_security,executable,ticker_or_name_change,approved,The same Fiserv common shares continued under the FI ticker.
EVT-20230710-RE-EG-IDENTITY-CONTINUITY,2023-07-10,identity_continuity,same_security,executable,ticker_or_name_change,approved,The same Everest common shares continued under the EG ticker.
EVT-20230830-ABC-COR-IDENTITY-CONTINUITY,2023-08-30,identity_continuity,same_security,executable,ticker_or_name_change,approved,Same issuer and common shares continued under the new name or ticker; no share exchange ratio applied.
EVT-20240201-CDAY-DAY-IDENTITY-CONTINUITY,2024-02-01,identity_continuity,same_security,executable,ticker_or_name_change,approved,Same legal entity and holder rights continued under the Dayforce name and DAY ticker.
EVT-20240301-PEAK-DOC-IDENTITY-CONTINUITY,2024-03-01,identity_continuity,same_security,executable,merger_or_successor,approved,Physicians Realty holders received 0.674 Healthpeak shares; surviving Healthpeak began DOC trading March 4.
EVT-20240325-FLT-CPAY-IDENTITY-CONTINUITY,2024-03-25,identity_continuity,same_security,executable,ticker_or_name_change,approved,The same issuer and common shares continued under the Corpay name and CPAY ticker.
EVT-20240423-ENDPQ-CANCELLATION,2024-04-23,cancellation,cancelled,executable,otc_or_delisted_transition,approved,"Existing prepetition common shares moved to OTC as ENDPQ and were canceled April 23, 2024."
EVT-20240822-GPS-GAP-IDENTITY-CONTINUITY,2024-08-22,identity_continuity,same_security,executable,ticker_or_name_change,approved,The same Gap common shares continued under the GAP ticker.
EVT-20241107-SIVBQ-CANCELLATION,2024-11-07,cancellation,cancelled,executable,otc_or_delisted_transition,approved,"Existing common shares were suspended and later quoted as SIVBQ before cancellation November 7, 2024."
EVT-20250718-HES-CVX-STOCK-EXCHANGE,2025-07-18,stock_exchange,predecessor_extinguished,executable,merger_or_successor,approved,Each outstanding Hess common share converted into 1.025 Chevron common shares when the merger closed.
EVT-20250807-PARA-PSKY-STOCK-EXCHANGE,2025-08-07,stock_exchange,predecessor_extinguished,executable,merger_or_successor,approved,Each Paramount Class B share for which no election was made remained outstanding as one Paramount Skydance Class B share under PSKY.
EVT-20260114-MMC-MRSH-IDENTITY-CONTINUITY,2026-01-14,identity_continuity,same_security,executable,ticker_or_name_change,approved,"The same issuer, legal name, common shares, and CUSIP continued under MRSH."
EVT-20260204-DAY-CASH-ACQUISITION,2026-02-04,cash_settlement,predecessor_extinguished,executable,,approved,Dayforce was acquired for $70 cash per share.
EVT-20260407-HOLX-CASH-CVR-ACQUISITION,2026-04-07,cash_settlement,predecessor_extinguished,executable,,approved,Hologic was acquired for $76 cash plus one non-tradable CVR per share.
EVT-20260507-CTRA-DVN-STOCK-EXCHANGE,2026-05-07,stock_exchange,predecessor_extinguished,executable,,approved,Coterra was acquired by Devon and CTRA shares converted to DVN.
EVT-20260521-BK-BNY-TICKER-CHANGE,2026-05-21,identity_continuity,same_security,executable,,approved,BNY common stock changed its NYSE ticker from BK to BNY.
EVT-20260624-SATS-ECHO-TICKER-CHANGE,2026-06-24,identity_continuity,same_security,executable,,approved,EchoStar common stock changed its Nasdaq ticker from SATS to ECHO.
EVT-20140430-BEAM-CASH-ACQUISITION,2014-04-30,cash_settlement,predecessor_extinguished,executable,merger_or_successor,approved,Each Beam common share converted into the right to receive $83.50 cash when the Suntory acquisition closed.
EVT-20140506-LSI-CASH-ACQUISITION,2014-05-06,cash_settlement,predecessor_extinguished,executable,merger_or_successor,approved,Each LSI Corporation share converted into $11.15 cash when Avago completed the acquisition.
EVT-20140701-FRX-ACT-CASH-AND-STOCK,2014-07-01,cash_and_stock,predecessor_extinguished,executable,merger_or_successor,approved,Forest holders making no election received the standard consideration of $26.04 cash plus 0.3306 Actavis ordinary shares per Forest share.
EVT-20151211-CMCSK-CMCSA-IDENTITY-CONTINUITY,2015-12-11,identity_continuity,same_security,executable,ticker_or_name_change,approved,Each Comcast Class A Special share was reclassified one-for-one into a Comcast Class A share with no change in economic equity interest.
EVT-20160129-PCP-CASH-ACQUISITION,2016-01-29,cash_settlement,predecessor_extinguished,executable,merger_or_successor,approved,Each Precision Castparts common share converted into the right to receive $235.00 cash when the Berkshire acquisition closed.
EVT-20140501-SLM-NAVI-DISTRIBUTION,2014-05-01,distribution,predecessor_survives,executable,merger_or_successor,approved,SLM completed the one-for-one Navient distribution after the April 30 close; May 1 is the accounting-effective date that settles it once across the April-May valuation boundary.
EVT-20240401-MMM-SOLV-DISTRIBUTION,2024-04-01,distribution,predecessor_survives,executable,merger_or_successor,approved,Each 3M shareholder retained the continuing 3M interest and received one Solventum share for every four 3M shares at the April 1 distribution.
EVT-20240927-J-AMTM-DISTRIBUTION,2024-09-27,distribution,predecessor_survives,executable,merger_or_successor,approved,Each Jacobs shareholder retained the continuing Jacobs interest and received one Amentum share for every Jacobs share when the distribution and merger completed September 27.
EVT-20250221-WDC-SNDK-DISTRIBUTION,2025-02-21,distribution,predecessor_survives,executable,merger_or_successor,approved,Each Western Digital shareholder retained the continuing WDC interest and received one-third of a new Sandisk share when the separation completed February 21.
EVT-20251030-HON-SOLS-DISTRIBUTION,2025-10-30,distribution,predecessor_survives,executable,merger_or_successor,approved,Each Honeywell shareholder retained the continuing Honeywell interest and received one Solstice share for every four Honeywell shares when the distribution completed October 30.
EVT-20160201-BRCM-AVGO-CASH-AND-STOCK,2016-02-01,cash_and_stock,predecessor_extinguished,executable,merger_or_successor,approved,Each no-election Broadcom share was deemed cash-electing and received the final proration of approximately $51.4829 cash plus 0.0242 legal Broadcom Limited shares; the executable Reuters-normalized stock quantity is 0.242.
EVT-20250828-WBA-CASH-DAP-ACQUISITION,2025-08-28,cash_settlement,predecessor_extinguished,executable,merger_or_successor,approved,Each WBA share converted into $11.45 cash plus one nontransferable DAP right capped at $3.00; the canonical primary right value is conservatively zero through the backtest endpoint.
EVT-20260818-EQR-VMRK-TICKER-CHANGE,2026-08-18,identity_continuity,same_security,executable,,approved,Equity Residential common shares continue as Vivmark common shares; certificates remain valid without exchange. NYSE ticker changes to VMRK on 2026-08-18.
EVT-20250717-ANSS-SNPS-CASH-AND-STOCK,2025-07-17,cash_and_stock,predecessor_extinguished,executable,merger_or_successor,approved,Each ANSS share converted on 2025-07-17 into USD 199.91 plus 0.3399 SNPS shares.
EVT-20250518-DFS-COF-STOCK-EXCHANGE,2025-05-18,stock_exchange,predecessor_extinguished,executable,merger_or_successor,approved,Each DFS share converted on 2025-05-18 into 1.0192 COF shares.
EVT-20251126-IPG-OMC-STOCK-EXCHANGE,2025-11-26,stock_exchange,predecessor_extinguished,executable,merger_or_successor,approved,Each IPG share converted on 2025-11-26 into 0.344 OMC shares.
EVT-20250702-JNPR-CASH-SETTLEMENT,2025-07-02,cash_settlement,predecessor_extinguished,executable,merger_or_successor,approved,Each JNPR share converted on 2025-07-02 into USD 40.
EVT-20251211-K-CASH-SETTLEMENT,2025-12-11,cash_settlement,predecessor_extinguished,executable,merger_or_successor,approved,Each K share converted on 2025-12-11 into USD 83.50.
