Event_Leg_ID,Event_ID,Source_ID,Leg_Sequence,From_Ticker,To_Ticker,Leg_Type,Share_Ratio,Executable_Share_Ratio,Normalization_Denominator,Normalization_Provider,Normalization_Provider_Symbol,Normalization_Treatment_Date,Normalization_Source_ID,Cash_Amount,Currency,CVR_Units,CVR_Base_Value_Per_Unit,CVR_Max_Value_Per_Unit,Retain_Predecessor,Tradable,Terms_Text,Review_Status,Notes
LEG-20150317-ACT-AGN-AGN-CAS-01-ACT-RELABEL,EVT-20150317-ACT-AGN-AGN-CASH-AND-STOCK,SRC-20150317-ACT-AGN-AGN-CAS-B44854D262,1,ACT,AGN,relabel,1,,,,,,,,,,,,False,True,"Actavis shares continued in the survivor, which subsequently adopted the Allergan name and AGN ticker.",approved,
LEG-20150317-ACT-AGN-AGN-CAS-02-AGN-STOCK,EVT-20150317-ACT-AGN-AGN-CASH-AND-STOCK,SRC-20150317-ACT-AGN-AGN-CAS-8467B82392,2,AGN,AGN,stock,0.3683,,,,,,,,,,,,False,True,Allergan shareholders received $129.22 cash plus 0.3683 Actavis shares per share.,approved,
LEG-20150317-ACT-AGN-AGN-CAS-03-AGN-CASH,EVT-20150317-ACT-AGN-AGN-CASH-AND-STOCK,SRC-20150317-ACT-AGN-AGN-CAS-8467B82392,3,AGN,,cash,,,,,,,,129.22,USD,,,,False,False,Allergan shareholders received $129.22 cash plus 0.3683 Actavis shares per share.,approved,
LEG-20160115-ACE-CB-CB-CASH--01-ACE-RELABEL,EVT-20160115-ACE-CB-CB-CASH-AND-STOCK,SRC-20160115-ACE-CB-CB-CASH--8FE06B0664,1,ACE,CB,relabel,1,,,,,,,,,,,,False,True,ACE common shares continued in the survivor renamed Chubb and began trading as CB.,approved,
LEG-20160115-ACE-CB-CB-CASH--02-CB-STOCK,EVT-20160115-ACE-CB-CB-CASH-AND-STOCK,SRC-20160115-ACE-CB-CB-CASH--601C30311C,2,CB,CB,stock,0.6019,,,,,,,,,,,,False,True,Each old Chubb share received $62.93 cash plus 0.6019 ACE shares.,approved,
LEG-20160115-ACE-CB-CB-CASH--03-CB-CASH,EVT-20160115-ACE-CB-CB-CASH-AND-STOCK,SRC-20160115-ACE-CB-CB-CASH--601C30311C,3,CB,,cash,,,,,,,,62.93,USD,,,,False,False,Each old Chubb share received $62.93 cash plus 0.6019 ACE shares.,approved,
LEG-20160512-SNDK-WDC-CASH-A-01-SNDK-STOCK,EVT-20160512-SNDK-WDC-CASH-AND-STOCK,SRC-20160512-SNDK-WDC-CASH-A-C5DE65029E,1,SNDK,WDC,stock,0.2387,,,,,,,,,,,,False,True,Each SNDK share received $67.50 cash plus 0.2387 WDC shares and ceased outstanding.,approved,
LEG-20160512-SNDK-WDC-CASH-A-02-SNDK-CASH,EVT-20160512-SNDK-WDC-CASH-AND-STOCK,SRC-20160512-SNDK-WDC-CASH-A-C5DE65029E,2,SNDK,,cash,,,,,,,,67.50,USD,,,,False,False,Each SNDK share received $67.50 cash plus 0.2387 WDC shares and ceased outstanding.,approved,
LEG-20160528-CCE-CCEP-CASH-A-01-CCE-STOCK,EVT-20160528-CCE-CCEP-CASH-AND-STOCK,SRC-20160528-CCE-CCEP-CASH-A-506CDFB436,1,CCE,CCEP,stock,1,,,,,,,,,,,,False,True,Each CCE share converted into one CCEP share plus $14.50 cash.,approved,
LEG-20160528-CCE-CCEP-CASH-A-02-CCE-CASH,EVT-20160528-CCE-CCEP-CASH-AND-STOCK,SRC-20160528-CCE-CCEP-CASH-A-506CDFB436,2,CCE,,cash,,,,,,,,14.50,USD,,,,False,False,Each CCE share converted into one CCEP share plus $14.50 cash.,approved,
LEG-20160906-JCI-TYC-JCI-CAS-01-TYC-STOCK,EVT-20160906-JCI-TYC-JCI-CASH-AND-STOCK,SRC-20160906-JCI-TYC-JCI-CAS-11563DE0B3,1,TYC,JCI,stock,0.955,,,,,,,,,,,,False,True,Tyco shareholders underwent a 0.955-for-one consolidation and the survivor began trading as JCI.,approved,
LEG-20160906-JCI-TYC-JCI-CAS-02-JCI-STOCK,EVT-20160906-JCI-TYC-JCI-CASH-AND-STOCK,SRC-20160906-JCI-TYC-JCI-CAS-11563DE0B3,2,JCI,JCI,stock,0.8357,,,,,,,,,,,,False,True,Old Johnson Controls holders received prorated cash and/or survivor shares; share recipients received $5.7293 plus 0.8357 shares.,approved,
LEG-20160906-JCI-TYC-JCI-CAS-03-JCI-CASH,EVT-20160906-JCI-TYC-JCI-CASH-AND-STOCK,SRC-20160906-JCI-TYC-JCI-CAS-11563DE0B3,3,JCI,,cash,,,,,,,,5.7293,USD,,,,False,False,Old Johnson Controls holders received prorated cash and/or survivor shares; share recipients received $5.7293 plus 0.8357 shares.,approved,Applies the official no-election treatment used by the systematic backtest.
LEG-20170116-FTI-FTI-STOCK-E-01-FTI-STOCK,EVT-20170116-FTI-FTI-STOCK-EXCHANGE,SRC-20170116-FTI-FTI-STOCK-E-BAC22E7BE9,1,FTI,FTI,stock,1,,,,,,,,,,,,False,True,Each legacy FMC Technologies share converted one-for-one into the new TechnipFMC issuer.,approved,
LEG-20170901-DD-DOW-DWDP-STO-01-DD-STOCK,EVT-20170901-DD-DOW-DWDP-STOCK-EXCHANGE,SRC-20170901-DD-DOW-DWDP-STO-8BA3462AF9,1,DD,DWDP,stock,1.282,,,,,,,,,,,,False,True,Legacy DuPont shares converted into DowDuPont shares; the later separation is represented by a separate dated row. Official closing ratio: 1.282 DWDP shares per old DD share.,approved,
LEG-20170901-DD-DOW-DWDP-STO-02-DOW-STOCK,EVT-20170901-DD-DOW-DWDP-STOCK-EXCHANGE,SRC-20170901-DD-DOW-DWDP-STO-8BA3462AF9,2,DOW,DWDP,stock,1,,,,,,,,,,,,False,True,Legacy Dow shares converted into DowDuPont shares; the later Dow distribution is represented separately. Official closing ratio: one DWDP share per old DOW share.,approved,
LEG-20190102-KORS-CPRI-IDENT-01-KORS-RELABEL,EVT-20190102-KORS-CPRI-IDENTITY-CONTINUITY,SRC-20190102-KORS-CPRI-IDENT-2709CFB24F,1,KORS,CPRI,relabel,1,,,,,,,,,,,,False,True,The same common shares continued under the Capri name and CPRI ticker.,approved,
LEG-20190306-WIN-WINMQ-OTC-T-01-WIN-RELABEL,EVT-20190306-WIN-WINMQ-OTC-TRANSITION,SRC-20190306-WIN-WINMQ-OTC-T-4289462AD8,1,WIN,WINMQ,relabel,1,,,,,,,,,,,,False,True,"Existing prepetition common shares moved to OTC as WINMQ and were canceled September 21, 2020.",approved,
LEG-20190320-TFCF-FOX-CASH-A-01-TFCF-STOCK,EVT-20190320-TFCF-FOX-CASH-AND-STOCK,SRC-20190320-TFCF-FOX-CASH-A-73BF75B419,1,TFCF,FOX,stock,1/3,,,,,,,,,,,,False,True,Each original pre-distribution TFCF share received one-third of a FOX share plus a $38 cash-equivalent acquisition value.,approved,
LEG-20190320-TFCF-FOX-CASH-A-02-TFCF-CASH,EVT-20190320-TFCF-FOX-CASH-AND-STOCK,SRC-20190320-TFCF-FOX-CASH-A-73BF75B419,2,TFCF,,cash,,,,,,,,38,USD,,,,False,False,Each original pre-distribution TFCF share received one-third of a FOX share plus a $38 cash-equivalent acquisition value.,approved,
LEG-20190320-TFCFA-FOXA-CASH-01-TFCFA-STOCK,EVT-20190320-TFCFA-FOXA-CASH-AND-STOCK,SRC-20190320-TFCFA-FOXA-CASH-A1ACC9F3AC,1,TFCFA,FOXA,stock,1/3,,,,,,,,,,,,False,True,Each original pre-distribution TFCFA share received one-third of a FOXA share plus a $38 cash-equivalent acquisition value.,approved,
LEG-20190320-TFCFA-FOXA-CASH-02-TFCFA-CASH,EVT-20190320-TFCFA-FOXA-CASH-AND-STOCK,SRC-20190320-TFCFA-FOXA-CASH-A1ACC9F3AC,2,TFCFA,,cash,,,,,,,,38,USD,,,,False,False,Each original pre-distribution TFCFA share received one-third of a FOXA share plus a $38 cash-equivalent acquisition value.,approved,
LEG-20190402-DWDP-DOW-DISTRI-01-DWDP-DISTRIBUTION,EVT-20190402-DWDP-DOW-DISTRIBUTION,SRC-20190402-DWDP-DOW-DISTRI-0E5209596B,1,DWDP,DOW,distribution,1/3,,,,,,,,,,,,True,True,DowDuPont distributed one Dow share for every three DowDuPont shares.,approved,
LEG-20190603-DWDP-DD-STOCK-E-01-DWDP-STOCK,EVT-20190603-DWDP-DD-STOCK-EXCHANGE,SRC-20190603-DWDP-DD-STOCK-E-BFFC3F80DB,1,DWDP,DD,stock,1/3,,,,,,,,,,,,False,True,DowDuPont completed a one-for-three reverse split and became DuPont under DD.,approved,
LEG-20190629-HRS-LHX-IDENTIT-01-HRS-RELABEL,EVT-20190629-HRS-LHX-IDENTITY-CONTINUITY,SRC-20190629-HRS-LHX-IDENTIT-3B8D735CCD,1,HRS,LHX,relabel,1,,,,,,,,,,,,False,True,Harris survived and became L3Harris; L3 holders received 1.30 L3Harris shares per share.,approved,
LEG-20190731-ESV-VAL-IDENTIT-01-ESV-RELABEL,EVT-20190731-ESV-VAL-IDENTITY-CONTINUITY,SRC-20190731-ESV-VAL-IDENTIT-1CCF88EC75,1,ESV,VAL,relabel,1,,,,,,,,,,,,False,True,"ESV first changed to VAL; those shares later moved to OTC as VALPQ on August 19, 2020 and were canceled April 30, 2021.",approved,
LEG-20190809-TMK-GL-IDENTITY-01-TMK-RELABEL,EVT-20190809-TMK-GL-IDENTITY-CONTINUITY,SRC-20190809-TMK-GL-IDENTITY-D0B99DE0DD,1,TMK,GL,relabel,1,,,,,,,,,,,,False,True,The same issuer and common shares continued under the Globe Life name and GL ticker.,approved,
LEG-20191018-BHGE-BKR-IDENTI-01-BHGE-RELABEL,EVT-20191018-BHGE-BKR-IDENTITY-CONTINUITY,SRC-20191018-BHGE-BKR-IDENTI-83E62E9C61,1,BHGE,BKR,relabel,1,,,,,,,,,,,,False,True,Same issuer and common shares continued under the Baker Hughes name and BKR ticker.,approved,
LEG-20191105-HCP-PEAK-IDENTI-01-HCP-RELABEL,EVT-20191105-HCP-PEAK-IDENTITY-CONTINUITY,SRC-20191105-HCP-PEAK-IDENTI-DC9B141FD4,1,HCP,PEAK,relabel,1,,,,,,,,,,,,False,True,The same issuer and common shares continued under the Healthpeak name and PEAK ticker.,approved,
LEG-20191105-SYMC-NLOK-IDENT-01-SYMC-RELABEL,EVT-20191105-SYMC-NLOK-IDENTITY-CONTINUITY,SRC-20191105-SYMC-NLOK-IDENT-3508B3E179,1,SYMC,NLOK,relabel,1,,,,,,,,,,,,False,True,"After the enterprise-business sale, the remaining issuer became NortonLifeLock and its shares traded as NLOK.",approved,
LEG-20191204-CBS-VIAC-IDENTI-01-CBS-RELABEL,EVT-20191204-CBS-VIAC-IDENTITY-CONTINUITY,SRC-20191204-CBS-VIAC-IDENTI-98D9A44452,1,CBS,VIAC,relabel,1,,,,,,,,,,,,False,True,CBS survived as ViacomCBS; each Viacom share converted into 0.59625 ViacomCBS Class B shares.,approved,
LEG-20191206-BBT-TFC-IDENTIT-01-BBT-RELABEL,EVT-20191206-BBT-TFC-IDENTITY-CONTINUITY,SRC-20191206-BBT-TFC-IDENTIT-C20C74B458,1,BBT,TFC,relabel,1,,,,,,,,,,,,False,True,BB&T survived and its shares remained outstanding; SunTrust shares converted at 1.295 Truist shares per share.,approved,
LEG-20191210-JEC-J-IDENTITY--01-JEC-RELABEL,EVT-20191210-JEC-J-IDENTITY-CONTINUITY,SRC-20191210-JEC-J-IDENTITY--D7797CCE73,1,JEC,J,relabel,1,,,,,,,,,,,,False,True,The same Jacobs common shares continued under the J ticker.,approved,
LEG-20200229-IR-TT-IDENTITY--01-IR-RELABEL,EVT-20200229-IR-TT-IDENTITY-CONTINUITY,SRC-20200229-IR-TT-IDENTITY--CF38B83471,1,IR,TT,relabel,1,,,,,,,,,,,,False,True,The legacy Ingersoll Rand climate issuer became Trane Technologies and continued under TT.,approved,
LEG-20200401-ARNC-HWM-DISTRI-01-ARNC-DISTRIBUTION,EVT-20200401-ARNC-HWM-DISTRIBUTION,SRC-20200401-ARNC-HWM-DISTRI-1590BE9475,1,ARNC,ARNC,distribution,1/4,,,,,,,,,,,,False,True,Old Arconic became Howmet; holders retained those shares and received one Arconic Corporation share per four old Arconic shares.,approved,
LEG-20200401-ARNC-HWM-DISTRI-02-ARNC-RELABEL,EVT-20200401-ARNC-HWM-DISTRIBUTION,SRC-20200401-ARNC-HWM-DISTRI-1590BE9475,2,ARNC,HWM,relabel,1,,,,,,,,,,,,False,True,Old Arconic became Howmet; holders retained those shares and received one Arconic Corporation share per four old Arconic shares.,approved,
LEG-20200403-UTX-RTX-DISTRIB-01-UTX-DISTRIBUTION,EVT-20200403-UTX-RTX-DISTRIBUTION,SRC-20200403-UTX-RTX-DISTRIB-32054F05E4,1,UTX,CARR,distribution,1,,,,,,,,,,,,False,True,Carrier and Otis were separated; Raytheon holders received 2.3348 UTX shares and UTX became RTX. Each UTX share received one Carrier share.,approved,
LEG-20200403-UTX-RTX-DISTRIB-02-UTX-DISTRIBUTION,EVT-20200403-UTX-RTX-DISTRIBUTION,SRC-20200403-UTX-RTX-DISTRIB-32054F05E4,2,UTX,OTIS,distribution,0.5,,,,,,,,,,,,False,True,Carrier and Otis were separated; Raytheon holders received 2.3348 UTX shares and UTX became RTX. Each UTX share received one-half Otis share.,approved,
LEG-20200403-UTX-RTX-DISTRIB-03-UTX-RELABEL,EVT-20200403-UTX-RTX-DISTRIBUTION,SRC-20200403-UTX-RTX-DISTRIB-32054F05E4,3,UTX,RTX,relabel,1,,,,,,,,,,,,False,True,Carrier and Otis were separated; Raytheon holders received 2.3348 UTX shares and UTX became RTX. The continuing UTX share was renamed RTX.,approved,
LEG-20200428-DO-DOFSQ-OTC-TR-01-DO-RELABEL,EVT-20200428-DO-DOFSQ-OTC-TRANSITION,SRC-20200428-DO-DOFSQ-OTC-TR-E750877075,1,DO,DOFSQ,relabel,1,,,,,,,,,,,,False,True,"Existing prepetition common shares moved to OTC as DOFSQ and were canceled April 23, 2021.",approved,
LEG-20200429-FTR-FTRCQ-OTC-T-01-FTR-RELABEL,EVT-20200429-FTR-FTRCQ-OTC-TRANSITION,SRC-20200429-FTR-FTRCQ-OTC-T-141E706083,1,FTR,FTRCQ,relabel,1,,,,,,,,,,,,False,True,"Existing prepetition common shares moved to OTC as FTRCQ and were canceled April 30, 2021.",approved,
LEG-20200630-CHK-CHKAQ-OTC-T-01-CHK-RELABEL,EVT-20200630-CHK-CHKAQ-OTC-TRANSITION,SRC-20200630-CHK-CHKAQ-OTC-T-54C84D24FB,1,CHK,CHKAQ,relabel,1,,,,,,,,,,,,False,True,"Existing prepetition common shares moved to OTC as CHKAQ and were canceled on February 9, 2021.",approved,
LEG-20200731-DNR-DNRCQ-OTC-T-01-DNR-RELABEL,EVT-20200731-DNR-DNRCQ-OTC-TRANSITION,SRC-20200731-DNR-DNRCQ-OTC-T-2D618E8B2D,1,DNR,DNRCQ,relabel,1,,,,,,,,,,,,False,True,"Existing prepetition common shares moved to OTC as DNRCQ and were canceled September 18, 2020.",approved,
LEG-20200804-NE-NEBLQ-OTC-TR-01-NE-RELABEL,EVT-20200804-NE-NEBLQ-OTC-TRANSITION,SRC-20200804-NE-NEBLQ-OTC-TR-C873B2DE7A,1,NE,NEBLQ,relabel,1,,,,,,,,,,,,False,True,"Existing prepetition common shares moved to OTC as NEBLQ and were canceled February 5, 2021.",approved,
LEG-20200918-CTL-LUMN-IDENTI-01-CTL-RELABEL,EVT-20200918-CTL-LUMN-IDENTITY-CONTINUITY,SRC-20200918-CTL-LUMN-IDENTI-02A3E12982,1,CTL,LUMN,relabel,1,,,,,,,,,,,,False,True,Same issuer and common shares continued under the Lumen name and LUMN ticker.,approved,
LEG-20200918-DNRCQ-CANCELLAT-01-DNRCQ-CANCELLATION,EVT-20200918-DNRCQ-CANCELLATION,SRC-20200918-DNRCQ-CANCELLAT-552DF2E8C7,1,DNRCQ,,cancellation,,,,,,,,,,,,,False,False,"Existing prepetition common shares moved to OTC as DNRCQ and were canceled September 18, 2020.",approved,
LEG-20200921-WINMQ-CANCELLAT-01-WINMQ-CANCELLATION,EVT-20200921-WINMQ-CANCELLATION,SRC-20200921-WINMQ-CANCELLAT-BE52DB1E78,1,WINMQ,,cancellation,,,,,,,,,,,,,False,False,"Existing prepetition common shares moved to OTC as WINMQ and were canceled September 21, 2020.",approved,
LEG-20201013-MNK-MNKKQ-OTC-T-01-MNK-RELABEL,EVT-20201013-MNK-MNKKQ-OTC-TRANSITION,SRC-20201013-MNK-MNKKQ-OTC-T-D6959D9779,1,MNK,MNKKQ,relabel,1,,,,,,,,,,,,False,True,"Existing prepetition common shares moved to OTC as MNKKQ and were canceled June 16, 2022.",approved,
LEG-20201116-MYL-VTRS-STOCK--01-MYL-STOCK,EVT-20201116-MYL-VTRS-STOCK-EXCHANGE,SRC-20201116-MYL-VTRS-STOCK--F9CEF5F259,1,MYL,VTRS,stock,1,,,,,,,,,,,,False,True,Each Mylan ordinary share converted one-for-one into Viatris common stock.,approved,
LEG-20210205-NEBLQ-CANCELLAT-01-NEBLQ-CANCELLATION,EVT-20210205-NEBLQ-CANCELLATION,SRC-20210205-NEBLQ-CANCELLAT-A25A508763,1,NEBLQ,,cancellation,,,,,,,,,,,,,False,False,"Existing prepetition common shares moved to OTC as NEBLQ and were canceled February 5, 2021.",approved,
LEG-20210209-CHKAQ-CANCELLAT-01-CHKAQ-CANCELLATION,EVT-20210209-CHKAQ-CANCELLATION,SRC-20210209-CHKAQ-CANCELLAT-EDD72E52BA,1,CHKAQ,,cancellation,,,,,,,,,,,,,False,False,"Existing prepetition common shares moved to OTC as CHKAQ and were canceled on February 9, 2021.",approved,
LEG-20210217-WYND-TNL-IDENTI-01-WYND-RELABEL,EVT-20210217-WYND-TNL-IDENTITY-CONTINUITY,SRC-20210217-WYND-TNL-IDENTI-042778F1EC,1,WYND,TNL,relabel,1,,,,,,,,,,,,False,True,The same issuer and common shares continued under the Travel + Leisure name and TNL ticker.,approved,
LEG-20210423-DOFSQ-CANCELLAT-01-DOFSQ-CANCELLATION,EVT-20210423-DOFSQ-CANCELLATION,SRC-20210423-DOFSQ-CANCELLAT-5DBF601B35,1,DOFSQ,,cancellation,,,,,,,,,,,,,False,False,"Existing prepetition common shares moved to OTC as DOFSQ and were canceled April 23, 2021.",approved,
LEG-20210430-FTRCQ-CANCELLAT-01-FTRCQ-CANCELLATION,EVT-20210430-FTRCQ-CANCELLATION,SRC-20210430-FTRCQ-CANCELLAT-B8320F181D,1,FTRCQ,,cancellation,,,,,,,,,,,,,False,False,"Existing prepetition common shares moved to OTC as FTRCQ and were canceled April 30, 2021.",approved,
LEG-20210803-LB-BBWI-DISTRIB-01-LB-DISTRIBUTION,EVT-20210803-LB-BBWI-DISTRIBUTION,SRC-20210803-LB-BBWI-DISTRIB-00D1F2F083,1,LB,VSCO,distribution,1/3,,,,,,,,,,,,False,True,Victoria's Secret was distributed at one share per three LB shares; the remaining issuer became BBWI.,approved,
LEG-20210803-LB-BBWI-DISTRIB-02-LB-RELABEL,EVT-20210803-LB-BBWI-DISTRIBUTION,SRC-20210803-LB-BBWI-DISTRIB-00D1F2F083,2,LB,BBWI,relabel,1,,,,,,,,,,,,False,True,Victoria's Secret was distributed at one share per three LB shares; the remaining issuer became BBWI.,approved,
LEG-20211001-COG-CTRA-IDENTI-01-COG-RELABEL,EVT-20211001-COG-CTRA-IDENTITY-CONTINUITY,SRC-20211001-COG-CTRA-IDENTI-FB8517E5AC,1,COG,CTRA,relabel,1,,,,,,,,,,,,False,True,Cabot survived and became Coterra; Cimarex holders received 4.0146 Coterra shares per share.,approved,
LEG-20220110-WLTW-WTW-IDENTI-01-WLTW-RELABEL,EVT-20220110-WLTW-WTW-IDENTITY-CONTINUITY,SRC-20220110-WLTW-WTW-IDENTI-61BF00B3B4,1,WLTW,WTW,relabel,1,,,,,,,,,,,,False,True,The same Willis Towers Watson shares and CUSIP continued under WTW.,approved,
LEG-20220217-VIAC-PARA-IDENT-01-VIAC-RELABEL,EVT-20220217-VIAC-PARA-IDENTITY-CONTINUITY,SRC-20220217-VIAC-PARA-IDENT-5F2932285C,1,VIAC,PARA,relabel,1,,,,,,,,,,,,False,True,The same ViacomCBS common shares continued under the Paramount name and PARA ticker.,approved,
LEG-20220228-INFO-SPGI-STOCK-01-INFO-STOCK,EVT-20220228-INFO-SPGI-STOCK-EXCHANGE,SRC-20220228-INFO-SPGI-STOCK-C6C1E9CC63,1,INFO,SPGI,stock,0.2838,,,,,,,,,,,,False,True,"Each INFO share converted into exactly 0.2838 SPGI shares when IHS Markit was acquired before market open on February 28, 2022.",approved,Cash in lieu of fractional shares is documented but is not fabricated by the exact-share accounting model.
LEG-20220314-HFC-DINO-STOCK--01-HFC-STOCK,EVT-20220314-HFC-DINO-STOCK-EXCHANGE,SRC-20220314-HFC-DINO-STOCK--B8F143DD6B,1,HFC,DINO,stock,1,,,,,,,,,,,,False,True,Each HFC share converted one-for-one into HF Sinclair common stock; DINO trading began March 15.,approved,
LEG-20220401-PBCT-MTB-STOCK--01-PBCT-STOCK,EVT-20220401-PBCT-MTB-STOCK-EXCHANGE,SRC-20220401-PBCT-MTB-STOCK--2916AAF3C5,1,PBCT,MTB,stock,0.118,,,,,,,,,,,,False,True,"Each PBCT share converted into exactly 0.118 MTB shares when People's United Financial merged into M&T on April 1, 2022.",approved,Cash in lieu of fractional shares is documented but is not fabricated by the exact-share accounting model.
LEG-20220404-ADS-BFH-IDENTIT-01-ADS-RELABEL,EVT-20220404-ADS-BFH-IDENTITY-CONTINUITY,SRC-20220404-ADS-BFH-IDENTIT-AEB5A99F3C,1,ADS,BFH,relabel,1,,,,,,,,,,,,False,True,Same legal entity and common shares; only the corporate name and NYSE ticker changed.,approved,
LEG-20220411-DISCA-WBD-STOCK-01-DISCA-STOCK,EVT-20220411-DISCA-WBD-STOCK-EXCHANGE,SRC-20220411-DISCA-WBD-STOCK-7D6D7A3BF6,1,DISCA,WBD,stock,1,,,,,,,,,,,,False,True,Each Discovery share was reclassified into the corresponding class of WBD share.,approved,
LEG-20220510-BLL-BALL-IDENTI-01-BLL-RELABEL,EVT-20220510-BLL-BALL-IDENTITY-CONTINUITY,SRC-20220510-BLL-BALL-IDENTI-6B87CEA6CD,1,BLL,BALL,relabel,1,,,,,,,,,,,,False,True,Same Ball common shares continued under the expanded BALL ticker.,approved,
LEG-20220609-FB-META-IDENTIT-01-FB-RELABEL,EVT-20220609-FB-META-IDENTITY-CONTINUITY,SRC-20220609-FB-META-IDENTIT-44BD8BC22A,1,FB,META,relabel,1,,,,,,,,,,,,False,True,The same Class A common shares and CUSIP continued under the META ticker.,approved,
LEG-20220616-MNKKQ-CANCELLAT-01-MNKKQ-CANCELLATION,EVT-20220616-MNKKQ-CANCELLATION,SRC-20220616-MNKKQ-CANCELLAT-8B3168FFA9,1,MNKKQ,,cancellation,,,,,,,,,,,,,False,False,"Existing prepetition common shares moved to OTC as MNKKQ and were canceled June 16, 2022.",approved,
LEG-20220628-ANTM-ELV-IDENTI-01-ANTM-RELABEL,EVT-20220628-ANTM-ELV-IDENTITY-CONTINUITY,SRC-20220628-ANTM-ELV-IDENTI-7C90F83E03,1,ANTM,ELV,relabel,1,,,,,,,,,,,,False,True,Same issuer and common shares continued under the Elevance Health name and ELV ticker.,approved,
LEG-20220826-ENDP-ENDPQ-OTC--01-ENDP-RELABEL,EVT-20220826-ENDP-ENDPQ-OTC-TRANSITION,SRC-20220826-ENDP-ENDPQ-OTC--A60BA6001F,1,ENDP,ENDPQ,relabel,1,,,,,,,,,,,,False,True,"Existing prepetition common shares moved to OTC as ENDPQ and were canceled April 23, 2024.",approved,
LEG-20220930-CTXS-CASH-ACQUI-01-CTXS-CASH,EVT-20220930-CTXS-CASH-ACQUISITION,SRC-20220930-CTXS-CASH-ACQUI-53F80C14EF,1,CTXS,,cash,,,,,,,,104,USD,,,,False,False,"Each CTXS share was cancelled and converted into the right to receive $104 cash when the acquisition closed on September 30, 2022.",approved,
LEG-20221003-DRE-PLD-STOCK-E-01-DRE-STOCK,EVT-20221003-DRE-PLD-STOCK-EXCHANGE,SRC-20221003-DRE-PLD-STOCK-E-D473383C6A,1,DRE,PLD,stock,0.475,,,,,,,,,,,,False,True,"Each DRE share converted into exactly 0.475 PLD shares when Duke Realty merged into Prologis on October 3, 2022.",approved,Cash in lieu of fractional shares is documented but is not fabricated by the exact-share accounting model.
LEG-20221027-TWTR-CASH-ACQUI-01-TWTR-CASH,EVT-20221027-TWTR-CASH-ACQUISITION,SRC-20221027-TWTR-CASH-ACQUI-FA98A0CB59,1,TWTR,,cash,,,,,,,,54.20,USD,,,,False,False,"Each TWTR share was cancelled and converted into the right to receive $54.20 cash when the acquisition closed on October 27, 2022.",approved,
LEG-20221108-NLOK-GEN-IDENTI-01-NLOK-RELABEL,EVT-20221108-NLOK-GEN-IDENTITY-CONTINUITY,SRC-20221108-NLOK-GEN-IDENTI-56369A4BEB,1,NLOK,GEN,relabel,1,,,,,,,,,,,,False,True,The remaining issuer became Gen Digital and the same shares began trading as GEN after the Avast combination.,approved,
LEG-20221215-FBHS-FBIN-DISTR-01-FBHS-DISTRIBUTION,EVT-20221215-FBHS-FBIN-DISTRIBUTION,SRC-20221215-FBHS-FBIN-DISTR-FFD0BDE9E0,1,FBHS,MBC,distribution,1,,,,,,,,,,,,False,True,MasterBrand was distributed one-for-one; the remaining issuer became Fortune Brands Innovations and began FBIN trading.,approved,
LEG-20221215-FBHS-FBIN-DISTR-02-FBHS-RELABEL,EVT-20221215-FBHS-FBIN-DISTRIBUTION,SRC-20221215-FBHS-FBIN-DISTR-FFD0BDE9E0,2,FBHS,FBIN,relabel,1,,,,,,,,,,,,False,True,MasterBrand was distributed one-for-one; the remaining issuer became Fortune Brands Innovations and began FBIN trading.,approved,
LEG-20230328-SIVB-SIVBQ-OTC--01-SIVB-RELABEL,EVT-20230328-SIVB-SIVBQ-OTC-TRANSITION,SRC-20230328-SIVB-SIVBQ-OTC--9DCECC41B1,1,SIVB,SIVBQ,relabel,1,,,,,,,,,,,,False,True,"Existing common shares were suspended and later quoted as SIVBQ before cancellation November 7, 2024.",approved,
LEG-20230503-BBBY-BBBYQ-OTC--01-BBBY-RELABEL,EVT-20230503-BBBY-BBBYQ-OTC-TRANSITION,SRC-20230503-BBBY-BBBYQ-OTC--AA9B7AEC65,1,BBBY,BBBYQ,relabel,1,,,,,,,,,,,,False,True,Existing common shares were suspended on Nasdaq and quoted on OTC Pink as BBBYQ before later cancellation.,approved,
LEG-20230503-FRC-FRCB-OTC-TR-01-FRC-RELABEL,EVT-20230503-FRC-FRCB-OTC-TRANSITION,SRC-20230503-FRC-FRCB-OTC-TR-FD36AAA699,1,FRC,FRCB,relabel,1,,,,,,,,,,,,False,True,The same 100-share deliverable and CUSIP 33616C100 continued under OTC symbol FRCB.,approved,
LEG-20230516-PKI-RVTY-IDENTI-01-PKI-RELABEL,EVT-20230516-PKI-RVTY-IDENTITY-CONTINUITY,SRC-20230516-PKI-RVTY-IDENTI-C4C92B4716,1,PKI,RVTY,relabel,1,,,,,,,,,,,,False,True,The same issuer and common shares continued under the Revvity name and RVTY ticker.,approved,
LEG-20230607-FISV-FI-IDENTIT-01-FISV-RELABEL,EVT-20230607-FISV-FI-IDENTITY-CONTINUITY,SRC-20230607-FISV-FI-IDENTIT-21B0C4CFBC,1,FISV,FI,relabel,1,,,,,,,,,,,,False,True,The same Fiserv common shares continued under the FI ticker.,approved,
LEG-20230710-RE-EG-IDENTITY--01-RE-RELABEL,EVT-20230710-RE-EG-IDENTITY-CONTINUITY,SRC-20230710-RE-EG-IDENTITY--CE963E0993,1,RE,EG,relabel,1,,,,,,,,,,,,False,True,The same Everest common shares continued under the EG ticker.,approved,
LEG-20230830-ABC-COR-IDENTIT-01-ABC-RELABEL,EVT-20230830-ABC-COR-IDENTITY-CONTINUITY,SRC-20230830-ABC-COR-IDENTIT-9AC06E179C,1,ABC,COR,relabel,1,,,,,,,,,,,,False,True,Same issuer and common shares continued under the new name or ticker; no share exchange ratio applied.,approved,
LEG-20240201-CDAY-DAY-IDENTI-01-CDAY-RELABEL,EVT-20240201-CDAY-DAY-IDENTITY-CONTINUITY,SRC-20240201-CDAY-DAY-IDENTI-69903F856D,1,CDAY,DAY,relabel,1,,,,,,,,,,,,False,True,Same legal entity and holder rights continued under the Dayforce name and DAY ticker.,approved,
LEG-20240301-PEAK-DOC-IDENTI-01-PEAK-RELABEL,EVT-20240301-PEAK-DOC-IDENTITY-CONTINUITY,SRC-20240301-PEAK-DOC-IDENTI-8CC90A1ADA,1,PEAK,DOC,relabel,1,,,,,,,,,,,,False,True,Physicians Realty holders received 0.674 Healthpeak shares; surviving Healthpeak began DOC trading March 4.,approved,
LEG-20240325-FLT-CPAY-IDENTI-01-FLT-RELABEL,EVT-20240325-FLT-CPAY-IDENTITY-CONTINUITY,SRC-20240325-FLT-CPAY-IDENTI-9ED4865BBC,1,FLT,CPAY,relabel,1,,,,,,,,,,,,False,True,The same issuer and common shares continued under the Corpay name and CPAY ticker.,approved,
LEG-20240423-ENDPQ-CANCELLAT-01-ENDPQ-CANCELLATION,EVT-20240423-ENDPQ-CANCELLATION,SRC-20240423-ENDPQ-CANCELLAT-4FEF01201C,1,ENDPQ,,cancellation,,,,,,,,,,,,,False,False,"Existing prepetition common shares moved to OTC as ENDPQ and were canceled April 23, 2024.",approved,
LEG-20240822-GPS-GAP-IDENTIT-01-GPS-RELABEL,EVT-20240822-GPS-GAP-IDENTITY-CONTINUITY,SRC-20240822-GPS-GAP-IDENTIT-F8EF22B0D2,1,GPS,GAP,relabel,1,,,,,,,,,,,,False,True,The same Gap common shares continued under the GAP ticker.,approved,
LEG-20241107-SIVBQ-CANCELLAT-01-SIVBQ-CANCELLATION,EVT-20241107-SIVBQ-CANCELLATION,SRC-20241107-SIVBQ-CANCELLAT-E5EC98E808,1,SIVBQ,,cancellation,,,,,,,,,,,,,False,False,"Existing common shares were suspended and later quoted as SIVBQ before cancellation November 7, 2024.",approved,
LEG-20250718-HES-CVX-STOCK--01-HES-STOCK,EVT-20250718-HES-CVX-STOCK-EXCHANGE,SRC-20250718-HES-CVX-STOCK--3B81411534,1,HES,CVX,stock,1.025,,,,,,,,,,,,False,True,"Each outstanding Hess common share converted into 1.025 Chevron common shares when the merger closed on July 18, 2025.",approved,Fractional cash-in-lieu is documented but not fabricated by the accounting model.
LEG-20260114-MMC-MRSH-IDENTI-01-MMC-RELABEL,EVT-20260114-MMC-MRSH-IDENTITY-CONTINUITY,SRC-20260114-MMC-MRSH-IDENTI-114F07582A,1,MMC,MRSH,relabel,1,,,,,,,,,,,,False,True,"The same issuer, legal name, common shares, and CUSIP continued under MRSH.",approved,
LEG-20260204-DAY-CASH-ACQUIS-01-DAY-CASH,EVT-20260204-DAY-CASH-ACQUISITION,SRC-20260204-DAY-CASH-ACQUIS-C1533CB3F0,1,DAY,,cash,,,,,,,,70,USD,,,,False,False,"Each DAY share converted into $70 cash when the acquisition closed and DAY ceased trading on February 4, 2026.",approved,
LEG-20260407-HOLX-CASH-CVR-A-01-HOLX-CASH,EVT-20260407-HOLX-CASH-CVR-ACQUISITION,SRC-20260407-HOLX-CASH-CVR-A-2BF75A3C94,1,HOLX,,cash,,,,,,,,76,USD,,,,False,False,"Each HOLX share converted into $76 cash when the acquisition closed on April 7, 2026.",approved,
LEG-20260407-HOLX-CASH-CVR-A-02-HOLX-CVR,EVT-20260407-HOLX-CASH-CVR-ACQUISITION,SRC-20260407-HOLX-CASH-CVR-A-1D432DC26C,2,HOLX,HOLX-CVR,cvr,,,,,,,,,USD,1,0,3,False,False,Each HOLX share also received one non-tradable CVR with zero base value and contractual payments capped at $3 per CVR.,approved,
LEG-20260507-CTRA-DVN-STOCK--01-CTRA-STOCK,EVT-20260507-CTRA-DVN-STOCK-EXCHANGE,SRC-20260507-CTRA-DVN-STOCK--54569D78F3,1,CTRA,DVN,stock,0.70,,,,,,,,,,,,False,True,"Each CTRA share converted into exactly 0.70 DVN shares when CTRA ceased trading before market open on May 7, 2026.",approved,Fractional cash-in-lieu is documented but not fabricated by the accounting model.
LEG-20260521-BK-BNY-TICKER-C-01-BK-RELABEL,EVT-20260521-BK-BNY-TICKER-CHANGE,SRC-20260521-BK-BNY-TICKER-C-02912D301B,1,BK,BNY,relabel,1,,,,,,,,,,,,False,True,"The same BNY common stock continued from ticker BK to BNY; the legal name, CUSIP, and shareholder rights did not change.",approved,
LEG-20260624-SATS-ECHO-TICKE-01-SATS-RELABEL,EVT-20260624-SATS-ECHO-TICKER-CHANGE,SRC-20260624-SATS-ECHO-TICKE-7FFE9471C6,1,SATS,ECHO,relabel,1,,,,,,,,,,,,False,True,"The same EchoStar common stock continued from ticker SATS to ECHO; the CUSIP, legal name, capital structure, and securityholder rights did not change.",approved,
LEG-20140430-BEAM-CASH-01,EVT-20140430-BEAM-CASH-ACQUISITION,SRC-20140430-BEAM-CASH-PRIMARY,1,BEAM,,cash,,,,,,,,83.50,USD,,,,False,False,Each Beam common share converted into the right to receive $83.50 cash when the acquisition closed on April 30 2014.,approved,
LEG-20140506-LSI-CASH-01,EVT-20140506-LSI-CASH-ACQUISITION,SRC-20140506-LSI-CASH-PRIMARY,1,LSI,,cash,,,,,,,,11.15,USD,,,,False,False,Each LSI Corporation share converted into $11.15 cash when Avago completed the acquisition on May 6 2014.,approved,
LEG-20140701-FRX-ACT-STOCK-01,EVT-20140701-FRX-ACT-CASH-AND-STOCK,SRC-20140701-FRX-ACT-PRIMARY,1,FRX,ACT,stock,0.3306,,,,,,,,,,,,False,True,Forest holders making no election were deemed to elect the standard consideration and received 0.3306 Actavis ordinary shares per Forest share.,approved,Fractional cash-in-lieu is documented but not fabricated by the accounting model.
LEG-20140701-FRX-ACT-CASH-02,EVT-20140701-FRX-ACT-CASH-AND-STOCK,SRC-20140701-FRX-ACT-PRIMARY,2,FRX,,cash,,,,,,,,26.04,USD,,,,False,False,Forest holders making no election were deemed to elect the standard consideration and received $26.04 cash per Forest share.,approved,
LEG-20151211-CMCSK-CMCSA-RELABEL-01,EVT-20151211-CMCSK-CMCSA-IDENTITY-CONTINUITY,SRC-20151211-CMCSK-CMCSA-PRIMARY,1,CMCSK,CMCSA,relabel,1,,,,,,,,,,,,False,True,Each Comcast Class A Special share was reclassified one-for-one into a Comcast Class A share with no change in economic equity interest.,approved,
LEG-20160129-PCP-CASH-01,EVT-20160129-PCP-CASH-ACQUISITION,SRC-20160129-PCP-CASH-PRIMARY,1,PCP,,cash,,,,,,,,235.00,USD,,,,False,False,Each Precision Castparts common share converted into the right to receive $235.00 cash without interest on January 29 2016.,approved,
LEG-20250807-PARA-PSKY-STOCK-01,EVT-20250807-PARA-PSKY-STOCK-EXCHANGE,SRC-20250807-PARA-PSKY-STOCK-17E9F43203,1,PARA,PSKY,stock,1,,,,,,,,,,,,False,True,Each Paramount Class B share for which neither a cash nor stock election was made remained issued and outstanding as one Paramount Skydance Class B share.,approved,The systematic holder uses the source-backed no-election stock treatment; cash-election proration is inapplicable.
LEG-20140501-SLM-NAVI-PARENT-01,EVT-20140501-SLM-NAVI-DISTRIBUTION,SRC-20140501-SLM-NAVI-PRIMARY,1,SLM,SLM,relabel,1,500/1399,2.798,yahoo,SLM,2014-05-01,SRC-20140501-SLM-NAVI-YAHOO-NORMALIZATION,,,,,,False,True,One legal SLM share continued as one SLM share after the Navient separation.,approved,The executable ratio is stated in the provider-normalized units validated by the supplemental source.
LEG-20140501-SLM-NAVI-CHILD-02,EVT-20140501-SLM-NAVI-DISTRIBUTION,SRC-20140501-SLM-NAVI-PRIMARY,2,SLM,NAVI,distribution,1,500/1399,2.798,yahoo,SLM,2014-05-01,SRC-20140501-SLM-NAVI-YAHOO-NORMALIZATION,,,,,,False,True,Each legal SLM share received one Navient share in the distribution completed after the April 30 close.,approved,May 1 is used as the accounting-effective date so the event settles exactly once across the April-May boundary.
LEG-20240401-MMM-SOLV-PARENT-01,EVT-20240401-MMM-SOLV-DISTRIBUTION,SRC-20240401-MMM-SOLV-PRIMARY,1,MMM,MMM,relabel,1,250/299,1.196,yahoo,MMM,2024-04-01,SRC-20240401-MMM-SOLV-YAHOO-NORMALIZATION,,,,,,False,True,One legal 3M share continued as one 3M share after the Solventum distribution.,approved,The executable ratio is stated in the provider-normalized units validated by the supplemental source.
LEG-20240401-MMM-SOLV-CHILD-02,EVT-20240401-MMM-SOLV-DISTRIBUTION,SRC-20240401-MMM-SOLV-PRIMARY,2,MMM,SOLV,distribution,1/4,125/598,1.196,yahoo,MMM,2024-04-01,SRC-20240401-MMM-SOLV-YAHOO-NORMALIZATION,,,,,,False,True,Each legal 3M share received one-quarter of a Solventum share at 03:30 Eastern Time on April 1 2024.,approved,Fractional cash-in-lieu is documented but not fabricated by the accounting model.
LEG-20240927-J-AMTM-PARENT-01,EVT-20240927-J-AMTM-DISTRIBUTION,SRC-20240927-J-AMTM-PRIMARY,1,J,J,relabel,1,1000/1197,1.197,yahoo,J,2024-09-30,SRC-20240927-J-AMTM-YAHOO-NORMALIZATION,,,,,,False,True,One legal Jacobs share continued as one Jacobs share after the Amentum distribution and merger.,approved,The executable ratio is stated in the provider-normalized units validated by the supplemental source.
LEG-20240927-J-AMTM-CHILD-02,EVT-20240927-J-AMTM-DISTRIBUTION,SRC-20240927-J-AMTM-PRIMARY,2,J,AMTM,distribution,1,1000/1197,1.197,yahoo,J,2024-09-30,SRC-20240927-J-AMTM-YAHOO-NORMALIZATION,,,,,,False,True,Each legal Jacobs share received one Amentum share when the distribution completed September 27 2024.,approved,Regular-way AMTM trading began September 30; the legal event date is not replaced by the when-issued date.
LEG-20250221-WDC-SNDK-PARENT-01,EVT-20250221-WDC-SNDK-DISTRIBUTION,SRC-20250221-WDC-SNDK-PRIMARY,1,WDC,WDC,relabel,1,1000/1323,1.323,yahoo,WDC,2025-02-24,SRC-20250221-WDC-SNDK-YAHOO-NORMALIZATION,,,,,,False,True,One legal Western Digital share continued as one Western Digital share after the Sandisk separation.,approved,The executable ratio is stated in the provider-normalized units validated by the supplemental source.
LEG-20250221-WDC-SNDK-CHILD-02,EVT-20250221-WDC-SNDK-DISTRIBUTION,SRC-20250221-WDC-SNDK-PRIMARY,2,WDC,SNDK,distribution,1/3,1000/3969,1.323,yahoo,WDC,2025-02-24,SRC-20250221-WDC-SNDK-YAHOO-NORMALIZATION,,,,,,False,True,Each legal Western Digital share received one-third of a new Sandisk share when the separation completed February 21 2025.,approved,The mandatory off-universe child is liquidated at the first causal executable price rather than treated as selectable.
LEG-20251030-HON-SOLS-PARENT-01,EVT-20251030-HON-SOLS-DISTRIBUTION,SRC-20251030-HON-SOLS-PRIMARY,1,HON,HON,relabel,1,1000/1061,1.061,yahoo,HON,2025-10-30,SRC-20251030-HON-SOLS-YAHOO-NORMALIZATION,,,,,,False,True,One legal Honeywell share continued as one Honeywell share after the Solstice distribution.,approved,The executable ratio is stated in the provider-normalized units validated by the supplemental source.
LEG-20251030-HON-SOLS-CHILD-02,EVT-20251030-HON-SOLS-DISTRIBUTION,SRC-20251030-HON-SOLS-PRIMARY,2,HON,SOLS,distribution,1/4,250/1061,1.061,yahoo,HON,2025-10-30,SRC-20251030-HON-SOLS-YAHOO-NORMALIZATION,,,,,,False,True,Each legal Honeywell share received one-quarter of a Solstice share when the distribution completed October 30 2025.,approved,Fractional cash-in-lieu is documented but not fabricated by the accounting model.
LEG-20160201-BRCM-AVGO-STOCK-01,EVT-20160201-BRCM-AVGO-CASH-AND-STOCK,SRC-20160201-BRCM-AVGO-PRIMARY,1,BRCM,AVGO,stock,0.0242,0.242,0.1,reuters,AVGO.O,2024-07-12,SRC-20240712-AVGO-TEN-FOR-ONE,,,,,,False,True,Cash-electing Broadcom holders received approximately 0.0242 legal Broadcom Limited shares; the executable ratio is 0.242 in the supplied Reuters AVGO history after its retroactive ten-for-one split normalization.,approved,Legal ratio 0.0242 divided by the split-normalization denominator 0.1 equals 0.242 Reuters-normalized shares; fractional cash-in-lieu is not fabricated.
LEG-20160201-BRCM-AVGO-CASH-02,EVT-20160201-BRCM-AVGO-CASH-AND-STOCK,SRC-20160201-BRCM-AVGO-PRIMARY,2,BRCM,,cash,,,,,,,,51.4829,USD,,,,False,False,Cash-electing Broadcom holders received approximately $51.4829 cash per BRCM share after final proration.,approved,The source explicitly describes $51.4829 as approximate; the backtest uses the disclosed four-decimal amount and does not claim greater precision.
LEG-20250828-WBA-CASH-01,EVT-20250828-WBA-CASH-DAP-ACQUISITION,SRC-20250828-WBA-DAP-PRIMARY,1,WBA,,cash,,,,,,,,11.45,USD,,,,False,False,Each WBA share converted into $11.45 cash when the Sycamore acquisition closed on August 28 2025.,approved,
LEG-20250828-WBA-DAP-02,EVT-20250828-WBA-CASH-DAP-ACQUISITION,SRC-20250828-WBA-DAP-PRIMARY,2,WBA,WBA-DAP,cvr,,,,,,,,,USD,1,0,3,False,False,Each WBA share received one nontransferable DAP right with a contractual cash-payment cap of $3.00.,approved,Zero is the conservative primary backtest mark through January 2026 and is not a factual claim that the right had no economic value; terminal sensitivity spans $0.00 to $3.00.
LEG-20260818-EQR-VMRK-RELABEL,EVT-20260818-EQR-VMRK-TICKER-CHANGE,SRC-20260818-EQR-VMRK-SEC-8K,1,EQR,VMRK,relabel,1,,,,,,,,,,,,False,True,Equity Residential common shares continue as Vivmark common shares; certificates remain valid without exchange. NYSE ticker changes to VMRK on 2026-08-18.,approved,EQR continuity only; AVB is a distinct 2.793-share conversion and is not an alias.
LEG-20250717-ANSS-01-CASH,EVT-20250717-ANSS-SNPS-CASH-AND-STOCK,SRC-20250717-ANSS-PRIMARY,1,ANSS,,cash,,,,,,,,199.91,USD,,,,False,False,Each ANSS share converted on 2025-07-17 into USD 199.91 plus 0.3399 SNPS shares.,approved,
LEG-20250717-ANSS-02-STOCK,EVT-20250717-ANSS-SNPS-CASH-AND-STOCK,SRC-20250717-ANSS-PRIMARY,2,ANSS,SNPS,stock,0.3399,,,,,,,,,,,,False,True,Each ANSS share converted on 2025-07-17 into USD 199.91 plus 0.3399 SNPS shares.,approved,
LEG-20250518-DFS-01-STOCK,EVT-20250518-DFS-COF-STOCK-EXCHANGE,SRC-20250518-DFS-PRIMARY,1,DFS,COF,stock,1.0192,,,,,,,,,,,,False,True,Each DFS share converted on 2025-05-18 into 1.0192 COF shares.,approved,
LEG-20251126-IPG-01-STOCK,EVT-20251126-IPG-OMC-STOCK-EXCHANGE,SRC-20251126-IPG-PRIMARY,1,IPG,OMC,stock,0.344,,,,,,,,,,,,False,True,Each IPG share converted on 2025-11-26 into 0.344 OMC shares.,approved,
LEG-20250702-JNPR-01-CASH,EVT-20250702-JNPR-CASH-SETTLEMENT,SRC-20250702-JNPR-PRIMARY,1,JNPR,,cash,,,,,,,,40,USD,,,,False,False,Each JNPR share converted on 2025-07-02 into USD 40.,approved,
LEG-20251211-K-01-CASH,EVT-20251211-K-CASH-SETTLEMENT,SRC-20251211-K-PRIMARY,1,K,,cash,,,,,,,,83.50,USD,,,,False,False,Each K share converted on 2025-12-11 into USD 83.50.,approved,
