Source_ID,Event_ID,Source_Role,Publisher,Document_Date,Source_URL,Evidence_Claim,Review_Status
SRC-20150317-ACT-AGN-AGN-CAS-8467B82392,EVT-20150317-ACT-AGN-AGN-CASH-AND-STOCK,primary,U.S. Securities and Exchange Commission,,https://www.sec.gov/Archives/edgar/data/1578845/000119312514415382/d822207d8k.htm,Allergan shareholders received $129.22 cash plus 0.3683 Actavis shares per share.,approved
SRC-20150317-ACT-AGN-AGN-CAS-B44854D262,EVT-20150317-ACT-AGN-AGN-CASH-AND-STOCK,primary,U.S. Securities and Exchange Commission,,https://www.sec.gov/Archives/edgar/data/1578845/000119312514415382/d822207d8k.htm,"Actavis shares continued in the survivor, which subsequently adopted the Allergan name and AGN ticker.",approved
SRC-20160115-ACE-CB-CB-CASH--601C30311C,EVT-20160115-ACE-CB-CB-CASH-AND-STOCK,primary,U.S. Securities and Exchange Commission,,https://www.sec.gov/Archives/edgar/data/896159/000119312516430900/d113231d8k.htm,Each old Chubb share received $62.93 cash plus 0.6019 ACE shares.,approved
SRC-20160115-ACE-CB-CB-CASH--8FE06B0664,EVT-20160115-ACE-CB-CB-CASH-AND-STOCK,primary,U.S. Securities and Exchange Commission,,https://www.sec.gov/Archives/edgar/data/896159/000119312516430900/d113231d8k.htm,ACE common shares continued in the survivor renamed Chubb and began trading as CB.,approved
SRC-20160512-SNDK-WDC-CASH-A-C5DE65029E,EVT-20160512-SNDK-WDC-CASH-AND-STOCK,primary,U.S. Securities and Exchange Commission,,https://www.sec.gov/Archives/edgar/data/1000180/000119312516588394/d194408d8k.htm,Each SNDK share received $67.50 cash plus 0.2387 WDC shares and ceased outstanding.,approved
SRC-20160528-CCE-CCEP-CASH-A-506CDFB436,EVT-20160528-CCE-CCEP-CASH-AND-STOCK,primary,U.S. Securities and Exchange Commission,,https://www.sec.gov/Archives/edgar/data/1650107/000165010717000030/a2016ccepannualfinancialre.htm,Each CCE share converted into one CCEP share plus $14.50 cash.,approved
SRC-20160906-JCI-TYC-JCI-CAS-11563DE0B3,EVT-20160906-JCI-TYC-JCI-CASH-AND-STOCK,supplemental,U.S. Securities and Exchange Commission,2016-09-06,https://www.sec.gov/Archives/edgar/data/53669/000110465916143072/a16-17944_18k.htm,Tyco holders received 0.955 survivor shares per share; old Johnson Controls holders making no valid cash election received $5.7293 cash plus 0.8357 survivor shares per share.,approved
SRC-20160906-JCI-TYC-JCI-CAS-2928D4D055,EVT-20160906-JCI-TYC-JCI-CASH-AND-STOCK,primary,U.S. Securities and Exchange Commission,2016-09-06,https://www.sec.gov/Archives/edgar/data/53669/000110465916143072/a16-17944_18k.htm,Old Johnson Controls holders received prorated cash and/or survivor shares; share recipients received $5.7293 plus 0.8357 shares.,approved
SRC-20160906-JCI-TYC-JCI-CAS-4A524B6229,EVT-20160906-JCI-TYC-JCI-CASH-AND-STOCK,primary,U.S. Securities and Exchange Commission,2016-09-06,https://www.sec.gov/Archives/edgar/data/53669/000110465916143072/a16-17944_18k.htm,Tyco shareholders underwent a 0.955-for-one consolidation and the survivor began trading as JCI.,approved
SRC-20170116-FTI-FTI-STOCK-E-760315F4FD,EVT-20170116-FTI-FTI-STOCK-EXCHANGE,primary,U.S. Securities and Exchange Commission,,https://www.sec.gov/Archives/edgar/data/1681459/000168145918000113/technipfmc2018930-10q.htm,Each legacy FMC Technologies share converted one-for-one into the new TechnipFMC issuer.,approved
SRC-20170116-FTI-FTI-STOCK-E-9F87154252,EVT-20170116-FTI-FTI-STOCK-EXCHANGE,primary,U.S. Securities and Exchange Commission,,https://www.sec.gov/Archives/edgar/data/1681459/000168145918000113/technipfmc2018930-10q.htm,The new TechnipFMC issuer began trading January 17; Technip shares converted two-for-one and legacy FTI shares one-for-one.,approved
SRC-20170116-FTI-FTI-STOCK-E-BAC22E7BE9,EVT-20170116-FTI-FTI-STOCK-EXCHANGE,supplemental,TechnipFMC,2017-01-16,https://www.technipfmc.com/en/investors/financial-news-releases/press-release/fmc-technologies-and-technip-to-combine/,Each legacy FMC Technologies share converted into one new TechnipFMC share.,approved
SRC-20170901-DD-DOW-DWDP-STO-5EDF7EDDD9,EVT-20170901-DD-DOW-DWDP-STOCK-EXCHANGE,primary,U.S. Securities and Exchange Commission,,https://www.sec.gov/Archives/edgar/data/1666700/000119312519163322/d715311dex991.htm,Legacy DuPont shares converted into DowDuPont shares; the later separation is represented by a separate dated row.,approved
SRC-20170901-DD-DOW-DWDP-STO-8BA3462AF9,EVT-20170901-DD-DOW-DWDP-STOCK-EXCHANGE,supplemental,DuPont,2017-09-01,https://www.investors.dupont.com/news-and-media/press-release-details/2017/DowDuPont-Merger-Successfully-Completed/default.aspx,Old DuPont shareholders received 1.282 DowDuPont shares per share and old Dow shareholders received one DowDuPont share per share.,approved
SRC-20170901-DD-DOW-DWDP-STO-8E0BE3C532,EVT-20170901-DD-DOW-DWDP-STOCK-EXCHANGE,primary,U.S. Securities and Exchange Commission,,https://www.sec.gov/Archives/edgar/data/1666700/000119312519163322/d715311dex991.htm,Legacy Dow shares converted into DowDuPont shares; the later Dow distribution is represented separately.,approved
SRC-20190102-KORS-CPRI-IDENT-2709CFB24F,EVT-20190102-KORS-CPRI-IDENTITY-CONTINUITY,primary,U.S. Securities and Exchange Commission,,https://www.sec.gov/Archives/edgar/data/1530721/000119312518362322/d653406dex991.htm,The same common shares continued under the Capri name and CPRI ticker.,approved
SRC-20190306-WIN-WINMQ-OTC-T-4289462AD8,EVT-20190306-WIN-WINMQ-OTC-TRANSITION,primary,U.S. Securities and Exchange Commission,,https://www.sec.gov/Archives/edgar/data/1282266/000128226619000019/a201810k.htm,"Existing prepetition common shares moved to OTC as WINMQ and were canceled September 21, 2020.",approved
SRC-20190319-FOX-FOXA-TFCF-T-30DF0691ED,EVT-20190319-FOX-FOXA-TFCF-TFCFA-FOX-FOXA-TFCF-TFCFA-STOCK-EXCHANGE,primary,U.S. Securities and Exchange Commission,,https://www.sec.gov/Archives/edgar/data/1308161/000119312519079034/d721340d8k.htm,Old 21st Century Fox Class B shares were renamed TFCF while newly distributed Fox Class B shares assumed FOX.,approved
SRC-20190319-FOX-FOXA-TFCF-T-3F3CB9FD4D,EVT-20190319-FOX-FOXA-TFCF-TFCFA-FOX-FOXA-TFCF-TFCFA-STOCK-EXCHANGE,primary,U.S. Securities and Exchange Commission,,https://www.sec.gov/Archives/edgar/data/1308161/000119312519079034/d721340d8k.htm,Old 21st Century Fox Class A shares were renamed TFCFA while newly distributed Fox Class A shares assumed FOXA.,approved
SRC-20190319-FOX-FOXA-TFCF-T-B6966E2129,EVT-20190319-FOX-FOXA-TFCF-TFCFA-FOX-FOXA-TFCF-TFCFA-STOCK-EXCHANGE,primary,U.S. Securities and Exchange Commission,,https://www.sec.gov/Archives/edgar/data/1308161/000119312519079034/d721340d8k.htm,New Fox Class A shares were distributed under FOXA; the old FOXA shares became TFCFA.,approved
SRC-20190319-FOX-FOXA-TFCF-T-D7B825544D,EVT-20190319-FOX-FOXA-TFCF-TFCFA-FOX-FOXA-TFCF-TFCFA-STOCK-EXCHANGE,primary,U.S. Securities and Exchange Commission,,https://www.sec.gov/Archives/edgar/data/1308161/000119312519079034/d721340d8k.htm,New Fox Class B shares were distributed under the FOX ticker; the old FOX shares became TFCF.,approved
SRC-20190320-TFCF-FOX-CASH-A-4A7920C693,EVT-20190320-TFCF-FOX-CASH-AND-STOCK,primary,The Walt Disney Company,2019-03-18,https://investors.thewaltdisneycompany.com/news/news-details/2019/21st-Century-Fox-and-Disney-Announce-Distribution-Adjustment-Multiple-in-Connection-with-Acquisition-and-Effect-on-Outstanding-Shares-03-18-2019/default.aspx,Each original pre-distribution TFCF share received one-third of a FOX share plus a $38 cash-equivalent acquisition value.,approved
SRC-20190320-TFCF-FOX-CASH-A-73BF75B419,EVT-20190320-TFCF-FOX-CASH-AND-STOCK,terms,The Walt Disney Company,2019-03-19,https://investors.thewaltdisneycompany.com/files/doc_news/Disney-and-21st-Century-Fox-Announce-per-Share-Value-in-Connection-with-71-Billion-Acquisition-03-19-2019-2019.pdf,Each original pre-distribution TFCF share received one-third of a FOX share plus a $38 cash-equivalent acquisition value.,approved
SRC-20190320-TFCFA-FOXA-CASH-A1ACC9F3AC,EVT-20190320-TFCFA-FOXA-CASH-AND-STOCK,terms,The Walt Disney Company,2019-03-19,https://investors.thewaltdisneycompany.com/files/doc_news/Disney-and-21st-Century-Fox-Announce-per-Share-Value-in-Connection-with-71-Billion-Acquisition-03-19-2019-2019.pdf,Each original pre-distribution TFCFA share received one-third of a FOXA share plus a $38 cash-equivalent acquisition value.,approved
SRC-20190320-TFCFA-FOXA-CASH-D3C2353F8A,EVT-20190320-TFCFA-FOXA-CASH-AND-STOCK,primary,The Walt Disney Company,2019-03-18,https://investors.thewaltdisneycompany.com/news/news-details/2019/21st-Century-Fox-and-Disney-Announce-Distribution-Adjustment-Multiple-in-Connection-with-Acquisition-and-Effect-on-Outstanding-Shares-03-18-2019/default.aspx,Each original pre-distribution TFCFA share received one-third of a FOXA share plus a $38 cash-equivalent acquisition value.,approved
SRC-20190402-DWDP-DOW-DISTRI-0E5209596B,EVT-20190402-DWDP-DOW-DISTRIBUTION,primary,U.S. Securities and Exchange Commission,,https://www.sec.gov/Archives/edgar/data/1666700/000119312519163322/d715311dex991.htm,DowDuPont distributed one Dow share for every three DowDuPont shares.,approved
SRC-20190603-DWDP-DD-STOCK-E-BFFC3F80DB,EVT-20190603-DWDP-DD-STOCK-EXCHANGE,primary,U.S. Securities and Exchange Commission,,https://www.sec.gov/Archives/edgar/data/1666700/000119312519163322/d715311dex991.htm,DowDuPont completed a one-for-three reverse split and became DuPont under DD.,approved
SRC-20190629-HRS-LHX-IDENTIT-3B8D735CCD,EVT-20190629-HRS-LHX-IDENTITY-CONTINUITY,primary,U.S. Securities and Exchange Commission,,https://www.sec.gov/Archives/edgar/data/202058/000114036119012139/form8k.htm,Harris survived and became L3Harris; L3 holders received 1.30 L3Harris shares per share.,approved
SRC-20190731-ESV-VAL-IDENTIT-1CCF88EC75,EVT-20190731-ESV-VAL-IDENTITY-CONTINUITY,primary,U.S. Securities and Exchange Commission,,https://www.sec.gov/Archives/edgar/data/314808/000031480819000134/form8k_item801namechange.htm,"ESV first changed to VAL; those shares later moved to OTC as VALPQ on August 19, 2020 and were canceled April 30, 2021.",approved
SRC-20190809-TMK-GL-IDENTITY-D0B99DE0DD,EVT-20190809-TMK-GL-IDENTITY-CONTINUITY,primary,U.S. Securities and Exchange Commission,,https://www.sec.gov/Archives/edgar/data/320335/000032033519000034/gl201910-qq2document.htm,The same issuer and common shares continued under the Globe Life name and GL ticker.,approved
SRC-20191018-BHGE-BKR-IDENTI-83E62E9C61,EVT-20191018-BHGE-BKR-IDENTITY-CONTINUITY,primary,U.S. Securities and Exchange Commission,,https://www.sec.gov/Archives/edgar/data/1701605/000170160520000019/fiscalyear2019form10-k.htm,Same issuer and common shares continued under the Baker Hughes name and BKR ticker.,approved
SRC-20191105-HCP-PEAK-IDENTI-DC9B141FD4,EVT-20191105-HCP-PEAK-IDENTITY-CONTINUITY,primary,U.S. Securities and Exchange Commission,,https://www.sec.gov/Archives/edgar/data/765880/000076588019000006/form8-kxnamechangeandp.htm,The same issuer and common shares continued under the Healthpeak name and PEAK ticker.,approved
SRC-20191105-SYMC-NLOK-IDENT-3508B3E179,EVT-20191105-SYMC-NLOK-IDENTITY-CONTINUITY,primary,U.S. Securities and Exchange Commission,,https://www.sec.gov/Archives/edgar/data/849399/000110465919059239/tm1921662d1_ex99-01.htm,"After the enterprise-business sale, the remaining issuer became NortonLifeLock and its shares traded as NLOK.",approved
SRC-20191204-CBS-VIAC-IDENTI-98D9A44452,EVT-20191204-CBS-VIAC-IDENTITY-CONTINUITY,primary,U.S. Securities and Exchange Commission,,https://www.sec.gov/Archives/edgar/data/813828/000081382820000013/a2019k.htm,CBS survived as ViacomCBS; each Viacom share converted into 0.59625 ViacomCBS Class B shares.,approved
SRC-20191206-BBT-TFC-IDENTIT-C20C74B458,EVT-20191206-BBT-TFC-IDENTITY-CONTINUITY,primary,U.S. Securities and Exchange Commission,,https://www.sec.gov/Archives/edgar/data/92230/000119312519309481/d845019d424b3.htm,BB&T survived and its shares remained outstanding; SunTrust shares converted at 1.295 Truist shares per share.,approved
SRC-20191210-JEC-J-IDENTITY--D7797CCE73,EVT-20191210-JEC-J-IDENTITY-CONTINUITY,primary,U.S. Securities and Exchange Commission,,https://www.sec.gov/Archives/edgar/data/52988/000005298819000066/tickerchangeandcnbcrel.htm,The same Jacobs common shares continued under the J ticker.,approved
SRC-20200229-GDI-IR-STOCK-EX-19A3C09D1C,EVT-20200229-GDI-IR-STOCK-EXCHANGE,primary,U.S. Securities and Exchange Commission,,https://www.sec.gov/Archives/edgar/data/1699150/000114036120008874/ex99_1.htm,Gardner Denver combined with the industrial segment and became the new Ingersoll Rand under IR.,approved
SRC-20200229-IR-TT-IDENTITY--CF38B83471,EVT-20200229-IR-TT-IDENTITY-CONTINUITY,primary,U.S. Securities and Exchange Commission,,https://www.sec.gov/Archives/edgar/data/1466258/000114036120004470/nc10009348x1_ex99-1.htm,The legacy Ingersoll Rand climate issuer became Trane Technologies and continued under TT.,approved
SRC-20200401-ARNC-HWM-DISTRI-1590BE9475,EVT-20200401-ARNC-HWM-DISTRIBUTION,primary,U.S. Securities and Exchange Commission,,https://www.sec.gov/Archives/edgar/data/4281/000110465921050299/tm219211-2_def14a.htm,Old Arconic became Howmet; holders retained those shares and received one Arconic Corporation share per four old Arconic shares.,approved
SRC-20200403-UTX-RTX-DISTRIB-32054F05E4,EVT-20200403-UTX-RTX-DISTRIBUTION,supplemental,U.S. Securities and Exchange Commission,2020-04-03,https://www.sec.gov/Archives/edgar/data/101829/000114036120008397/nc10010681x2_8k.htm,Each UTX share continued as one RTX share and received one Carrier share plus one-half Otis share.,approved
SRC-20200403-UTX-RTX-DISTRIB-C38BE47F11,EVT-20200403-UTX-RTX-DISTRIBUTION,primary,U.S. Securities and Exchange Commission,2020-04-03,https://www.sec.gov/Archives/edgar/data/101829/000114036120008397/nc10010681x2_8k.htm,Carrier and Otis were separated; Raytheon holders received 2.3348 UTX shares and UTX became RTX.,approved
SRC-20200428-DO-DOFSQ-OTC-TR-E750877075,EVT-20200428-DO-DOFSQ-OTC-TRANSITION,primary,U.S. Securities and Exchange Commission,,https://www.sec.gov/Archives/edgar/data/949039/000119312520137534/d927738d8k.htm,"Existing prepetition common shares moved to OTC as DOFSQ and were canceled April 23, 2021.",approved
SRC-20200429-FTR-FTRCQ-OTC-T-141E706083,EVT-20200429-FTR-FTRCQ-OTC-TRANSITION,primary,U.S. Securities and Exchange Commission,,https://www.sec.gov/Archives/edgar/data/20520/000114036120011774/ex99_2.htm,"Existing prepetition common shares moved to OTC as FTRCQ and were canceled April 30, 2021.",approved
SRC-20200630-CHK-CHKAQ-OTC-T-54C84D24FB,EVT-20200630-CHK-CHKAQ-OTC-TRANSITION,primary,U.S. Securities and Exchange Commission,,https://www.sec.gov/Archives/edgar/data/895126/000089512620000138/chk-2020063010q.htm,"Existing prepetition common shares moved to OTC as CHKAQ and were canceled on February 9, 2021.",approved
SRC-20200731-DNR-DNRCQ-OTC-T-2D618E8B2D,EVT-20200731-DNR-DNRCQ-OTC-TRANSITION,primary,U.S. Securities and Exchange Commission,,https://www.sec.gov/Archives/edgar/data/945764/000094576420000071/dnr-20200731x8k.htm,"Existing prepetition common shares moved to OTC as DNRCQ and were canceled September 18, 2020.",approved
SRC-20200804-NE-NEBLQ-OTC-TR-C873B2DE7A,EVT-20200804-NE-NEBLQ-OTC-TRANSITION,primary,U.S. Securities and Exchange Commission,,https://www.sec.gov/Archives/edgar/data/1169055/000162828020015643/q3202010-qdocument.htm,"Existing prepetition common shares moved to OTC as NEBLQ and were canceled February 5, 2021.",approved
SRC-20200918-CTL-LUMN-IDENTI-02A3E12982,EVT-20200918-CTL-LUMN-IDENTITY-CONTINUITY,primary,Lumen Technologies,,https://ir.lumen.com/news/news-details/2020/CenturyLink-Transforms-Rebrands-as-Lumen/default.aspx,Same issuer and common shares continued under the Lumen name and LUMN ticker.,approved
SRC-20200918-DNRCQ-CANCELLAT-552DF2E8C7,EVT-20200918-DNRCQ-CANCELLATION,primary,U.S. Securities and Exchange Commission,,https://www.sec.gov/Archives/edgar/data/945764/000094576420000071/dnr-20200731x8k.htm,"Existing prepetition common shares moved to OTC as DNRCQ and were canceled September 18, 2020.",approved
SRC-20200921-WINMQ-CANCELLAT-BE52DB1E78,EVT-20200921-WINMQ-CANCELLATION,primary,U.S. Securities and Exchange Commission,,https://www.sec.gov/Archives/edgar/data/1282266/000128226619000019/a201810k.htm,"Existing prepetition common shares moved to OTC as WINMQ and were canceled September 21, 2020.",approved
SRC-20201013-MNK-MNKKQ-OTC-T-D6959D9779,EVT-20201013-MNK-MNKKQ-OTC-TRANSITION,primary,U.S. Securities and Exchange Commission,,https://www.sec.gov/Archives/edgar/data/1567892/000119312521198872/d167792dex991.htm,"Existing prepetition common shares moved to OTC as MNKKQ and were canceled June 16, 2022.",approved
SRC-20201116-MYL-VTRS-STOCK--F9CEF5F259,EVT-20201116-MYL-VTRS-STOCK-EXCHANGE,primary,U.S. Securities and Exchange Commission,,https://www.sec.gov/Archives/edgar/data/1792044/000179204421000009/vtrs-20201231.htm,Each Mylan ordinary share converted one-for-one into Viatris common stock.,approved
SRC-20210205-NEBLQ-CANCELLAT-A25A508763,EVT-20210205-NEBLQ-CANCELLATION,primary,U.S. Securities and Exchange Commission,,https://www.sec.gov/Archives/edgar/data/1169055/000162828020015643/q3202010-qdocument.htm,"Existing prepetition common shares moved to OTC as NEBLQ and were canceled February 5, 2021.",approved
SRC-20210209-CHKAQ-CANCELLAT-EDD72E52BA,EVT-20210209-CHKAQ-CANCELLATION,primary,U.S. Securities and Exchange Commission,,https://www.sec.gov/Archives/edgar/data/895126/000089512620000138/chk-2020063010q.htm,"Existing prepetition common shares moved to OTC as CHKAQ and were canceled on February 9, 2021.",approved
SRC-20210217-WYND-TNL-IDENTI-042778F1EC,EVT-20210217-WYND-TNL-IDENTITY-CONTINUITY,primary,U.S. Securities and Exchange Commission,,https://www.sec.gov/Archives/edgar/data/1361658/000136165822000013/wyn-20211231.htm,The same issuer and common shares continued under the Travel + Leisure name and TNL ticker.,approved
SRC-20210423-DOFSQ-CANCELLAT-5DBF601B35,EVT-20210423-DOFSQ-CANCELLATION,primary,U.S. Securities and Exchange Commission,,https://www.sec.gov/Archives/edgar/data/949039/000119312520137534/d927738d8k.htm,"Existing prepetition common shares moved to OTC as DOFSQ and were canceled April 23, 2021.",approved
SRC-20210430-FTRCQ-CANCELLAT-B8320F181D,EVT-20210430-FTRCQ-CANCELLATION,primary,U.S. Securities and Exchange Commission,,https://www.sec.gov/Archives/edgar/data/20520/000114036120011774/ex99_2.htm,"Existing prepetition common shares moved to OTC as FTRCQ and were canceled April 30, 2021.",approved
SRC-20210803-LB-BBWI-DISTRIB-00D1F2F083,EVT-20210803-LB-BBWI-DISTRIBUTION,primary,U.S. Securities and Exchange Commission,,https://www.sec.gov/Archives/edgar/data/701985/000114036121026658/nt10026698x7_8k.htm,Victoria's Secret was distributed at one share per three LB shares; the remaining issuer became BBWI.,approved
SRC-20211001-COG-CTRA-IDENTI-FB8517E5AC,EVT-20211001-COG-CTRA-IDENTITY-CONTINUITY,primary,U.S. Securities and Exchange Commission,,https://www.sec.gov/Archives/edgar/data/858470/000110465921122041/tm2129019d1_8k.htm,Cabot survived and became Coterra; Cimarex holders received 4.0146 Coterra shares per share.,approved
SRC-20220110-WLTW-WTW-IDENTI-61BF00B3B4,EVT-20220110-WLTW-WTW-IDENTITY-CONTINUITY,primary,U.S. Securities and Exchange Commission,,https://www.sec.gov/Archives/edgar/data/1140536/000119312522004045/d267396d8k.htm,The same Willis Towers Watson shares and CUSIP continued under WTW.,approved
SRC-20220217-VIAC-PARA-IDENT-5F2932285C,EVT-20220217-VIAC-PARA-IDENTITY-CONTINUITY,primary,U.S. Securities and Exchange Commission,,https://www.sec.gov/Archives/edgar/data/813828/000081382822000011/viac-20220216.htm,The same ViacomCBS common shares continued under the Paramount name and PARA ticker.,approved
SRC-20220228-INFO-SPGI-STOCK-C6C1E9CC63,EVT-20220228-INFO-SPGI-STOCK-EXCHANGE,primary,U.S. Securities and Exchange Commission,2022-02-28,https://www.sec.gov/Archives/edgar/data/1598014/000119312522056012/d315930d8k.htm,"Each INFO share converted into exactly 0.2838 SPGI shares when IHS Markit was acquired before market open on February 28, 2022.",approved
SRC-20220314-HFC-DINO-STOCK--B8F143DD6B,EVT-20220314-HFC-DINO-STOCK-EXCHANGE,primary,U.S. Securities and Exchange Commission,,https://www.sec.gov/Archives/edgar/data/48039/000119312522077293/d260898d8k.htm,Each HFC share converted one-for-one into HF Sinclair common stock; DINO trading began March 15.,approved
SRC-20220401-PBCT-MTB-STOCK--2916AAF3C5,EVT-20220401-PBCT-MTB-STOCK-EXCHANGE,primary,U.S. Securities and Exchange Commission,2022-04-01,https://www.sec.gov/Archives/edgar/data/1378946/000119312522094315/d304251d8k.htm,"Each PBCT share converted into exactly 0.118 MTB shares when People's United Financial merged into M&T on April 1, 2022.",approved
SRC-20220404-ADS-BFH-IDENTIT-AEB5A99F3C,EVT-20220404-ADS-BFH-IDENTITY-CONTINUITY,primary,U.S. Securities and Exchange Commission,,https://www.sec.gov/Archives/edgar/data/1101215/000110121523000049/bfh-20221231.htm,Same legal entity and common shares; only the corporate name and NYSE ticker changed.,approved
SRC-20220411-DISCA-WBD-STOCK-7D6D7A3BF6,EVT-20220411-DISCA-WBD-STOCK-EXCHANGE,primary,U.S. Securities and Exchange Commission,,https://www.sec.gov/Archives/edgar/data/1437107/000119312522103051/d328161d8k.htm,Each Discovery share was reclassified into the corresponding class of WBD share.,approved
SRC-20220510-BLL-BALL-IDENTI-6B87CEA6CD,EVT-20220510-BLL-BALL-IDENTITY-CONTINUITY,primary,U.S. Securities and Exchange Commission,,https://www.sec.gov/Archives/edgar/data/9389/000000938922000010/bll-20220427x8k.htm,Same Ball common shares continued under the expanded BALL ticker.,approved
SRC-20220609-FB-META-IDENTIT-44BD8BC22A,EVT-20220609-FB-META-IDENTITY-CONTINUITY,primary,U.S. Securities and Exchange Commission,,https://www.sec.gov/Archives/edgar/data/1326801/000132680122000070/may312022-exhibit991.htm,The same Class A common shares and CUSIP continued under the META ticker.,approved
SRC-20220616-MNKKQ-CANCELLAT-8B3168FFA9,EVT-20220616-MNKKQ-CANCELLATION,primary,U.S. Securities and Exchange Commission,,https://www.sec.gov/Archives/edgar/data/1567892/000119312521198872/d167792dex991.htm,"Existing prepetition common shares moved to OTC as MNKKQ and were canceled June 16, 2022.",approved
SRC-20220628-ANTM-ELV-IDENTI-7C90F83E03,EVT-20220628-ANTM-ELV-IDENTITY-CONTINUITY,primary,U.S. Securities and Exchange Commission,,https://www.sec.gov/Archives/edgar/data/1156039/000115603922000081/elv-20220630.htm,Same issuer and common shares continued under the Elevance Health name and ELV ticker.,approved
SRC-20220826-ENDP-ENDPQ-OTC--A60BA6001F,EVT-20220826-ENDP-ENDPQ-OTC-TRANSITION,primary,U.S. Securities and Exchange Commission,,https://www.sec.gov/Archives/edgar/data/1593034/000159303423000007/endp-20221231.htm,"Existing prepetition common shares moved to OTC as ENDPQ and were canceled April 23, 2024.",approved
SRC-20220930-CTXS-CASH-ACQUI-53F80C14EF,EVT-20220930-CTXS-CASH-ACQUISITION,primary,U.S. Securities and Exchange Commission,2022-09-30,https://www.sec.gov/Archives/edgar/data/877890/000119312522256805/d393433d8k.htm,"Each CTXS share was cancelled and converted into the right to receive $104 cash when the acquisition closed on September 30, 2022.",approved
SRC-20221003-DRE-PLD-STOCK-E-D473383C6A,EVT-20221003-DRE-PLD-STOCK-EXCHANGE,primary,U.S. Securities and Exchange Commission,2022-10-03,https://www.sec.gov/Archives/edgar/data/1045609/000110465922105238/tm2227221d1_8k.htm,"Each DRE share converted into exactly 0.475 PLD shares when Duke Realty merged into Prologis on October 3, 2022.",approved
SRC-20221027-TWTR-CASH-ACQUI-FA98A0CB59,EVT-20221027-TWTR-CASH-ACQUISITION,primary,U.S. Securities and Exchange Commission,2022-10-27,https://www.sec.gov/Archives/edgar/data/1418091/000119312522272772/d411753d8k.htm,"Each TWTR share was cancelled and converted into the right to receive $54.20 cash when the acquisition closed on October 27, 2022.",approved
SRC-20221108-NLOK-GEN-IDENTI-56369A4BEB,EVT-20221108-NLOK-GEN-IDENTITY-CONTINUITY,primary,U.S. Securities and Exchange Commission,,https://www.sec.gov/Archives/edgar/data/849399/000110465922115277/tm2229813d1_ex99-01.htm,The remaining issuer became Gen Digital and the same shares began trading as GEN after the Avast combination.,approved
SRC-20221215-FBHS-FBIN-DISTR-FFD0BDE9E0,EVT-20221215-FBHS-FBIN-DISTRIBUTION,primary,U.S. Securities and Exchange Commission,,https://www.sec.gov/Archives/edgar/data/1519751/000095017022025618/fbhs-ex99_2.htm,MasterBrand was distributed one-for-one; the remaining issuer became Fortune Brands Innovations and began FBIN trading.,approved
SRC-20230328-SIVB-SIVBQ-OTC--9DCECC41B1,EVT-20230328-SIVB-SIVBQ-OTC-TRANSITION,primary,U.S. Securities and Exchange Commission,,https://www.sec.gov/Archives/edgar/data/719739/000119312523073665/d485308d8k.htm,"Existing common shares were suspended and later quoted as SIVBQ before cancellation November 7, 2024.",approved
SRC-20230503-BBBY-BBBYQ-OTC--AA9B7AEC65,EVT-20230503-BBBY-BBBYQ-OTC-TRANSITION,primary,U.S. Securities and Exchange Commission,,https://www.sec.gov/Archives/edgar/data/886158/000088615823000059/bbby-20230225.htm,Existing common shares were suspended on Nasdaq and quoted on OTC Pink as BBBYQ before later cancellation.,approved
SRC-20230503-FRC-FRCB-OTC-TR-FD36AAA699,EVT-20230503-FRC-FRCB-OTC-TRANSITION,primary,The Options Clearing Corporation,,https://infomemo.theocc.com/infomemos?number=52352,The same 100-share deliverable and CUSIP 33616C100 continued under OTC symbol FRCB.,approved
SRC-20230516-PKI-RVTY-IDENTI-C4C92B4716,EVT-20230516-PKI-RVTY-IDENTITY-CONTINUITY,primary,U.S. Securities and Exchange Commission,,https://www.sec.gov/Archives/edgar/data/31791/000003179124000004/R14.htm,The same issuer and common shares continued under the Revvity name and RVTY ticker.,approved
SRC-20230607-FISV-FI-IDENTIT-21B0C4CFBC,EVT-20230607-FISV-FI-IDENTITY-CONTINUITY,primary,U.S. Securities and Exchange Commission,,https://www.sec.gov/Archives/edgar/data/798354/000119312523154199/d470900d8k.htm,The same Fiserv common shares continued under the FI ticker.,approved
SRC-20230710-RE-EG-IDENTITY--CE963E0993,EVT-20230710-RE-EG-IDENTITY-CONTINUITY,primary,U.S. Securities and Exchange Commission,,https://www.sec.gov/Archives/edgar/data/1095073/000109507324000009/eg-20231231.htm,The same Everest common shares continued under the EG ticker.,approved
SRC-20230830-ABC-COR-IDENTIT-9AC06E179C,EVT-20230830-ABC-COR-IDENTITY-CONTINUITY,primary,U.S. Securities and Exchange Commission,,https://www.sec.gov/Archives/edgar/data/1140859/000114085923000197/cor-20230930.htm,Same issuer and common shares continued under the new name or ticker; no share exchange ratio applied.,approved
SRC-20240201-CDAY-DAY-IDENTI-69903F856D,EVT-20240201-CDAY-DAY-IDENTITY-CONTINUITY,primary,U.S. Securities and Exchange Commission,,https://www.sec.gov/Archives/edgar/data/1725057/000095017024009619/day-20240131.htm,Same legal entity and holder rights continued under the Dayforce name and DAY ticker.,approved
SRC-20240301-PEAK-DOC-IDENTI-8CC90A1ADA,EVT-20240301-PEAK-DOC-IDENTITY-CONTINUITY,primary,U.S. Securities and Exchange Commission,,https://www.sec.gov/Archives/edgar/data/765880/000162828025003748/peak-20241231.htm,Physicians Realty holders received 0.674 Healthpeak shares; surviving Healthpeak began DOC trading March 4.,approved
SRC-20240325-FLT-CPAY-IDENTI-9ED4865BBC,EVT-20240325-FLT-CPAY-IDENTITY-CONTINUITY,primary,U.S. Securities and Exchange Commission,,https://www.sec.gov/Archives/edgar/data/1175454/000162828024010593/exhibit991corpayrebrand_re.htm,The same issuer and common shares continued under the Corpay name and CPAY ticker.,approved
SRC-20240423-ENDPQ-CANCELLAT-4FEF01201C,EVT-20240423-ENDPQ-CANCELLATION,primary,U.S. Securities and Exchange Commission,,https://www.sec.gov/Archives/edgar/data/1593034/000159303423000007/endp-20221231.htm,"Existing prepetition common shares moved to OTC as ENDPQ and were canceled April 23, 2024.",approved
SRC-20240822-GPS-GAP-IDENTIT-F8EF22B0D2,EVT-20240822-GPS-GAP-IDENTITY-CONTINUITY,primary,U.S. Securities and Exchange Commission,,https://www.sec.gov/Archives/edgar/data/39911/000003991125000029/gap-20250201.htm,The same Gap common shares continued under the GAP ticker.,approved
SRC-20241107-SIVBQ-CANCELLAT-E5EC98E808,EVT-20241107-SIVBQ-CANCELLATION,primary,U.S. Securities and Exchange Commission,,https://www.sec.gov/Archives/edgar/data/719739/000119312523073665/d485308d8k.htm,"Existing common shares were suspended and later quoted as SIVBQ before cancellation November 7, 2024.",approved
SRC-20250718-HES-CVX-STOCK--3B81411534,EVT-20250718-HES-CVX-STOCK-EXCHANGE,primary,U.S. Securities and Exchange Commission,2025-07-18,https://www.sec.gov/Archives/edgar/data/4447/000095014225001950/eh250651090_8k.htm,"Each outstanding Hess common share converted into 1.025 Chevron common shares when the merger closed on July 18, 2025.",approved
SRC-20250807-PARA-PSKY-STOCK-17E9F43203,EVT-20250807-PARA-PSKY-STOCK-EXCHANGE,primary,U.S. Securities and Exchange Commission,2025-08-07,https://www.sec.gov/Archives/edgar/data/2041610/000119312525175046/d841914d8k12b.htm,Paramount Class B shares for which neither a cash nor stock election was made remained issued and outstanding one-for-one as Paramount Skydance Class B shares; only cash elections were prorated.,approved
SRC-20260114-MMC-MRSH-IDENTI-114F07582A,EVT-20260114-MMC-MRSH-IDENTITY-CONTINUITY,primary,Marsh McLennan,,https://www.corporate.marsh.com/news-events/2025/december/marsh-mclennan-to-change-nyse-symbol-to-mrsh.html,"The same issuer, legal name, common shares, and CUSIP continued under MRSH.",approved
SRC-20260204-DAY-CASH-ACQUIS-C1533CB3F0,EVT-20260204-DAY-CASH-ACQUISITION,primary,Dayforce,2026-02-04,https://www.dayforce.com/ca/who-we-are/newsroom/thoma-bravo-completes-acquisition-of-dayforce,"Each DAY share converted into $70 cash when the acquisition closed and DAY ceased trading on February 4, 2026.",approved
SRC-20260407-HOLX-CASH-CVR-A-1D432DC26C,EVT-20260407-HOLX-CASH-CVR-ACQUISITION,terms,U.S. Securities and Exchange Commission,2026-04-07,https://www.sec.gov/Archives/edgar/data/859737/000119312526144632/d135035dex101.htm,Each HOLX share also received one non-tradable CVR with zero base value and contractual payments capped at $3 per CVR.,approved
SRC-20260407-HOLX-CASH-CVR-A-2BF75A3C94,EVT-20260407-HOLX-CASH-CVR-ACQUISITION,primary,U.S. Securities and Exchange Commission,2026-04-07,https://www.sec.gov/Archives/edgar/data/859737/000119312526144632/d135035d8k.htm,"Each HOLX share converted into $76 cash when the acquisition closed on April 7, 2026.",approved
SRC-20260507-CTRA-DVN-STOCK--54569D78F3,EVT-20260507-CTRA-DVN-STOCK-EXCHANGE,primary,U.S. Securities and Exchange Commission,2026-05-07,https://www.sec.gov/Archives/edgar/data/858470/000110465926057278/tm2613882d1_8k.htm,"Each CTRA share converted into exactly 0.70 DVN shares when CTRA ceased trading before market open on May 7, 2026.",approved
SRC-20260521-BK-BNY-TICKER-C-02912D301B,EVT-20260521-BK-BNY-TICKER-CHANGE,primary,BNY,2026-05-11,https://www.bny.com/corporate/global/en/about-us/newsroom/press-release/bny-announces-planned-change-of-stock-ticker-symbol-to-bny-130465.html,"The same BNY common stock continued from ticker BK to BNY; the legal name, CUSIP, and shareholder rights did not change.",approved
SRC-20260624-SATS-ECHO-TICKE-7FFE9471C6,EVT-20260624-SATS-ECHO-TICKER-CHANGE,primary,EchoStar,2026-06-22,https://ir.echostar.com/news-releases/news-release-details/echostar-changing-stocker-ticker-sats-echo-marking-companys-next,"The same EchoStar common stock continued from ticker SATS to ECHO; the CUSIP, legal name, capital structure, and securityholder rights did not change.",approved
SRC-20140430-BEAM-CASH-PRIMARY,EVT-20140430-BEAM-CASH-ACQUISITION,primary,U.S. Securities and Exchange Commission,2014-04-22,https://www.sec.gov/Archives/edgar/data/789073/000119312514151674/d714916dex991.htm,Beam expected the transaction to close April 30 and each common share to convert into the right to receive $83.50 cash; NYSE trading would cease at the end of that day.,approved
SRC-20140506-LSI-CASH-PRIMARY,EVT-20140506-LSI-CASH-ACQUISITION,primary,U.S. Securities and Exchange Commission,2014-05-06,https://www.sec.gov/Archives/edgar/data/1441634/000119312514185146/d722887dex991.htm,Avago completed its acquisition of LSI Corporation on May 6 2014 for $11.15 per share in an all-cash transaction.,approved
SRC-20140224-LSI-IDENTITY-SUPPLEMENTAL,EVT-20140506-LSI-CASH-ACQUISITION,supplemental,U.S. Securities and Exchange Commission,2014-02-24,https://www.sec.gov/Archives/edgar/data/703360/000119312514069522/d628854d10k.htm,LSI Corporation reported that its common stock traded on the NASDAQ Global Select Market under stock symbol LSI.,approved
SRC-20140701-FRX-ACT-PRIMARY,EVT-20140701-FRX-ACT-CASH-AND-STOCK,primary,U.S. Securities and Exchange Commission,2014-07-01,https://www.sec.gov/Archives/edgar/data/1578845/000119312514259548/d750228d8k.htm,Forest shares for which no election was made were deemed to elect the standard consideration of $26.04 cash plus 0.3306 Actavis ordinary shares per Forest share.,approved
SRC-20151211-CMCSK-CMCSA-PRIMARY,EVT-20151211-CMCSK-CMCSA-IDENTITY-CONTINUITY,primary,U.S. Securities and Exchange Commission,2015-12-11,https://www.sec.gov/Archives/edgar/data/1166691/000095010315009516/dp61838_8k.htm,Each issued Class A Special share was reclassified into one Class A share at the December 11 close with no impact on holders' economic equity interest.,approved
SRC-20160129-PCP-CASH-PRIMARY,EVT-20160129-PCP-CASH-ACQUISITION,primary,U.S. Securities and Exchange Commission,2016-01-29,https://www.sec.gov/Archives/edgar/data/79958/000007995816000125/pcp12920168-k.htm,Each Precision Castparts common share converted into the right to receive $235.00 cash without interest when the merger completed January 29 2016.,approved
SRC-20140501-SLM-NAVI-PRIMARY,EVT-20140501-SLM-NAVI-DISTRIBUTION,primary,U.S. Securities and Exchange Commission,,https://www.sec.gov/Archives/edgar/data/1032033/000119312514180442/d719399d8k.htm,The Navient spin-off completed April 30 2014 after close through a one-to-one distribution to SLM shareholders; the accounting date is May 1 so the April-May boundary consumes it once.,approved
SRC-20240401-MMM-SOLV-PRIMARY,EVT-20240401-MMM-SOLV-DISTRIBUTION,primary,U.S. Securities and Exchange Commission,2024-03-13,https://www.sec.gov/Archives/edgar/data/1964738/000162828024010988/exhibit991-8xk.htm,For every four 3M shares held shareholders received one Solventum share in the distribution expected at 03:30 Eastern Time on April 1 2024 while 3M continued trading as MMM.,approved
SRC-20240927-J-AMTM-PRIMARY,EVT-20240927-J-AMTM-DISTRIBUTION,primary,U.S. Securities and Exchange Commission,,https://www.sec.gov/Archives/edgar/data/52988/000119312524219294/d876828dex991.htm,Jacobs holders received one Amentum share per Jacobs share; distribution and merger completed September 27 and regular-way AMTM trading began September 30 2024.,approved
SRC-20250221-WDC-SNDK-PRIMARY,EVT-20250221-WDC-SNDK-DISTRIBUTION,primary,U.S. Securities and Exchange Commission,,https://www.sec.gov/Archives/edgar/data/2023554/000202355425000034/sndk-20250627.htm,Western Digital distributed one-third of a Sandisk share per WDC share when the separation completed February 21; independent SNDK trading began February 24 2025.,approved
SRC-20251030-HON-SOLS-PRIMARY,EVT-20251030-HON-SOLS-DISTRIBUTION,primary,U.S. Securities and Exchange Commission,,https://www.sec.gov/Archives/edgar/data/2064953/000206495325000018/sols-20250930.htm,Honeywell holders received one Solstice share for every four Honeywell shares when the distribution completed and regular-way SOLS trading began October 30 2025.,approved
SRC-20160201-BRCM-AVGO-PRIMARY,EVT-20160201-BRCM-AVGO-CASH-AND-STOCK,primary,U.S. Securities and Exchange Commission,2016-02-01,https://www.sec.gov/Archives/edgar/data/1649338/000164933816000019/avgo-01312016x10q.htm,Cash-electing Broadcom holders received approximately $51.4829 cash plus 0.0242 legal Broadcom Limited ordinary shares per BRCM share after final proration.,approved
SRC-20160201-BRCM-AVGO-ELECTION,EVT-20160201-BRCM-AVGO-CASH-AND-STOCK,terms,Broadcom,2016-01-25,https://investors.broadcom.com/news-releases/news-release-details/avago-technologies-and-broadcom-announce-preliminary-election,Broadcom shares traded after the January 25 election cutoff only without an election and were deemed cash-electing at closing; BRCM last traded January 29 and the successor AVGO began February 1.,approved
SRC-20240712-AVGO-TEN-FOR-ONE,EVT-20160201-BRCM-AVGO-CASH-AND-STOCK,supplemental,Broadcom,2024-07-12,https://investors.broadcom.com/static-files/5b6d75ad-3f6f-4e5d-a2d6-cf9a517ab9f3,Broadcom completed a ten-for-one forward split and retroactively adjusted share and per-share amounts; the supplied Reuters AVGO history is in those split-normalized units.,approved
SRC-20250828-WBA-DAP-PRIMARY,EVT-20250828-WBA-CASH-DAP-ACQUISITION,primary,U.S. Securities and Exchange Commission,2025-08-28,https://www.sec.gov/Archives/edgar/data/1618921/000119312525190603/d87240dex991.htm,The acquisition closed August 28 2025; each WBA share received $11.45 cash plus one nontransferable right to receive up to an additional $3.00 and WBA common stock ceased trading.,approved
SRC-20250228-WBA-DAP-VALUATION,EVT-20250828-WBA-CASH-DAP-ACQUISITION,supplemental,U.S. Securities and Exchange Commission,2025-02-28,https://www.sec.gov/Archives/edgar/data/1618921/000119312525135574/d946494dex99c13.htm,The DAP right was nontransferable and capped at $3.00; disclosed valuation materials contained illustrative positive scenarios but did not establish a realized value by the backtest endpoint.,approved
SRC-20140501-SLM-NAVI-YAHOO-NORMALIZATION,EVT-20140501-SLM-NAVI-DISTRIBUTION,supplemental,Yahoo Finance,2014-05-01,https://finance.yahoo.com/quote/SLM/history/,Yahoo unadjusted action data records a Stock Splits factor of exactly 2.798 for SLM on 2014-05-01; executable parent and child quantities are legal ratios divided by that denominator.,approved
SRC-20240401-MMM-SOLV-YAHOO-NORMALIZATION,EVT-20240401-MMM-SOLV-DISTRIBUTION,supplemental,Yahoo Finance,2024-04-01,https://finance.yahoo.com/quote/MMM/history/,Yahoo unadjusted action data records a Stock Splits factor of exactly 1.196 for MMM on 2024-04-01; executable parent and child quantities are legal ratios divided by that denominator.,approved
SRC-20240927-J-AMTM-YAHOO-NORMALIZATION,EVT-20240927-J-AMTM-DISTRIBUTION,supplemental,Yahoo Finance,2024-09-30,https://finance.yahoo.com/quote/J/history/,Yahoo unadjusted action data records a Stock Splits factor of exactly 1.197 for J on 2024-09-30; executable parent and child quantities are legal ratios divided by that denominator.,approved
SRC-20250221-WDC-SNDK-YAHOO-NORMALIZATION,EVT-20250221-WDC-SNDK-DISTRIBUTION,supplemental,Yahoo Finance,2025-02-24,https://finance.yahoo.com/quote/WDC/history/,Yahoo unadjusted action data records a Stock Splits factor of exactly 1.323 for WDC on 2025-02-24; executable parent and child quantities are legal ratios divided by that denominator.,approved
SRC-20251030-HON-SOLS-YAHOO-NORMALIZATION,EVT-20251030-HON-SOLS-DISTRIBUTION,supplemental,Yahoo Finance,2025-10-30,https://finance.yahoo.com/quote/HON/history/,Yahoo unadjusted action data records a Stock Splits factor of exactly 1.061 for HON on 2025-10-30; executable parent and child quantities are legal ratios divided by that denominator.,approved
SRC-20260818-EQR-VMRK-SEC-8K,EVT-20260818-EQR-VMRK-TICKER-CHANGE,primary,Vivmark Residential (SEC filing),2026-08-17,https://www.sec.gov/Archives/edgar/data/906107/000114036126033377/ef20080318_8k.htm,Equity Residential common shares continue as Vivmark common shares; certificates remain valid without exchange. NYSE ticker changes to VMRK on 2026-08-18.,approved
SRC-20250717-ANSS-PRIMARY,EVT-20250717-ANSS-SNPS-CASH-AND-STOCK,primary,U.S. Securities and Exchange Commission,2025-07-17,https://www.sec.gov/Archives/edgar/data/883241/000114036125026139/ef20051970_8k.htm,Each ANSS share converted on 2025-07-17 into USD 199.91 plus 0.3399 SNPS shares.,approved
SRC-20250518-DFS-PRIMARY,EVT-20250518-DFS-COF-STOCK-EXCHANGE,primary,U.S. Securities and Exchange Commission,2025-05-18,https://www.sec.gov/Archives/edgar/data/927628/000119312525122059/d934475d8k.htm,Each DFS share converted on 2025-05-18 into 1.0192 COF shares.,approved
SRC-20251126-IPG-PRIMARY,EVT-20251126-IPG-OMC-STOCK-EXCHANGE,primary,U.S. Securities and Exchange Commission,2025-11-26,https://www.sec.gov/Archives/edgar/data/51644/000119312525300704/d89931d8k.htm,Each IPG share converted on 2025-11-26 into 0.344 OMC shares.,approved
SRC-20250702-JNPR-PRIMARY,EVT-20250702-JNPR-CASH-SETTLEMENT,primary,Juniper Networks / SEC,2025-07-14,https://www.sec.gov/Archives/edgar/data/1043604/000114036125025744/ef20051688_1512g.htm,Each JNPR share converted on 2025-07-02 into USD 40.,approved
SRC-20251211-K-PRIMARY,EVT-20251211-K-CASH-SETTLEMENT,primary,U.S. Securities and Exchange Commission,2025-12-11,https://www.sec.gov/Archives/edgar/data/55067/000119312525319185/xslSCHEDULE_13D_X01/primary_doc.xml,Each K share converted on 2025-12-11 into USD 83.50.,approved
SRC-20250831-WBA-FUND-VALUATION,EVT-20250828-WBA-CASH-DAP-ACQUISITION,supplemental,Arbitrage Fund / SEC,2025-10-24,https://www.sec.gov/Archives/edgar/data/1105076/000141036825017337/NPORT_WIX1_11766534_0825.htm,"August 31 2025: 205000 restricted Level 3 rights valued at USD108650, or USD0.53 per right. NPORT-P accession 0001410368-25-017337 accepted 2025-10-24T20:12:58Z. Live August monthly reconstruction only; not cash or a traded quote. GMO independently implies USD0.50.",approved
